DATA,ARS_BRL
2025-07-25,0.0375
2025-07-24,0.03759
2025-07-23,0.03789
2025-07-22,0.03805
2025-07-21,0.03776
2025-07-18,0.03733
2025-07-17,0.03752
2025-07-16,0.03762
2025-07-15,0.03735
2025-07-14,0.03763
2025-07-11,0.03782
2025-07-10,0.03784
2025-07-09,0.03727
2025-07-08,0.03716
2025-07-07,0.03739
2025-07-04,0.03742
2025-07-03,0.03739
2025-07-02,0.03791
2025-07-01,0.03796
2025-06-30,0.03785
2025-06-27,0.03782
2025-06-26,0.0382
2025-06-25,0.03806
2025-06-24,0.03791
2025-06-23,0.03769
2025-06-20,0.03765
2025-06-18,0.03795
2025-06-17,0.03776
2025-06-16,0.03824
2025-06-13,0.03863
2025-06-12,0.03855
2025-06-11,0.03833
2025-06-10,0.03833
2025-06-09,0.03862
2025-06-06,0.0386
2025-06-05,0.03889
2025-06-04,0.03941
2025-06-03,0.03938
2025-06-02,0.03987
2025-05-30,0.03958
2025-05-29,0.03924
2025-05-28,0.03924
2025-05-27,0.03915
2025-05-26,0.03963
2025-05-23,0.03991
2025-05-22,0.03918
2025-05-21,0.03937
2025-05-20,0.03912
2025-05-19,0.03902
2025-05-16,0.03898
2025-05-15,0.03867
2025-05-14,0.03828
2025-05-13,0.03807
2025-05-12,0.03836
2025-05-09,0.03893
2025-05-08,0.03908
2025-05-07,0.03998
2025-05-06,0.04006
2025-05-05,0.03925
2025-05-02,0.03901
2025-04-30,0.03968
2025-04-29,0.03968
2025-04-28,0.03971
2025-04-25,0.03953
2025-04-24,0.03977
2025-04-23,0.03987
2025-04-22,0.0408
2025-04-17,0.04113
2025-04-16,0.04124
2025-04-15,0.04101
2025-04-14,0.04086
2025-04-11,0.0409
2025-04-10,0.04094
2025-04-09,0.04176
2025-04-08,0.04038
2025-04-07,0.03978
2025-04-04,0.03958
2025-04-03,0.03838
2025-04-02,0.03794
2025-04-01,0.03818
2025-03-31,0.0383
2025-03-28,0.03836
2025-03-27,0.03806
2025-03-26,0.03802
2025-03-25,0.03805
2025-03-24,0.03807
2025-03-21,0.03842
2025-03-20,0.03804
2025-03-19,0.03776
2025-03-18,0.03802
2025-03-17,0.03842
2025-03-14,0.03865
2025-03-13,0.03935
2025-03-12,0.03928
2025-03-11,0.03955
2025-03-10,0.03936
2025-03-07,0.03909
2025-03-06,0.03877
2025-03-05,0.03887
2025-02-28,0.0388
2025-02-27,0.03883
2025-02-26,0.03863
2025-02-25,0.03876
2025-02-24,0.03834
2025-02-21,0.03812
2025-02-20,0.03812
2025-02-19,0.03769
2025-02-18,0.03757
2025-02-17,0.03772
2025-02-14,0.03765
2025-02-13,0.03773
2025-02-12,0.03736
2025-02-11,0.03788
2025-02-10,0.03812
2025-02-07,0.03802
2025-02-06,0.03813
2025-02-05,0.03811
2025-02-04,0.03745
2025-02-03,0.03792
2025-01-31,0.03765
2025-01-30,0.03827
2025-01-29,0.03779
2025-01-28,0.03783
2025-01-27,0.0384
2025-01-24,0.03783
2025-01-23,0.03802
2025-01-22,0.03814
2025-01-21,0.0389
2025-01-20,0.03885
2025-01-17,0.03882
2025-01-16,0.03881
2025-01-15,0.03862
2025-01-14,0.0384
2025-01-13,0.03877
2025-01-10,0.03868
2025-01-09,0.03854
2025-01-08,0.03871
2025-01-07,0.03845
2025-01-06,0.03879
2025-01-03,0.03911
2025-01-02,0.0395
2024-12-31,0.03947
2024-12-30,0.03938
2024-12-27,0.03934
2024-12-26,0.039
2024-12-24,0.03914
2024-12-23,0.0392
2024-12-20,0.03882
2024-12-19,0.0392
2024-12-18,0.04
2024-12-17,0.04018
2024-12-16,0.03922
2024-12-13,0.0393
2024-12-12,0.039
2024-12-11,0.03955
2024-12-10,0.03978
2024-12-09,0.0401
2024-12-06,0.04022
2024-12-05,0.03982
2024-12-04,0.04027
2024-12-03,0.04069
2024-12-02,0.04045
2024-11-29,0.04031
2024-11-28,0.03951
2024-11-27,0.03857
2024-11-26,0.03778
2024-11-25,0.03757
2024-11-22,0.03752
2024-11-21,0.03769
2024-11-19,0.0375
2024-11-18,0.03716
2024-11-14,0.03711
2024-11-13,0.03723
2024-11-12,0.03733
2024-11-11,0.03768
2024-11-08,0.03782
2024-11-07,0.03701
2024-11-06,0.03734
2024-11-05,0.03804
2024-11-04,0.03809
2024-11-01,0.03796
2024-10-31,0.03792
2024-10-30,0.03774
2024-10-29,0.03723
2024-10-28,0.03719
2024-10-25,0.03745
2024-10-24,0.03758
2024-10-23,0.03739
2024-10-22,0.03769
2024-10-21,0.03792
2024-10-18,0.03788
2024-10-17,0.0378
2024-10-16,0.0379
2024-10-15,0.03777
2024-10-14,0.0374
2024-10-11,0.03772
2024-10-10,0.03756
2024-10-09,0.03735
2024-10-08,0.03723
2024-10-07,0.03687
2024-10-04,0.03677
2024-10-03,0.03735
2024-10-02,0.03718
2024-10-01,0.03794
2024-09-30,0.03803
2024-09-27,0.03816
2024-09-26,0.0376
2024-09-25,0.0379
2024-09-24,0.03804
2024-09-23,0.03862
2024-09-20,0.03806
2024-09-19,0.03792
2024-09-18,0.03858
2024-09-17,0.03879
2024-09-16,0.03919
2024-09-13,0.0396
2024-09-12,0.03976
2024-09-11,0.03978
2024-09-10,0.03953
2024-09-09,0.03924
2024-09-06,0.03919
2024-09-05,0.03907
2024-09-04,0.03905
2024-09-03,0.03855
2024-09-02,0.03825
2024-08-30,0.03875
2024-08-29,0.03887
2024-08-28,0.03828
2024-08-27,0.03809
2024-08-26,0.038
2024-08-23,0.03814
2024-08-22,0.03802
2024-08-21,0.03767
2024-08-20,0.03743
2024-08-19,0.03703
2024-08-16,0.03687
2024-08-15,0.0367
2024-08-14,0.0371
2024-08-13,0.03733
2024-08-12,0.0372
2024-08-09,0.03762
2024-08-08,0.03818
2024-08-07,0.03804
2024-08-06,0.03894
2024-08-05,0.04004
2024-08-02,0.03902
2024-08-01,0.03777
2024-07-31,0.03765
2024-07-30,0.03677
2024-07-29,0.03668
2024-07-26,0.03669
2024-07-25,0.03662
2024-07-24,0.03673
2024-07-23,0.03576
2024-07-22,0.03538
2024-07-19,0.03529
2024-07-18,0.0353
2024-07-17,0.03491
2024-07-16,0.03422
2024-07-15,0.03455
2024-07-12,0.03453
2024-07-11,0.03411
2024-07-10,0.03336
2024-07-09,0.03369
2024-07-08,0.03403
2024-07-05,0.0342
2024-07-04,0.03403
2024-07-03,0.03459
2024-07-02,0.03508
2024-07-01,0.03459
2024-06-28,0.03455
2024-06-27,0.03436
2024-06-26,0.03428
2024-06-25,0.03399
2024-06-24,0.03381
2024-06-21,0.03412
2024-06-20,0.03417
2024-06-19,0.0346
2024-06-18,0.03426
2024-06-17,0.03429
2024-06-14,0.0341
2024-06-13,0.03442
2024-06-12,0.03457
2024-06-11,0.03401
2024-06-10,0.03419
2024-06-07,0.03371
2024-06-06,0.03377
2024-06-05,0.03382
2024-06-04,0.03402
2024-06-03,0.03356
2024-05-31,0.03334
2024-05-29,0.03297
2024-05-28,0.03284
2024-05-27,0.03295
2024-05-24,0.03282
2024-05-23,0.03275
2024-05-22,0.0329
2024-05-21,0.03269
2024-05-20,0.03272
2024-05-17,0.03288
2024-05-16,0.03302
2024-05-15,0.03317
2024-05-14,0.03281
2024-05-13,0.03291
2024-05-10,0.03302
2024-05-09,0.03312
2024-05-08,0.03274
2024-05-07,0.03273
2024-05-06,0.03296
2024-05-03,0.03314
2024-05-02,0.03328
2024-04-30,0.03282
2024-04-29,0.03264
2024-04-26,0.03247
2024-04-25,0.03322
2024-04-24,0.03326
2024-04-23,0.03334
2024-04-22,0.03362
2024-04-19,0.03381
2024-04-18,0.03396
2024-04-17,0.03393
2024-04-16,0.03404
2024-04-15,0.03353
2024-04-12,0.03354
2024-04-11,0.03313
2024-04-10,0.03312
2024-04-09,0.033
2024-04-08,0.03321
2024-04-05,0.03332
2024-04-04,0.03312
2024-04-03,0.03344
2024-04-02,0.0333
2024-04-01,0.0333
2024-03-28,0.03301
2024-03-27,0.03293
2024-03-26,0.03289
2024-03-25,0.03293
2024-03-22,0.03296
2024-03-21,0.03284
2024-03-20,0.03304
2024-03-19,0.0334
2024-03-18,0.0336
2024-03-15,0.03347
2024-03-14,0.03358
2024-03-13,0.0337
2024-03-12,0.03372
2024-03-11,0.03389
2024-03-08,0.03383
2024-03-07,0.03332
2024-03-06,0.03306
2024-03-05,0.03299
2024-03-04,0.03287
2024-03-01,0.03303
2024-02-29,0.03329
2024-02-28,0.03285
2024-02-27,0.03295
2024-02-26,0.03303
2024-02-23,0.03311
2024-02-22,0.03283
2024-02-21,0.0328
2024-02-20,0.03298
2024-02-19,0.03301
2024-02-16,0.03312
2024-02-15,0.03312
2024-02-14,0.03303
2024-02-09,0.03329
2024-02-08,0.03332
2024-02-07,0.03352
2024-02-06,0.03354
2024-02-05,0.03361
2024-02-02,0.03336
2024-02-01,0.03372
2024-01-31,0.03388
2024-01-30,0.03356
2024-01-29,0.03333
2024-01-26,0.03317
2024-01-25,0.03336
2024-01-24,0.03348
2024-01-23,0.03347
2024-01-22,0.03346
2024-01-19,0.03323
2024-01-18,0.03334
2024-01-17,0.03324
2024-01-16,0.0334
2024-01-15,0.03344
2024-01-12,0.03354
2024-01-11,0.03342
2024-01-10,0.03357
2024-01-09,0.0339
2024-01-08,0.03393
2024-01-05,0.03392
2024-01-04,0.034
2024-01-03,0.03427
2024-01-02,0.03446
2023-12-29,0.03421
2023-12-28,0.03436
2023-12-27,0.03396
2023-12-26,0.03391
2023-12-22,0.03414
2023-12-21,0.03429
2023-12-20,0.03393
2023-12-19,0.03383
2023-12-18,0.03451
2023-12-15,0.03484
2023-12-14,0.03451
2023-12-13,0.03415
2023-12-12,0.03396
2023-12-11,0.03376
2023-12-08,0.03402
2023-12-07,0.03398
2023-12-06,0.0333
2023-12-05,0.03365
2023-12-04,0.03336
2023-12-01,0.03332
2023-11-30,0.03338
2023-11-29,0.03319
2023-11-28,0.03304
2023-11-27,0.03286
2023-11-24,0.03272
2023-11-23,0.03273
2023-11-22,0.03271
2023-11-21,0.03302
2023-11-20,0.03283
2023-11-17,0.03265
2023-11-16,0.03229
2023-11-14,0.03227
2023-11-13,0.03245
2023-11-10,0.03249
2023-11-09,0.03246
2023-11-08,0.03238
2023-11-07,0.03233
2023-11-06,0.03272
2023-11-03,0.03274
2023-11-01,0.03324
2023-10-31,0.03339
2023-10-30,0.0336
2023-10-27,0.03306
2023-10-26,0.03327
2023-10-25,0.03333
2023-10-24,0.0334
2023-10-23,0.03348
2023-10-20,0.03371
2023-10-19,0.03371
2023-10-18,0.03374
2023-10-17,0.03365
2023-10-16,0.03383
2023-10-13,0.03383
2023-10-11,0.03388
2023-10-10,0.03422
2023-10-09,0.03474
2023-10-06,0.03482
2023-10-05,0.03482
2023-10-04,0.03461
2023-10-03,0.03425
2023-10-02,0.03382
2023-09-29,0.03351
2023-09-28,0.03383
2023-09-27,0.03363
2023-09-26,0.03338
2023-09-25,0.03335
2023-09-22,0.03314
2023-09-21,0.03339
2023-09-20,0.03281
2023-09-19,0.03286
2023-09-18,0.03287
2023-09-15,0.03293
2023-09-14,0.03312
2023-09-13,0.03334
2023-09-12,0.03364
2023-09-11,0.0337
2023-09-08,0.03373
2023-09-06,0.0337
2023-09-05,0.03366
2023-09-04,0.03357
2023-09-01,0.03372
2023-08-31,0.03378
2023-08-30,0.03333
2023-08-29,0.03335
2023-08-28,0.03342
2023-08-25,0.03331
2023-08-24,0.03344
2023-08-23,0.03386
2023-08-22,0.0339
2023-08-21,0.03407
2023-08-18,0.03425
2023-08-17,0.03408
2023-08-16,0.03412
2023-08-15,0.03425
2023-08-14,0.03405
2023-08-11,0.03374
2023-08-10,0.03359
2023-08-09,0.03413
2023-08-08,0.03437
2023-08-07,0.03439
2023-08-04,0.03427
2023-08-03,0.03426
2023-08-02,0.03357
2023-08-01,0.03331
2023-07-31,0.03334
2023-07-28,0.03358
2023-07-27,0.03346
2023-07-26,0.03373
2023-07-25,0.0337
2023-07-24,0.0336
2023-07-21,0.03366
2023-07-20,0.0341
2023-07-19,0.03434
2023-07-18,0.03457
2023-07-17,0.03476
2023-07-14,0.03456
2023-07-13,0.03477
2023-07-12,0.03477
2023-07-11,0.03483
2023-07-10,0.03442
2023-07-07,0.0343
2023-07-06,0.03398
2023-07-05,0.03359
2023-07-04,0.03327
2023-07-03,0.03312
2023-06-30,0.03335
2023-06-29,0.03356
2023-06-28,0.03367
2023-06-27,0.03326
2023-06-26,0.03322
2023-06-23,0.03324
2023-06-22,0.03341
2023-06-21,0.03362
2023-06-20,0.03387
2023-06-19,0.03368
2023-06-16,0.03404
2023-06-15,0.03432
2023-06-14,0.03478
2023-06-13,0.03466
2023-06-12,0.03494
2023-06-09,0.0351
2023-06-07,0.03509
2023-06-06,0.03528
2023-06-05,0.03525
2023-06-02,0.03545
2023-06-01,0.03628
2023-05-31,0.03645
2023-05-30,0.03617
2023-05-29,0.0356
2023-05-26,0.03566
2023-05-25,0.03575
2023-05-24,0.03555
2023-05-23,0.03579
2023-05-22,0.03582
2023-05-19,0.03621
2023-05-18,0.03584
2023-05-17,0.036
2023-05-16,0.03595
2023-05-15,0.03608
2023-05-12,0.03629
2023-05-11,0.03695
2023-05-10,0.03683
2023-05-09,0.037
2023-05-08,0.03685
2023-05-05,0.03684
2023-05-04,0.03745
2023-05-03,0.03711
2023-05-02,0.03687
2023-04-28,0.03676
2023-04-27,0.0374
2023-04-26,0.03782
2023-04-25,0.03777
2023-04-24,0.03763
2023-04-20,0.03764
2023-04-19,0.03743
2023-04-18,0.03703
2023-04-17,0.03673
2023-04-14,0.03697
2023-04-13,0.03708
2023-04-12,0.03714
2023-04-11,0.0375
2023-04-10,0.038
2023-04-06,0.03848
2023-04-05,0.03847
2023-04-04,0.03855
2023-04-03,0.03825
2023-03-31,0.03826
2023-03-30,0.03861
2023-03-29,0.0388
2023-03-28,0.03949
2023-03-27,0.03977
2023-03-24,0.0405
2023-03-23,0.04017
2023-03-22,0.03968
2023-03-21,0.03964
2023-03-20,0.03986
2023-03-17,0.03989
2023-03-16,0.03975
2023-03-15,0.03987
2023-03-14,0.03896
2023-03-13,0.03935
2023-03-10,0.03858
2023-03-09,0.03766
2023-03-08,0.03754
2023-03-07,0.03793
2023-03-06,0.03822
2023-03-03,0.03817
2023-03-02,0.03809
2023-03-01,0.03825
2023-02-28,0.03823
2023-02-27,0.03818
2023-02-24,0.03796
2023-02-23,0.03805
2023-02-22,0.03839
2023-02-17,0.03871
2023-02-16,0.03906
2023-02-15,0.0389
2023-02-14,0.03877
2023-02-13,0.03903
2023-02-10,0.03999
2023-02-09,0.03995
2023-02-08,0.03958
2023-02-07,0.03938
2023-02-06,0.03896
2023-02-03,0.03892
2023-02-02,0.03885
2023-02-01,0.03923
2023-01-31,0.03921
2023-01-30,0.0391
2023-01-27,0.03905
2023-01-26,0.03905
2023-01-25,0.03938
2023-01-24,0.03973
2023-01-23,0.03974
2023-01-20,0.04001
2023-01-19,0.04058
2023-01-18,0.03964
2023-01-17,0.03994
2023-01-16,0.03976
2023-01-13,0.0401
2023-01-12,0.03958
2023-01-11,0.03923
2023-01-10,0.03963
2023-01-09,0.04014
2023-01-06,0.0399
2023-01-05,0.04035
2023-01-04,0.04125
2023-01-03,0.04111
2023-01-02,0.04085
2022-12-30,0.03957
2022-12-29,0.03916
2022-12-28,0.03928
2022-12-27,0.03961
2022-12-26,0.03901
2022-12-23,0.03872
2022-12-22,0.03921
2022-12-21,0.03941
2022-12-20,0.03989
2022-12-19,0.0388
2022-12-16,0.03864
2022-12-15,0.03865
2022-12-14,0.0396
2022-12-13,0.03896
2022-12-12,0.03861
2022-12-09,0.03836
2022-12-08,0.03815
2022-12-07,0.03818
2022-12-06,0.03834
2022-12-05,0.03848
2022-12-02,0.03836
2022-12-01,0.03821
2022-11-30,0.03794
2022-11-29,0.03836
2022-11-28,0.03875
2022-11-25,0.03843
2022-11-24,0.03841
2022-11-23,0.03859
2022-11-22,0.03773
2022-11-21,0.0375
2022-11-18,0.03822
2022-11-17,0.03887
2022-11-16,0.03817
2022-11-14,0.03775
2022-11-11,0.03814
2022-11-10,0.03746
2022-11-09,0.03529
2022-11-08,0.03556
2022-11-07,0.03474
2022-11-04,0.0342
2022-11-03,0.03465
2022-11-01,0.03477
2022-10-31,0.03536
2022-10-28,0.03619
2022-10-27,0.03629
2022-10-26,0.03634
2022-10-25,0.0359
2022-10-24,0.03545
2022-10-21,0.03546
2022-10-20,0.03482
2022-10-19,0.03525
2022-10-18,0.0353
2022-10-17,0.03544
2022-10-14,0.03557
2022-10-13,0.03602
2022-10-11,0.03577
2022-10-10,0.03564
2022-10-07,0.03596
2022-10-06,0.03588
2022-10-05,0.03602
2022-10-04,0.03561
2022-10-03,0.03598
2022-09-30,0.03735
2022-09-29,0.03732
2022-09-28,0.03717
2022-09-27,0.03697
2022-09-26,0.03706
2022-09-23,0.03649
2022-09-22,0.03634
2022-09-21,0.03585
2022-09-20,0.03599
2022-09-19,0.03653
2022-09-16,0.03696
2022-09-15,0.03636
2022-09-14,0.03622
2022-09-13,0.03588
2022-09-12,0.03593
2022-09-09,0.03624
2022-09-08,0.03619
2022-09-06,0.03653
2022-09-05,0.03678
2022-09-02,0.03704
2022-09-01,0.03716
2022-08-31,0.03733
2022-08-30,0.03648
2022-08-29,0.03634
2022-08-26,0.03713
2022-08-25,0.03739
2022-08-24,0.03727
2022-08-23,0.03741
2022-08-22,0.03757
2022-08-19,0.03792
2022-08-18,0.03826
2022-08-17,0.03823
2022-08-16,0.03819
2022-08-15,0.03824
2022-08-12,0.03819
2022-08-11,0.03853
2022-08-10,0.03808
2022-08-09,0.03795
2022-08-08,0.03803
2022-08-05,0.03854
2022-08-04,0.03931
2022-08-03,0.03937
2022-08-02,0.03954
2022-08-01,0.03914
2022-07-29,0.03894
2022-07-28,0.03878
2022-07-27,0.03863
2022-07-26,0.03923
2022-07-25,0.03959
2022-07-22,0.04004
2022-07-21,0.03968
2022-07-20,0.03928
2022-07-19,0.03907
2022-07-18,0.03882
2022-07-15,0.03898
2022-07-14,0.03927
2022-07-13,0.03931
2022-07-12,0.03959
2022-07-11,0.03894
2022-07-08,0.03898
2022-07-07,0.03943
2022-07-06,0.04003
2022-07-05,0.03971
2022-07-04,0.03907
2022-07-01,0.03933
2022-06-30,0.0386
2022-06-29,0.03829
2022-06-28,0.0383
2022-06-27,0.03858
2022-06-24,0.0387
2022-06-23,0.03847
2022-06-22,0.03785
2022-06-21,0.03777
2022-06-20,0.03825
2022-06-17,0.03796
2022-06-15,0.038
2022-06-14,0.03795
2022-06-13,0.03804
2022-06-10,0.03713
2022-06-09,0.0365
2022-06-08,0.03633
2022-06-07,0.03689
2022-06-06,0.03635
2022-06-03,0.03661
2022-06-02,0.03687
2022-06-01,0.0367
2022-05-31,0.03678
2022-05-30,0.03702
2022-05-27,0.0373
2022-05-26,0.0377
2022-05-25,0.03798
2022-05-24,0.038
2022-05-23,0.03752
2022-05-20,0.03814
2022-05-19,0.03854
2022-05-18,0.03867
2022-05-17,0.03841
2022-05-16,0.03923
2022-05-13,0.03951
2022-05-12,0.04018
2022-05-11,0.03935
2022-05-10,0.03946
2022-05-09,0.03937
2022-05-06,0.03892
2022-05-05,0.03837
2022-05-04,0.03853
2022-05-03,0.03856
2022-05-02,0.0386
2022-04-29,0.03788
2022-04-28,0.03826
2022-04-27,0.03905
2022-04-26,0.03899
2022-04-25,0.03823
2022-04-22,0.03674
2022-04-20,0.03631
2022-04-19,0.03629
2022-04-18,0.03686
2022-04-14,0.03744
2022-04-13,0.03728
2022-04-12,0.03711
2022-04-11,0.03745
2022-04-08,0.03821
2022-04-07,0.03829
2022-04-06,0.03795
2022-04-05,0.03756
2022-04-04,0.03762
2022-04-01,0.03831
2022-03-31,0.03901
2022-03-30,0.03894
2022-03-29,0.03873
2022-03-28,0.03885
2022-03-25,0.03916
2022-03-24,0.03937
2022-03-23,0.04023
2022-03-22,0.04077
2022-03-21,0.04167
2022-03-18,0.04229
2022-03-17,0.04284
2022-03-16,0.04327
2022-03-15,0.0434
2022-03-14,0.04291
2022-03-11,0.04295
2022-03-10,0.04355
2022-03-09,0.04325
2022-03-08,0.04403
2022-03-07,0.04382
2022-03-04,0.0442
2022-03-03,0.04364
2022-03-02,0.04443
2022-02-25,0.04446
2022-02-24,0.04426
2022-02-23,0.04358
2022-02-22,0.04398
2022-02-21,0.0444
2022-02-18,0.04457
2022-02-17,0.04484
2022-02-16,0.04472
2022-02-15,0.04482
2022-02-14,0.04507
2022-02-11,0.04486
2022-02-10,0.04492
2022-02-09,0.04566
2022-02-08,0.04558
2022-02-07,0.04597
2022-02-04,0.04622
2022-02-03,0.04614
2022-02-02,0.04629
2022-02-01,0.046
2022-01-31,0.04648
2022-01-28,0.04683
2022-01-27,0.04661
2022-01-26,0.04751
2022-01-25,0.04823
2022-01-24,0.04818
2022-01-21,0.04785
2022-01-20,0.04751
2022-01-19,0.04807
2022-01-18,0.04819
2022-01-17,0.04803
2022-01-14,0.04863
2022-01-13,0.04839
2022-01-12,0.04841
2022-01-11,0.0488
2022-01-10,0.04927
2022-01-07,0.04907
2022-01-06,0.04927
2022-01-05,0.0489
2022-01-04,0.04888
2022-01-03,0.04883
2021-12-31,0.04846
2021-12-30,0.04845
2021-12-29,0.04925
2021-12-28,0.04917
2021-12-27,0.0493
2021-12-24,0.04943
2021-12-23,0.04973
2021-12-22,0.05003
2021-12-21,0.05028
2021-12-20,0.0503
2021-12-17,0.0501
2021-12-16,0.05006
2021-12-15,0.05017
2021-12-14,0.04964
2021-12-13,0.04961
2021-12-10,0.0493
2021-12-09,0.04897
2021-12-08,0.04897
2021-12-07,0.04962
2021-12-06,0.05012
2021-12-03,0.04983
2021-12-02,0.04987
2021-12-01,0.0497
2021-11-30,0.04949
2021-11-29,0.04939
2021-11-26,0.04935
2021-11-25,0.0483
2021-11-24,0.04852
2021-11-23,0.0491
2021-11-22,0.04866
2021-11-19,0.04881
2021-11-18,0.04852
2021-11-17,0.04801
2021-11-16,0.0478
2021-11-12,0.04756
2021-11-11,0.04752
2021-11-10,0.04791
2021-11-09,0.04866
2021-11-08,0.04914
2021-11-05,0.04887
2021-11-04,0.04922
2021-11-03,0.04967
2021-11-01,0.04963
2021-10-29,0.04947
2021-10-28,0.04949
2021-10-27,0.04892
2021-10-26,0.04885
2021-10-25,0.04922
2021-10-22,0.05029
2021-10-21,0.0496
2021-10-20,0.04863
2021-10-19,0.04857
2021-10-18,0.04831
2021-10-15,0.04768
2021-10-14,0.0484
2021-10-13,0.04886
2021-10-11,0.04865
2021-10-08,0.04911
2021-10-07,0.04944
2021-10-06,0.04948
2021-10-05,0.04902
2021-10-04,0.04884
2021-10-01,0.04856
2021-09-30,0.04877
2021-09-29,0.04843
2021-09-28,0.04867
2021-09-27,0.04819
2021-09-24,0.04826
2021-09-23,0.048
2021-09-22,0.04815
2021-09-21,0.04851
2021-09-20,0.04871
2021-09-17,0.04829
2021-09-16,0.04794
2021-09-15,0.04805
2021-09-14,0.04765
2021-09-13,0.04746
2021-09-10,0.04744
2021-09-09,0.04811
2021-09-08,0.0476
2021-09-06,0.04712
2021-09-03,0.04713
2021-09-02,0.04701
2021-09-01,0.04686
2021-08-31,0.04672
2021-08-30,0.04726
2021-08-27,0.04751
2021-08-26,0.04762
2021-08-25,0.04766
2021-08-24,0.04833
2021-08-23,0.04889
2021-08-20,0.04943
2021-08-19,0.04935
2021-08-18,0.04823
2021-08-17,0.04797
2021-08-16,0.04803
2021-08-13,0.0478
2021-08-12,0.04743
2021-08-11,0.04708
2021-08-10,0.04722
2021-08-09,0.04785
2021-08-06,0.04754
2021-08-05,0.04688
2021-08-04,0.04759
2021-08-03,0.04808
2021-08-02,0.04702
2021-07-30,0.04667
2021-07-29,0.04626
2021-07-28,0.0468
2021-07-27,0.04712
2021-07-26,0.04701
2021-07-23,0.04677
2021-07-22,0.04719
2021-07-21,0.04764
2021-07-20,0.04772
2021-07-19,0.04748
2021-07-16,0.04624
2021-07-15,0.04633
2021-07-14,0.04623
2021-07-13,0.04689
2021-07-12,0.04733
2021-07-09,0.04752
2021-07-08,0.04787
2021-07-07,0.04729
2021-07-06,0.04666
2021-07-05,0.04574
2021-07-02,0.04518
2021-07-01,0.04486
2021-06-30,0.04504
2021-06-29,0.04473
2021-06-28,0.04471
2021-06-25,0.0444
2021-06-24,0.04442
2021-06-23,0.04466
2021-06-22,0.04529
2021-06-21,0.04569
2021-06-18,0.04564
2021-06-17,0.04566
2021-06-16,0.04568
2021-06-15,0.04619
2021-06-14,0.04609
2021-06-11,0.04663
2021-06-10,0.04624
2021-06-09,0.04609
2021-06-08,0.04611
2021-06-07,0.0462
2021-06-04,0.04629
2021-06-02,0.04666
2021-06-01,0.04717
2021-05-31,0.04778
2021-05-28,0.04759
2021-05-27,0.0481
2021-05-26,0.04872
2021-05-25,0.04876
2021-05-24,0.04888
2021-05-21,0.04867
2021-05-20,0.04862
2021-05-19,0.04856
2021-05-18,0.04823
2021-05-17,0.04831
2021-05-14,0.04817
2021-05-13,0.04819
2021-05-12,0.04779
2021-05-11,0.04827
2021-05-10,0.04804
2021-05-07,0.0481
2021-05-06,0.04844
2021-05-05,0.04929
2021-05-04,0.04983
2021-05-03,0.04957
2021-04-30,0.04941
2021-04-29,0.04924
2021-04-28,0.04962
2021-04-27,0.05012
2021-04-26,0.05045
2021-04-23,0.05074
2021-04-22,0.05081
2021-04-20,0.05113
2021-04-19,0.05157
2021-04-16,0.05177
2021-04-15,0.05168
2021-04-14,0.05225
2021-04-13,0.05225
2021-04-12,0.0517
2021-04-09,0.05147
2021-04-08,0.05108
2021-04-07,0.05093
2021-04-06,0.05121
2021-04-05,0.05139
2021-04-01,0.05139
2021-03-31,0.0515
2021-03-30,0.0523
2021-03-29,0.05278
2021-03-26,0.05205
2021-03-25,0.05184
2021-03-24,0.05084
2021-03-23,0.05059
2021-03-22,0.05084
2021-03-19,0.05059
2021-03-18,0.05089
2021-03-17,0.05179
2021-03-16,0.05122
2021-03-15,0.05158
2021-03-12,0.05105
2021-03-11,0.0515
2021-03-10,0.05287
2021-03-09,0.05367
2021-03-08,0.05267
2021-03-05,0.05252
2021-03-04,0.05204
2021-03-03,0.05359
2021-03-02,0.05326
2021-03-01,0.05234
2021-02-26,0.05189
2021-02-25,0.05138
2021-02-24,0.05113
2021-02-23,0.05182
2021-02-22,0.05238
2021-02-19,0.05104
2021-02-18,0.05126
2021-02-17,0.05112
2021-02-12,0.05126
2021-02-11,0.05119
2021-02-10,0.05161
2021-02-09,0.05183
2021-02-08,0.05101
2021-02-05,0.05107
2021-02-04,0.05112
2021-02-03,0.05083
2021-02-02,0.05125
2021-02-01,0.05202
2021-01-29,0.0523
2021-01-28,0.05203
2021-01-27,0.05169
2021-01-26,0.05196
2021-01-25,0.05306
2021-01-22,0.0523
2021-01-21,0.05132
2021-01-20,0.0512
2021-01-19,0.05094
2021-01-18,0.05089
2021-01-15,0.05074
2021-01-14,0.05066
2021-01-13,0.05106
2021-01-12,0.05242
2021-01-11,0.05269
2021-01-08,0.05171
2021-01-07,0.0514
2021-01-06,0.05143
2021-01-05,0.05181
2021-01-04,0.05005
2020-12-31,0.05041
2020-12-30,0.05032
2020-12-29,0.05013
2020-12-28,0.05045
2020-12-24,0.04994
2020-12-23,0.04993
2020-12-22,0.04963
2020-12-21,0.04981
2020-12-18,0.0493
2020-12-17,0.04912
2020-12-16,0.04932
2020-12-15,0.04912
2020-12-14,0.04858
2020-12-11,0.04876
2020-12-09,0.04904
2020-12-08,0.04889
2020-12-07,0.04902
2020-12-04,0.04961
2020-12-03,0.04975
2020-12-02,0.04997
2020-12-01,0.05051
2020-11-30,0.05111
2020-11-27,0.05142
2020-11-26,0.05101
2020-11-25,0.05124
2020-11-24,0.05162
2020-11-23,0.0515
2020-11-20,0.05153
2020-11-19,0.05132
2020-11-18,0.05103
2020-11-17,0.05178
2020-11-16,0.0518
2020-11-13,0.05241
2020-11-12,0.05144
2020-11-11,0.05113
2020-11-10,0.05103
2020-11-09,0.05011
2020-11-06,0.05352
2020-11-05,0.05365
2020-11-04,0.05446
2020-11-03,0.0544
2020-10-30,0.05519
2020-10-29,0.0552
2020-10-28,0.05492
2020-10-27,0.05407
2020-10-26,0.0537
2020-10-23,0.05355
2020-10-22,0.05321
2020-10-21,0.05354
2020-10-20,0.05287
2020-10-19,0.05313
2020-10-16,0.05332
2020-10-15,0.05329
2020-10-14,0.05297
2020-10-13,0.05291
2020-10-09,0.05238
2020-10-08,0.05302
2020-10-07,0.05284
2020-10-06,0.05224
2020-10-05,0.05324
2020-10-02,0.05358
2020-10-01,0.05346
2020-09-30,0.05341
2020-09-29,0.05347
2020-09-28,0.05293
2020-09-25,0.05271
2020-09-24,0.05283
2020-09-23,0.05248
2020-09-22,0.05171
2020-09-21,0.05198
2020-09-18,0.05063
2020-09-17,0.05019
2020-09-16,0.05005
2020-09-15,0.04996
2020-09-14,0.05012
2020-09-11,0.04977
2020-09-10,0.04984
2020-09-09,0.04989
2020-09-08,0.05066
2020-09-04,0.04968
2020-09-03,0.05
2020-09-02,0.05062
2020-09-01,0.05068
2020-08-31,0.05168
2020-08-28,0.05191
2020-08-27,0.05257
2020-08-26,0.05245
2020-08-25,0.05262
2020-08-24,0.05281
2020-08-21,0.05293
2020-08-20,0.05339
2020-08-19,0.05192
2020-08-18,0.05184
2020-08-17,0.05142
2020-08-14,0.05056
2020-08-13,0.05032
2020-08-12,0.05104
2020-08-11,0.05092
2020-08-10,0.05094
2020-08-07,0.05119
2020-08-06,0.05063
2020-08-05,0.05002
2020-08-04,0.05036
2020-08-03,0.05
2020-07-31,0.04917
2020-07-30,0.04933
2020-07-29,0.04891
2020-07-28,0.04928
2020-07-27,0.04927
2020-07-24,0.04928
2020-07-23,0.04833
2020-07-22,0.04768
2020-07-21,0.04893
2020-07-20,0.05001
2020-07-17,0.04996
2020-07-16,0.05002
2020-07-15,0.05002
2020-07-14,0.05063
2020-07-13,0.04987
2020-07-10,0.05004
2020-07-09,0.04938
2020-07-08,0.04979
2020-07-07,0.04957
2020-07-06,0.04937
2020-07-03,0.04963
2020-07-02,0.0493
2020-07-01,0.04989
2020-06-30,0.0508
2020-06-29,0.05051
2020-06-26,0.05095
2020-06-25,0.04969
2020-06-24,0.04907
2020-06-23,0.04857
2020-06-22,0.04887
2020-06-19,0.05
2020-06-18,0.05006
2020-06-17,0.04893
2020-06-16,0.04776
2020-06-15,0.04833
2020-06-12,0.0469
2020-06-10,0.04557
2020-06-09,0.04556
2020-06-08,0.04547
2020-06-05,0.04537
2020-06-04,0.04681
2020-06-03,0.04639
2020-06-02,0.04843
2020-06-01,0.04985
2020-05-29,0.05034
2020-05-28,0.04959
2020-05-27,0.04915
2020-05-26,0.04988
2020-05-25,0.05085
2020-05-22,0.0519
2020-05-21,0.052
2020-05-20,0.053
2020-05-19,0.05303
2020-05-18,0.05348
2020-05-15,0.05427
2020-05-14,0.05543
2020-05-13,0.05519
2020-05-12,0.05377
2020-05-11,0.0538
2020-05-08,0.05411
2020-05-07,0.05486
2020-05-06,0.05342
2020-05-05,0.05196
2020-05-04,0.05224
2020-04-30,0.05072
2020-04-29,0.05088
2020-04-28,0.05211
2020-04-27,0.05255
2020-04-24,0.05258
2020-04-23,0.05057
2020-04-22,0.04993
2020-04-20,0.04905
2020-04-17,0.04889
2020-04-16,0.0486
2020-04-15,0.04894
2020-04-14,0.04841
2020-04-13,0.04816
2020-04-09,0.04684
2020-04-08,0.04794
2020-04-07,0.0479
2020-04-06,0.04808
2020-04-03,0.04883
2020-04-02,0.04881
2020-04-01,0.04894
2020-03-31,0.04832
2020-03-30,0.04773
2020-03-27,0.04724
2020-03-26,0.04568
2020-03-25,0.04549
2020-03-24,0.04549
2020-03-23,0.04562
2020-03-20,0.04513
2020-03-19,0.04672
2020-03-18,0.04712
2020-03-17,0.047
2020-03-16,0.0468
2020-03-13,0.0442
2020-03-12,0.04619
2020-03-11,0.04458
2020-03-10,0.045
2020-03-09,0.04621
2020-03-06,0.04409
2020-03-05,0.04331
2020-03-04,0.04218
2020-03-03,0.04172
2020-03-02,0.04165
2020-02-28,0.04166
2020-02-27,0.04069
2020-02-26,0.04014
2020-02-21,0.03931
2020-02-20,0.03913
2020-02-19,0.0394
2020-02-18,0.03958
2020-02-17,0.03924
2020-02-14,0.03931
2020-02-13,0.0395
2020-02-12,0.03941
2020-02-11,0.03925
2020-02-10,0.03935
2020-02-07,0.03923
2020-02-06,0.03862
2020-02-05,0.03867
2020-02-04,0.03875
2020-02-03,0.03906
2020-01-31,0.03937
2020-01-30,0.03912
2020-01-29,0.03848
2020-01-28,0.03853
2020-01-27,0.03873
2020-01-24,0.03816
2020-01-23,0.03808
2020-01-22,0.0381
2020-01-21,0.03822
2020-01-20,0.03796
2020-01-17,0.03797
2020-01-16,0.03788
2020-01-15,0.03783
2020-01-14,0.03765
2020-01-13,0.03757
2020-01-10,0.03718
2020-01-09,0.03718
2020-01-08,0.03743
2020-01-07,0.03759
2020-01-06,0.03743
2020-01-03,0.0375
2020-01-02,0.03713
2019-12-31,0.03713
2019-12-30,0.03697
2019-12-27,0.03699
2019-12-26,0.03702
2019-12-24,0.03728
2019-12-23,0.03725
2019-12-20,0.03725
2019-12-19,0.03716
2019-12-18,0.03699
2019-12-17,0.03714
2019-12-16,0.03721
2019-12-13,0.03746
2019-12-12,0.03759
2019-12-11,0.03785
2019-12-10,0.0381
2019-12-09,0.0382
2019-12-06,0.03844
2019-12-05,0.03873
2019-12-04,0.03853
2019-12-03,0.03869
2019-12-02,0.03872
2019-11-29,0.03857
2019-11-28,0.03877
2019-11-27,0.03894
2019-11-26,0.03901
2019-11-25,0.03863
2019-11-22,0.03849
2019-11-21,0.03871
2019-11-20,0.03868
2019-11-19,0.03878
2019-11-18,0.03852
2019-11-14,0.03852
2019-11-13,0.03841
2019-11-12,0.03825
2019-11-11,0.03808
2019-11-08,0.03789
2019-11-07,0.03742
2019-11-06,0.03701
2019-11-05,0.03668
2019-11-04,0.03678
2019-11-01,0.03678
2019-10-31,0.03703
2019-10-30,0.0369
2019-10-29,0.03669
2019-10-28,0.03649
2019-10-25,0.03689
2019-10-24,0.0369
2019-10-23,0.03747
2019-10-22,0.03763
2019-10-21,0.03805
2019-10-18,0.03814
2019-10-17,0.03819
2019-10-16,0.03836
2019-10-15,0.03811
2019-10-14,0.03805
2019-10-11,0.03783
2019-10-10,0.03812
2019-10-09,0.03811
2019-10-08,0.03816
2019-10-07,0.038
2019-10-04,0.03797
2019-10-03,0.0384
2019-10-02,0.03874
2019-10-01,0.03874
2019-09-30,0.03851
2019-09-27,0.03848
2019-09-26,0.0385
2019-09-25,0.0388
2019-09-24,0.03887
2019-09-23,0.03882
2019-09-20,0.03861
2019-09-19,0.03831
2019-09-18,0.03786
2019-09-17,0.03791
2019-09-16,0.03785
2019-09-13,0.03755
2019-09-12,0.03749
2019-09-11,0.0377
2019-09-10,0.03828
2019-09-09,0.03804
2019-09-06,0.03805
2019-09-05,0.03819
2019-09-04,0.0388
2019-09-03,0.03934
2019-09-02,0.03914
2019-08-30,0.03892
2019-08-29,0.03913
2019-08-28,0.03925
2019-08-27,0.03927
2019-08-26,0.03902
2019-08-23,0.03878
2019-08-22,0.03798
2019-08-21,0.03777
2019-08-20,0.038
2019-08-19,0.0378
2019-08-16,0.03754
2019-08-15,0.03786
2019-08-14,0.03787
2019-08-13,0.03726
2019-08-12,0.03791
2019-08-09,0.03737
2019-08-08,0.03715
2019-08-07,0.03772
2019-08-06,0.03723
2019-08-05,0.03715
2019-08-02,0.03632
2019-08-01,0.03536
2019-07-31,0.03466
2019-07-30,0.03487
2019-07-29,0.03481
2019-07-26,0.03471
2019-07-25,0.03484
2019-07-24,0.03477
2019-07-23,0.03481
2019-07-22,0.03465
2019-07-19,0.0347
2019-07-18,0.03478
2019-07-17,0.03479
2019-07-16,0.03471
2019-07-15,0.03471
2019-07-12,0.03467
2019-07-11,0.03465
2019-07-10,0.03476
2019-07-09,0.03479
2019-07-08,0.035
2019-07-05,0.03518
2019-07-04,0.03518
2019-07-03,0.03567
2019-07-02,0.0357
2019-07-01,0.03522
2019-06-28,0.03552
2019-06-27,0.03586
2019-06-26,0.0357
2019-06-25,0.03582
2019-06-24,0.0356
2019-06-21,0.03556
2019-06-19,0.03572
2019-06-18,0.03561
2019-06-17,0.03582
2019-06-14,0.03578
2019-06-13,0.03543
2019-06-12,0.03544
2019-06-11,0.03562
2019-06-10,0.03572
2019-06-07,0.03565
2019-06-06,0.03582
2019-06-05,0.03567
2019-06-04,0.03573
2019-06-03,0.03597
2019-05-31,0.03626
2019-05-30,0.03621
2019-05-29,0.03657
2019-05-28,0.03678
2019-05-27,0.0367
2019-05-24,0.03686
2019-05-23,0.03697
2019-05-22,0.03647
2019-05-21,0.03688
2019-05-20,0.03733
2019-05-17,0.03716
2019-05-16,0.03651
2019-05-15,0.03652
2019-05-14,0.03627
2019-05-13,0.03652
2019-05-10,0.03611
2019-05-09,0.0362
2019-05-08,0.03572
2019-05-07,0.03613
2019-05-06,0.03573
2019-05-03,0.03539
2019-05-02,0.03558
2019-04-30,0.0354
2019-04-29,0.0352
2019-04-26,0.03525
2019-04-25,0.03559
2019-04-24,0.03544
2019-04-23,0.03524
2019-04-22,0.03504
2019-04-18,0.03516
2019-04-17,0.03501
2019-04-16,0.03475
2019-04-15,0.03457
2019-04-12,0.03453
2019-04-11,0.03443
2019-04-10,0.03456
2019-04-09,0.0347
2019-04-08,0.03467
2019-04-05,0.03456
2019-04-04,0.0347
2019-04-03,0.03447
2019-04-02,0.03472
2019-04-01,0.03474
2019-03-29,0.0352
2019-03-28,0.03588
2019-03-27,0.03567
2019-03-26,0.03497
2019-03-25,0.0352
2019-03-22,0.03535
2019-03-21,0.03424
2019-03-20,0.034
2019-03-19,0.03389
2019-03-18,0.0342
2019-03-15,0.03436
2019-03-14,0.0343
2019-03-13,0.03439
2019-03-12,0.03422
2019-03-11,0.03457
2019-03-08,0.03479
2019-03-07,0.0345
2019-03-06,0.03428
2019-03-01,0.0338
2019-02-28,0.03358
2019-02-27,0.03367
2019-02-26,0.03394
2019-02-25,0.03362
2019-02-22,0.03379
2019-02-21,0.03396
2019-02-20,0.03349
2019-02-19,0.03364
2019-02-18,0.03373
2019-02-15,0.03363
2019-02-14,0.03413
2019-02-13,0.03363
2019-02-12,0.03376
2019-02-11,0.03386
2019-02-08,0.03388
2019-02-07,0.03387
2019-02-06,0.03373
2019-02-05,0.03342
2019-02-04,0.03337
2019-02-01,0.03362
2019-01-31,0.0336
2019-01-30,0.03386
2019-01-29,0.03413
2019-01-28,0.03447
2019-01-25,0.03431
2019-01-24,0.03454
2019-01-23,0.03457
2019-01-22,0.03437
2019-01-21,0.03437
2019-01-18,0.03421
2019-01-17,0.03449
2019-01-16,0.03416
2019-01-15,0.03414
2019-01-14,0.03443
2019-01-11,0.03424
2019-01-10,0.03412
2019-01-09,0.03405
2019-01-08,0.03417
2019-01-07,0.03421
2019-01-04,0.03468
2019-01-03,0.03496
2019-01-02,0.03529
2018-12-31,0.03526
2018-12-28,0.03511
2018-12-27,0.03553
2018-12-24,0.035
2018-12-21,0.03482
2018-12-20,0.03445
2018-12-19,0.03467
2018-12-18,0.03463
2018-12-17,0.03463
2018-12-14,0.03439
2018-12-13,0.03416
2018-12-12,0.03409
2018-12-11,0.03443
2018-12-10,0.03463
2018-12-07,0.03453
2018-12-06,0.03486
2018-12-05,0.03407
2018-12-04,0.03396
2018-12-03,0.03372
2018-11-30,0.03401
2018-11-29,0.03404
2018-11-28,0.0339
2018-11-27,0.03422
2018-11-26,0.03406
2018-11-23,0.03375
2018-11-22,0.03373
2018-11-21,0.03349
2018-11-20,0.03343
2018-11-19,0.0333
2018-11-16,0.03329
2018-11-14,0.03328
2018-11-13,0.03315
2018-11-12,0.03292
2018-11-09,0.03293
2018-11-08,0.03288
2018-11-07,0.03319
2018-11-06,0.03309
2018-11-05,0.03273
2018-11-01,0.03277
2018-10-31,0.03293
2018-10-30,0.03282
2018-10-29,0.03232
2018-10-26,0.03291
2018-10-25,0.03288
2018-10-24,0.0329
2018-10-23,0.03306
2018-10-22,0.0327
2018-10-19,0.03295
2018-10-18,0.03296
2018-10-17,0.03297
2018-10-16,0.03305
2018-10-15,0.03337
2018-10-11,0.03336
2018-10-10,0.03327
2018-10-09,0.03305
2018-10-08,0.03324
2018-10-05,0.03406
2018-10-04,0.0343
2018-10-03,0.03374
2018-10-02,0.03475
2018-10-01,0.03533
2018-09-28,0.03527
2018-09-27,0.03535
2018-09-26,0.03592
2018-09-25,0.03657
2018-09-24,0.03603
2018-09-21,0.03615
2018-09-20,0.03641
2018-09-19,0.03684
2018-09-18,0.03683
2018-09-17,0.03723
2018-09-14,0.03735
2018-09-13,0.03719
2018-09-12,0.03706
2018-09-11,0.03732
2018-09-10,0.0369
2018-09-06,0.03738
2018-09-05,0.03732
2018-09-04,0.03737
2018-09-03,0.03716
2018-08-31,0.03725
2018-08-30,0.0376
2018-08-29,0.03698
2018-08-28,0.03709
2018-08-27,0.03661
2018-08-24,0.03672
2018-08-23,0.03663
2018-08-22,0.03685
2018-08-21,0.03608
2018-08-20,0.03571
2018-08-17,0.03562
2018-08-16,0.03499
2018-08-15,0.03536
2018-08-14,0.03498
2018-08-13,0.03523
2018-08-10,0.03476
2018-08-09,0.03428
2018-08-08,0.0338
2018-08-07,0.03337
2018-08-06,0.03339
2018-08-03,0.03347
2018-08-02,0.03376
2018-08-01,0.03355
2018-07-31,0.03355
2018-07-30,0.03347
2018-07-27,0.03348
2018-07-26,0.03348
2018-07-25,0.03343
2018-07-24,0.03366
2018-07-23,0.03404
2018-07-20,0.03381
2018-07-19,0.03438
2018-07-18,0.03409
2018-07-17,0.03427
2018-07-16,0.03435
2018-07-13,0.03447
2018-07-12,0.0343
2018-07-11,0.03444
2018-07-10,0.03456
2018-07-09,0.03491
2018-07-06,0.03553
2018-07-05,0.03543
2018-07-04,0.03533
2018-07-03,0.0352
2018-07-02,0.03526
2018-06-29,0.03481
2018-06-28,0.03489
2018-06-27,0.03475
2018-06-26,0.03431
2018-06-25,0.03444
2018-06-22,0.03423
2018-06-21,0.03442
2018-06-20,0.03389
2018-06-19,0.03413
2018-06-18,0.03398
2018-06-15,0.03412
2018-06-14,0.03355
2018-06-13,0.03355
2018-06-12,0.0336
2018-06-11,0.03357
2018-06-08,0.03458
2018-06-07,0.03547
2018-06-06,0.03471
2018-06-05,0.03443
2018-06-04,0.03412
2018-06-01,0.03416
2018-05-30,0.03425
2018-05-29,0.03432
2018-05-28,0.03391
2018-05-25,0.03345
2018-05-24,0.03332
2018-05-23,0.03316
2018-05-22,0.03289
2018-05-21,0.03336
2018-05-18,0.03387
2018-05-17,0.03328
2018-05-16,0.03338
2018-05-15,0.03333
2018-05-14,0.03295
2018-05-11,0.03268
2018-05-10,0.03246
2018-05-09,0.03276
2018-05-08,0.03278
2018-05-07,0.03248
2018-05-04,0.03233
2018-05-03,0.03252
2018-05-02,0.03222
2018-04-30,0.03184
2018-04-27,0.03177
2018-04-26,0.03199
2018-04-25,0.03204
2018-04-24,0.03179
2018-04-23,0.03168
2018-04-20,0.03168
2018-04-19,0.03162
2018-04-18,0.03154
2018-04-17,0.03178
2018-04-16,0.03193
2018-04-13,0.03171
2018-04-12,0.03154
2018-04-11,0.03188
2018-04-10,0.03186
2018-04-09,0.03166
2018-04-06,0.03144
2018-04-05,0.03088
2018-04-04,0.03146
2018-04-03,0.03113
2018-04-02,0.03122
2018-03-29,0.03125
2018-03-28,0.03139
2018-03-27,0.03145
2018-03-26,0.03145
2018-03-23,0.03151
2018-03-22,0.03135
2018-03-21,0.03096
2018-03-20,0.03098
2018-03-19,0.03109
2018-03-16,0.031
2018-03-15,0.03096
2018-03-14,0.03068
2018-03-13,0.03046
2018-03-12,0.0306
2018-03-09,0.03038
2018-03-08,0.03064
2018-03-07,0.03048
2018-03-06,0.03041
2018-03-05,0.03078
2018-03-02,0.03091
2018-03-01,0.03046
2018-02-28,0.03039
2018-02-27,0.0301
2018-02-26,0.03025
2018-02-23,0.0304
2018-02-22,0.03049
2018-02-21,0.03024
2018-02-20,0.03034
2018-02-19,0.03036
2018-02-16,0.03046
2018-02-15,0.03027
2018-02-14,0.03039
2018-02-09,0.03012
2018-02-08,0.02987
2018-02-07,0.02972
2018-02-06,0.02979
2018-02-05,0.02937
2018-02-02,0.02903
2018-02-01,0.02897
2018-01-31,0.02903
2018-01-30,0.02916
2018-01-29,0.02907
2018-01-26,0.02892
2018-01-25,0.02883
2018-01-24,0.02926
2018-01-23,0.02921
2018-01-22,0.0288
2018-01-19,0.02901
2018-01-18,0.02895
2018-01-17,0.02921
2018-01-16,0.02907
2018-01-15,0.02888
2018-01-12,0.02888
2018-01-11,0.02897
2018-01-10,0.02913
2018-01-09,0.02872
2018-01-08,0.02863
2018-01-05,0.02862
2018-01-04,0.02864
2018-01-03,0.02898
2018-01-02,0.02913
2017-12-29,0.0294
2017-12-28,0.02931
2017-12-27,0.02914
2017-12-26,0.02931
2017-12-22,0.02927
2017-12-21,0.02913
2017-12-20,0.02908
2017-12-19,0.02914
2017-12-18,0.02922
2017-12-15,0.0295
2017-12-14,0.02957
2017-12-13,0.02919
2017-12-12,0.02917
2017-12-11,0.02895
2017-12-08,0.02895
2017-12-07,0.02919
2017-12-06,0.02879
2017-12-05,0.02869
2017-12-04,0.02877
2017-12-01,0.02896
2017-11-30,0.02913
2017-11-29,0.02866
2017-11-28,0.02892
2017-11-27,0.02898
2017-11-24,0.02899
2017-11-23,0.02909
2017-11-22,0.02911
2017-11-21,0.02902
2017-11-20,0.02902
2017-11-17,0.02916
2017-11-16,0.02906
2017-11-14,0.02893
2017-11-13,0.02896
2017-11-10,0.02882
2017-11-09,0.02865
2017-11-08,0.02863
2017-11-07,0.02865
2017-11-06,0.02878
2017-11-03,0.0288
2017-11-01,0.02872
2017-10-31,0.02888
2017-10-30,0.02868
2017-10-27,0.0288
2017-10-26,0.02847
2017-10-25,0.02848
2017-10-24,0.02849
2017-10-23,0.02814
2017-10-20,0.02806
2017-10-19,0.0282
2017-10-18,0.02803
2017-10-17,0.02827
2017-10-16,0.02828
2017-10-13,0.02819
2017-10-11,0.02815
2017-10-10,0.02825
2017-10-09,0.0282
2017-10-06,0.02807
2017-10-05,0.02779
2017-10-04,0.02774
2017-10-03,0.02792
2017-10-02,0.02809
2017-09-29,0.02811
2017-09-28,0.02828
2017-09-27,0.02831
2017-09-26,0.02823
2017-09-25,0.02813
2017-09-22,0.02792
2017-09-21,0.02791
2017-09-20,0.02805
2017-09-19,0.02808
2017-09-18,0.02801
2017-09-15,0.02819
2017-09-14,0.02832
2017-09-13,0.02834
2017-09-12,0.0283
2017-09-11,0.02829
2017-09-08,0.02868
2017-09-06,0.02862
2017-09-05,0.02863
2017-09-04,0.02863
2017-09-01,0.02845
2017-08-31,0.02858
2017-08-30,0.0287
2017-08-29,0.02906
2017-08-28,0.02889
2017-08-25,0.02879
2017-08-24,0.02871
2017-08-23,0.02891
2017-08-22,0.02882
2017-08-21,0.02887
2017-08-18,0.02895
2017-08-17,0.02875
2017-08-16,0.02858
2017-08-15,0.02895
2017-08-14,0.02912
2017-08-11,0.02905
2017-08-10,0.02883
2017-08-09,0.02859
2017-08-08,0.02827
2017-08-07,0.02822
2017-08-04,0.02819
2017-08-03,0.02832
2017-08-02,0.02831
2017-08-01,0.02823
2017-07-31,0.02835
2017-07-28,0.02836
2017-07-27,0.02822
2017-07-26,0.02823
2017-07-25,0.02827
2017-07-24,0.02831
2017-07-21,0.0281
2017-07-20,0.02811
2017-07-19,0.0282
2017-07-18,0.02829
2017-07-17,0.02821
2017-07-14,0.0283
2017-07-13,0.0283
2017-07-12,0.02849
2017-07-11,0.02847
2017-07-10,0.02861
2017-07-07,0.02882
2017-07-06,0.02917
2017-07-05,0.02931
2017-07-04,0.02919
2017-07-03,0.02912
2017-06-30,0.02942
2017-06-29,0.02933
2017-06-28,0.02943
2017-06-27,0.0295
2017-06-26,0.02971
2017-06-23,0.02996
2017-06-22,0.02995
2017-06-21,0.02978
2017-06-20,0.02973
2017-06-19,0.02961
2017-06-16,0.02966
2017-06-14,0.03007
2017-06-13,0.03014
2017-06-12,0.03005
2017-06-09,0.02959
2017-06-08,0.02981
2017-06-07,0.02989
2017-06-06,0.03
2017-06-05,0.02969
2017-06-02,0.02931
2017-06-01,0.02903
2017-05-31,0.02929
2017-05-30,0.02949
2017-05-29,0.02938
2017-05-26,0.02929
2017-05-25,0.02938
2017-05-24,0.02911
2017-05-23,0.02924
2017-05-22,0.02956
2017-05-19,0.02949
2017-05-18,0.03046
2017-05-17,0.02787
2017-05-16,0.0273
2017-05-15,0.0273
2017-05-12,0.02761
2017-05-11,0.02772
2017-05-10,0.02771
2017-05-09,0.02789
2017-05-08,0.0283
2017-05-05,0.02819
2017-05-04,0.02819
2017-05-03,0.02802
2017-05-02,0.0283
2017-04-28,0.02869
2017-04-27,0.02857
2017-04-26,0.02855
2017-04-25,0.02847
2017-04-24,0.02847
2017-04-20,0.02876
2017-04-19,0.02869
2017-04-18,0.02855
2017-04-17,0.0286
2017-04-13,0.02862
2017-04-12,0.02871
2017-04-11,0.02862
2017-04-10,0.0283
2017-04-07,0.02825
2017-04-06,0.02806
2017-04-05,0.0278
2017-04-04,0.02819
2017-04-03,0.02808
2017-03-31,0.02843
2017-03-30,0.02805
2017-03-29,0.02811
2017-03-28,0.02831
2017-03-27,0.02829
2017-03-24,0.02816
2017-03-23,0.02811
2017-03-22,0.02785
2017-03-21,0.02748
2017-03-20,0.02744
2017-03-17,0.02757
2017-03-16,0.02749
2017-03-15,0.02757
2017-03-14,0.02759
2017-03-13,0.02751
2017-03-10,0.0275
2017-03-09,0.02762
2017-03-08,0.02744
2017-03-07,0.02735
2017-03-06,0.02734
2017-03-03,0.02739
2017-03-02,0.02721
2017-02-24,0.02757
2017-02-23,0.0272
2017-02-22,0.02718
2017-02-21,0.02724
2017-02-20,0.02732
2017-02-17,0.02742
2017-02-16,0.02685
2017-02-15,0.02683
2017-02-14,0.02723
2017-02-13,0.02735
2017-02-10,0.02744
2017-02-09,0.02763
2017-02-08,0.02795
2017-02-07,0.02782
2017-02-06,0.02773
2017-02-03,0.02772
2017-02-02,0.02777
2017-02-01,0.02763
2017-01-31,0.02784
2017-01-30,0.0274
2017-01-27,0.02744
2017-01-26,0.02782
2017-01-25,0.02784
2017-01-24,0.02798
2017-01-23,0.02779
2017-01-20,0.0277
2017-01-19,0.02779
2017-01-18,0.0284
2017-01-17,0.0284
2017-01-16,0.02827
2017-01-13,0.02776
2017-01-12,0.0277
2017-01-11,0.02757
2017-01-10,0.02759
2017-01-09,0.02756
2017-01-06,0.02749
2017-01-05,0.02766
2017-01-04,0.02758
2017-01-03,0.02758
2017-01-02,0.02788
2016-12-30,0.02791
2016-12-29,0.02792
2016-12-28,0.02784
2016-12-27,0.02788
2016-12-26,0.02793
2016-12-23,0.02784
2016-12-22,0.0283
2016-12-21,0.02838
2016-12-20,0.02844
2016-12-19,0.02881
2016-12-16,0.02852
2016-12-15,0.0286
2016-12-14,0.02876
2016-12-13,0.02895
2016-12-12,0.02918
2016-12-09,0.02941
2016-12-08,0.02979
2016-12-07,0.02972
2016-12-06,0.03011
2016-12-05,0.03021
2016-12-02,0.03047
2016-12-01,0.02995
2016-11-30,0.02989
2016-11-29,0.03015
2016-11-28,0.03018
2016-11-25,0.03033
2016-11-24,0.03003
2016-11-23,0.03018
2016-11-22,0.03013
2016-11-21,0.03018
2016-11-18,0.03072
2016-11-17,0.03108
2016-11-16,0.03129
2016-11-14,0.03177
2016-11-11,0.03229
2016-11-10,0.03097
2016-11-09,0.0308
2016-11-08,0.03057
2016-11-07,0.03064
2016-11-04,0.03145
2016-11-03,0.03134
2016-11-01,0.03062
2016-10-31,0.03026
2016-10-28,0.03017
2016-10-27,0.02991
2016-10-26,0.02989
2016-10-25,0.02981
2016-10-24,0.03003
2016-10-21,0.03042
2016-10-20,0.03038
2016-10-19,0.03078
2016-10-18,0.03065
2016-10-17,0.0307
2016-10-14,0.03059
2016-10-13,0.03095
2016-10-11,0.03107
2016-10-10,0.03098
2016-10-07,0.03105
2016-10-06,0.03105
2016-10-05,0.03124
2016-10-04,0.03136
2016-10-03,0.03184
2016-09-30,0.03206
2016-09-29,0.03175
2016-09-28,0.03228
2016-09-27,0.03223
2016-09-26,0.03228
2016-09-23,0.03189
2016-09-22,0.03175
2016-09-21,0.0322
2016-09-20,0.03199
2016-09-19,0.03204
2016-09-16,0.03223
2016-09-15,0.03258
2016-09-14,0.03249
2016-09-13,0.03227
2016-09-12,0.03221
2016-09-09,0.03172
2016-09-08,0.03121
2016-09-06,0.03172
2016-09-05,0.03164
2016-09-02,0.03112
2016-09-01,0.03145
2016-08-31,0.03133
2016-08-30,0.03159
2016-08-29,0.03192
2016-08-26,0.03176
2016-08-25,0.03212
2016-08-24,0.0322
2016-08-23,0.03198
2016-08-22,0.03206
2016-08-19,0.03218
2016-08-18,0.03218
2016-08-17,0.03215
2016-08-16,0.03164
2016-08-15,0.03134
2016-08-12,0.03127
2016-08-11,0.0309
2016-08-10,0.03089
2016-08-09,0.03088
2016-08-08,0.03098
2016-08-05,0.0313
2016-08-04,0.03183
2016-08-03,0.03228
2016-08-02,0.03221
2016-08-01,0.03193
2016-07-29,0.03164
2016-07-28,0.03121
2016-07-27,0.03105
2016-07-26,0.03127
2016-07-25,0.03094
2016-07-22,0.03091
2016-07-21,0.03074
2016-07-20,0.03047
2016-07-19,0.03089
2016-07-18,0.03078
2016-07-15,0.0309
2016-07-14,0.03065
2016-07-13,0.03159
2016-07-12,0.03127
2016-07-11,0.03217
2016-07-08,0.03274
2016-07-07,0.03313
2016-07-06,0.03286
2016-07-05,0.03238
2016-07-04,0.03167
2016-07-01,0.03148
2016-06-30,0.03122
2016-06-29,0.03158
2016-06-28,0.03237
2016-06-27,0.03337
2016-06-24,0.03301
2016-06-23,0.03165
2016-06-22,0.0324
2016-06-21,0.0324
2016-06-20,0.03242
2016-06-17,0.03298
2016-06-16,0.03354
2016-06-15,0.03283
2016-06-14,0.03285
2016-06-13,0.03254
2016-06-10,0.03199
2016-06-09,0.03172
2016-06-08,0.03176
2016-06-07,0.03237
2016-06-06,0.03269
2016-06-03,0.03311
2016-06-02,0.03305
2016-06-01,0.03296
2016-05-31,0.03245
2016-05-30,0.0324
2016-05-27,0.03292
2016-05-25,0.03247
2016-05-24,0.03225
2016-05-23,0.03256
2016-05-20,0.03203
2016-05-19,0.03278
2016-05-18,0.03224
2016-05-17,0.03213
2016-05-16,0.03216
2016-05-13,0.03209
2016-05-12,0.03207
2016-05-11,0.03193
2016-05-10,0.03183
2016-05-09,0.03264
2016-05-06,0.03315
2016-05-05,0.03288
2016-05-04,0.03303
2016-05-03,0.03342
2016-05-02,0.03285
2016-04-29,0.03227
2016-04-28,0.03223
2016-04-27,0.03171
2016-04-26,0.03172
2016-04-25,0.03192
2016-04-22,0.03212
2016-04-20,0.0324
2016-04-19,0.03254
2016-04-18,0.03298
2016-04-15,0.03243
2016-04-14,0.03216
2016-04-13,0.03243
2016-04-12,0.03261
2016-04-11,0.03267
2016-04-08,0.03356
2016-04-07,0.03418
2016-04-06,0.0335
2016-04-05,0.03322
2016-04-04,0.03226
2016-04-01,0.03194
2016-03-31,0.03165
2016-03-30,0.03207
2016-03-29,0.03236
2016-03-28,0.03213
2016-03-24,0.03279
2016-03-23,0.03243
2016-03-22,0.03225
2016-03-21,0.03245
2016-03-18,0.03244
2016-03-17,0.03274
2016-03-16,0.03348
2016-03-15,0.03287
2016-03-14,0.03189
2016-03-11,0.03194
2016-03-10,0.03236
2016-03-09,0.0328
2016-03-08,0.03361
2016-03-07,0.03321
2016-03-04,0.03267
2016-03-03,0.03389
2016-03-02,0.03433
2016-03-01,0.03513
2016-02-29,0.03524
2016-02-26,0.03474
2016-02-25,0.03496
2016-02-24,0.0359
2016-02-23,0.0354
2016-02-22,0.03505
2016-02-19,0.03585
2016-02-18,0.03523
2016-02-17,0.03528
2016-02-16,0.03528
2016-02-15,0.03487
2016-02-12,0.03538
2016-02-11,0.03523
2016-02-10,0.03458
2016-02-05,0.0333
2016-02-04,0.03303
2016-02-03,0.03334
2016-02-02,0.03316
2016-02-01,0.03308
2016-01-29,0.03324
2016-01-28,0.03434
2016-01-27,0.03411
2016-01-26,0.03459
2016-01-25,0.03461
2016-01-22,0.0348
2016-01-21,0.0355
2016-01-20,0.03506
2016-01-19,0.03423
2016-01-18,0.03439
2016-01-15,0.03454
2016-01-14,0.03422
2016-01-13,0.03373
2016-01-12,0.03419
2016-01-11,0.03413
2016-01-08,0.03405
2016-01-07,0.03427
2016-01-06,0.03397
2016-01-05,0.03367
2016-01-04,0.0339
2015-12-31,0.03241
2015-12-30,0.03237
2015-12-29,0.03195
2015-12-28,0.03254
2015-12-24,0.0328
2015-12-23,0.03276
2015-12-22,0.03289
2015-12-21,0.03287
2015-12-18,0.03214
2015-12-17,0.03172
2015-12-16,0.03229
2015-12-15,0.03187
2015-12-14,0.03229
2015-12-11,0.03185
2015-12-10,0.03102
2015-12-09,0.03078
2015-12-08,0.03086
2015-12-07,0.03037
2015-12-04,0.03054
2015-12-03,0.03077
2015-12-02,0.03123
2015-12-01,0.03146
2015-11-30,0.03128
2015-11-27,0.03047
2015-11-26,0.03068
2015-11-25,0.03066
2015-11-24,0.03023
2015-11-23,0.0303
2015-11-20,0.03013
2015-11-19,0.03044
2015-11-18,0.03072
2015-11-17,0.03084
2015-11-16,0.03114
2015-11-13,0.03097
2015-11-12,0.03094
2015-11-11,0.03034
2015-11-10,0.03077
2015-11-09,0.03074
2015-11-06,0.03099
2015-11-05,0.0311
2015-11-04,0.03106
2015-11-03,0.03144
2015-10-30,0.03202
2015-10-29,0.03249
2015-10-28,0.03221
2015-10-27,0.03249
2015-10-26,0.03189
2015-10-23,0.03218
2015-10-22,0.03269
2015-10-21,0.03283
2015-10-20,0.03223
2015-10-19,0.03265
2015-10-16,0.03213
2015-10-15,0.03242
2015-10-14,0.03229
2015-10-13,0.03191
2015-10-09,0.03107
2015-10-08,0.03211
2015-10-07,0.03173
2015-10-06,0.03208
2015-10-05,0.0325
2015-10-02,0.03349
2015-10-01,0.03326
2015-09-30,0.03315
2015-09-29,0.03438
2015-09-28,0.03345
2015-09-25,0.03268
2015-09-24,0.03508
2015-09-23,0.03415
2015-09-22,0.03367
2015-09-21,0.03305
2015-09-18,0.03255
2015-09-17,0.03218
2015-09-16,0.0318
2015-09-15,0.03208
2015-09-14,0.03222
2015-09-11,0.03206
2015-09-10,0.03204
2015-09-09,0.0313
2015-09-08,0.03175
2015-09-04,0.0319
2015-09-03,0.0314
2015-09-02,0.03109
2015-09-01,0.03061
2015-08-31,0.03006
2015-08-28,0.02949
2015-08-27,0.0294
2015-08-26,0.03049
2015-08-25,0.02947
2015-08-24,0.0299
2015-08-21,0.02857
2015-08-20,0.02812
2015-08-19,0.02807
2015-08-18,0.02798
2015-08-17,0.02794
2015-08-14,0.02797
2015-08-13,0.02821
2015-08-12,0.0281
2015-08-11,0.02795
2015-08-10,0.02802
2015-08-07,0.0283
2015-08-06,0.02836
2015-08-05,0.02791
2015-08-04,0.02795
2015-08-03,0.02776
2015-07-31,0.02738
2015-07-30,0.02705
2015-07-29,0.02697
2015-07-28,0.02737
2015-07-27,0.02722
