DATA,CHF_BRL
2025-07-25,0.03751
2025-07-24,0.0376
2025-07-23,0.0379
2025-07-22,0.03806
2025-07-21,0.03777
2025-07-18,0.03734
2025-07-17,0.03752
2025-07-16,0.03763
2025-07-15,0.03736
2025-07-14,0.03764
2025-07-11,0.03784
2025-07-10,0.03785
2025-07-09,0.03728
2025-07-08,0.03718
2025-07-07,0.0374
2025-07-04,0.03742
2025-07-03,0.0374
2025-07-02,0.03792
2025-07-01,0.03797
2025-06-30,0.03785
2025-06-27,0.03784
2025-06-26,0.0382
2025-06-25,0.03807
2025-06-24,0.03792
2025-06-23,0.0377
2025-06-20,0.03766
2025-06-18,0.03796
2025-06-17,0.03776
2025-06-16,0.03825
2025-06-13,0.03864
2025-06-12,0.03857
2025-06-11,0.03834
2025-06-10,0.03834
2025-06-09,0.03863
2025-06-06,0.03862
2025-06-05,0.0389
2025-06-04,0.03942
2025-06-03,0.03939
2025-06-02,0.03989
2025-05-30,0.03959
2025-05-29,0.03926
2025-05-28,0.03926
2025-05-27,0.03916
2025-05-26,0.03964
2025-05-23,0.03992
2025-05-22,0.0392
2025-05-21,0.03937
2025-05-20,0.03912
2025-05-19,0.03904
2025-05-16,0.03898
2025-05-15,0.03868
2025-05-14,0.03828
2025-05-13,0.03808
2025-05-12,0.03837
2025-05-09,0.03894
2025-05-08,0.03909
2025-05-07,0.03999
2025-05-06,0.04007
2025-05-05,0.03925
2025-05-02,0.03903
2025-04-30,0.03969
2025-04-29,0.03968
2025-04-28,0.03973
2025-04-25,0.03955
2025-04-24,0.03978
2025-04-23,0.03987
2025-04-22,0.04081
2025-04-17,0.04114
2025-04-16,0.04125
2025-04-15,0.04103
2025-04-14,0.04087
2025-04-11,0.04091
2025-04-10,0.04095
2025-04-09,0.04177
2025-04-08,0.04038
2025-04-07,0.0398
2025-04-04,0.0396
2025-04-03,0.03839
2025-04-02,0.03796
2025-04-01,0.03819
2025-03-31,0.03831
2025-03-28,0.03838
2025-03-27,0.03807
2025-03-26,0.03803
2025-03-25,0.03806
2025-03-24,0.03809
2025-03-21,0.03842
2025-03-20,0.03805
2025-03-19,0.03777
2025-03-18,0.03804
2025-03-17,0.03843
2025-03-14,0.03866
2025-03-13,0.03935
2025-03-12,0.03929
2025-03-11,0.03956
2025-03-10,0.03937
2025-03-07,0.03911
2025-03-06,0.03878
2025-03-05,0.03888
2025-02-28,0.03882
2025-02-27,0.03884
2025-02-26,0.03864
2025-02-25,0.03876
2025-02-24,0.03835
2025-02-21,0.03814
2025-02-20,0.03814
2025-02-19,0.0377
2025-02-18,0.03757
2025-02-17,0.03773
2025-02-14,0.03765
2025-02-13,0.03774
2025-02-12,0.03737
2025-02-11,0.0379
2025-02-10,0.03813
2025-02-07,0.03802
2025-02-06,0.03814
2025-02-05,0.03812
2025-02-04,0.03746
2025-02-03,0.03792
2025-01-31,0.03765
2025-01-30,0.03828
2025-01-29,0.03781
2025-01-28,0.03785
2025-01-27,0.0384
2025-01-24,0.03784
2025-01-23,0.03804
2025-01-22,0.03816
2025-01-21,0.03892
2025-01-20,0.03886
2025-01-17,0.03883
2025-01-16,0.03881
2025-01-15,0.03864
2025-01-14,0.03841
2025-01-13,0.03878
2025-01-10,0.0387
2025-01-09,0.03855
2025-01-08,0.03872
2025-01-07,0.03846
2025-01-06,0.03881
2025-01-03,0.03911
2025-01-02,0.03952
2024-12-31,0.03947
2024-12-30,0.0394
2024-12-27,0.03935
2024-12-26,0.03901
2024-12-24,0.03915
2024-12-23,0.03922
2024-12-20,0.03884
2024-12-19,0.03922
2024-12-18,0.04001
2024-12-17,0.04018
2024-12-16,0.03924
2024-12-13,0.03931
2024-12-12,0.03901
2024-12-11,0.03956
2024-12-10,0.03979
2024-12-09,0.04011
2024-12-06,0.04023
2024-12-05,0.03984
2024-12-04,0.04028
2024-12-03,0.0407
2024-12-02,0.04046
2024-11-29,0.04031
2024-11-28,0.03951
2024-11-27,0.03858
2024-11-26,0.03779
2024-11-25,0.03757
2024-11-22,0.03753
2024-11-21,0.0377
2024-11-19,0.03751
2024-11-18,0.03717
2024-11-14,0.03712
2024-11-13,0.03724
2024-11-12,0.03734
2024-11-11,0.03769
2024-11-08,0.03782
2024-11-07,0.03702
2024-11-06,0.03735
2024-11-05,0.03805
2024-11-04,0.03809
2024-11-01,0.03797
2024-10-31,0.03792
2024-10-30,0.03774
2024-10-29,0.03723
2024-10-28,0.0372
2024-10-25,0.03746
2024-10-24,0.03759
2024-10-23,0.0374
2024-10-22,0.0377
2024-10-21,0.03793
2024-10-18,0.03789
2024-10-17,0.03781
2024-10-16,0.03791
2024-10-15,0.03778
2024-10-14,0.03741
2024-10-11,0.03773
2024-10-10,0.03757
2024-10-09,0.03736
2024-10-08,0.03724
2024-10-07,0.03688
2024-10-04,0.03678
2024-10-03,0.03736
2024-10-02,0.03719
2024-10-01,0.03795
2024-09-30,0.03803
2024-09-27,0.03817
2024-09-26,0.03817
2024-09-25,0.0379
2024-09-24,0.03805
2024-09-23,0.03862
2024-09-20,0.03806
2024-09-19,0.03793
2024-09-18,0.03859
2024-09-17,0.0388
2024-09-16,0.03921
2024-09-13,0.03961
2024-09-12,0.03976
2024-09-11,0.03979
2024-09-10,0.03954
2024-09-09,0.03925
2024-09-06,0.03919
2024-09-05,0.03908
2024-09-04,0.03905
2024-09-03,0.03855
2024-09-02,0.03827
2024-08-30,0.03875
2024-08-29,0.03887
2024-08-28,0.03829
2024-08-27,0.0381
2024-08-26,0.03801
2024-08-23,0.03815
2024-08-22,0.03804
2024-08-21,0.03768
2024-08-20,0.03744
2024-08-19,0.03704
2024-08-16,0.03688
2024-08-15,0.0367
2024-08-14,0.03711
2024-08-13,0.03734
2024-08-12,0.03722
2024-08-09,0.03762
2024-08-08,0.03819
2024-08-07,0.03805
2024-08-06,0.03895
2024-08-05,0.04004
2024-08-02,0.03903
2024-08-01,0.03777
2024-07-31,0.03765
2024-07-30,0.03677
2024-07-29,0.03669
2024-07-26,0.0367
2024-07-25,0.03663
2024-07-24,0.03674
2024-07-23,0.03577
2024-07-22,0.03539
2024-07-19,0.03529
2024-07-18,0.03531
2024-07-17,0.03492
2024-07-16,0.03423
2024-07-15,0.03456
2024-07-12,0.03454
2024-07-11,0.03412
2024-07-10,0.03337
2024-07-09,0.0337
2024-07-08,0.03404
2024-07-05,0.0342
2024-07-04,0.03403
2024-07-03,0.0346
2024-07-02,0.03509
2024-07-01,0.0346
2024-06-28,0.03456
2024-06-27,0.03437
2024-06-26,0.03429
2024-06-25,0.034
2024-06-24,0.03381
2024-06-21,0.03413
2024-06-20,0.03417
2024-06-19,0.0346
2024-06-18,0.03427
2024-06-17,0.03431
2024-06-14,0.0341
2024-06-13,0.03443
2024-06-12,0.03457
2024-06-11,0.03402
2024-06-10,0.0342
2024-06-07,0.03372
2024-06-06,0.03378
2024-06-05,0.03383
2024-06-04,0.03403
2024-06-03,0.03357
2024-05-31,0.03335
2024-05-29,0.03298
2024-05-28,0.03285
2024-05-27,0.03296
2024-05-24,0.03283
2024-05-23,0.03276
2024-05-22,0.03291
2024-05-21,0.0327
2024-05-20,0.03273
2024-05-17,0.03289
2024-05-16,0.03302
2024-05-15,0.03317
2024-05-14,0.03281
2024-05-13,0.03292
2024-05-10,0.03302
2024-05-09,0.03313
2024-05-08,0.03274
2024-05-07,0.03274
2024-05-06,0.03297
2024-05-03,0.03315
2024-05-02,0.03329
2024-04-30,0.03283
2024-04-29,0.03265
2024-04-26,0.03247
2024-04-25,0.03323
2024-04-24,0.03326
2024-04-23,0.03335
2024-04-22,0.03363
2024-04-19,0.03382
2024-04-18,0.03397
2024-04-17,0.03394
2024-04-16,0.03405
2024-04-15,0.03355
2024-04-12,0.03354
2024-04-11,0.03314
2024-04-10,0.03313
2024-04-09,0.03301
2024-04-08,0.03322
2024-04-05,0.03333
2024-04-04,0.03313
2024-04-03,0.03344
2024-04-02,0.03331
2024-04-01,0.03331
2024-03-28,0.03301
2024-03-27,0.03294
2024-03-26,0.0329
2024-03-25,0.03293
2024-03-22,0.03297
2024-03-21,0.03286
2024-03-20,0.03305
2024-03-19,0.03341
2024-03-18,0.03361
2024-03-15,0.03349
2024-03-14,0.03359
2024-03-13,0.03371
2024-03-12,0.03373
2024-03-11,0.0339
2024-03-08,0.03384
2024-03-07,0.03332
2024-03-06,0.03307
2024-03-05,0.033
2024-03-04,0.03288
2024-03-01,0.03304
2024-02-29,0.0333
2024-02-28,0.03286
2024-02-27,0.03295
2024-02-26,0.03305
2024-02-23,0.03312
2024-02-22,0.03284
2024-02-21,0.03282
2024-02-20,0.03298
2024-02-19,0.03302
2024-02-16,0.03313
2024-02-15,0.03313
2024-02-14,0.03304
2024-02-09,0.0333
2024-02-08,0.03333
2024-02-07,0.03353
2024-02-06,0.03355
2024-02-05,0.03362
2024-02-02,0.03336
2024-02-01,0.03373
2024-01-31,0.03389
2024-01-30,0.03358
2024-01-29,0.03334
2024-01-26,0.03317
2024-01-25,0.03336
2024-01-24,0.03349
2024-01-23,0.03348
2024-01-22,0.03348
2024-01-19,0.03324
2024-01-18,0.03334
2024-01-17,0.03325
2024-01-16,0.03341
2024-01-15,0.03345
2024-01-12,0.03355
2024-01-11,0.03343
2024-01-10,0.03359
2024-01-09,0.03391
2024-01-08,0.03394
2024-01-05,0.03393
2024-01-04,0.034
2024-01-03,0.03428
2024-01-02,0.03447
2023-12-29,0.03422
2023-12-28,0.03436
2023-12-27,0.03397
2023-12-26,0.03392
2023-12-22,0.03415
2023-12-21,0.03429
2023-12-20,0.03394
2023-12-19,0.03384
2023-12-18,0.03453
2023-12-15,0.03485
2023-12-14,0.03452
2023-12-13,0.03416
2023-12-12,0.03397
2023-12-11,0.03377
2023-12-08,0.03402
2023-12-07,0.03399
2023-12-06,0.03331
2023-12-05,0.03367
2023-12-04,0.03337
2023-12-01,0.03333
2023-11-30,0.03339
2023-11-29,0.0332
2023-11-28,0.03305
2023-11-27,0.03287
2023-11-24,0.03273
2023-11-23,0.03273
2023-11-22,0.03272
2023-11-21,0.03303
2023-11-20,0.03284
2023-11-17,0.03266
2023-11-16,0.0323
2023-11-14,0.03228
2023-11-13,0.03247
2023-11-10,0.0325
2023-11-09,0.03247
2023-11-08,0.03239
2023-11-07,0.03234
2023-11-06,0.03273
2023-11-03,0.03275
2023-11-01,0.03325
2023-10-31,0.03339
2023-10-30,0.03361
2023-10-27,0.03307
2023-10-26,0.03327
2023-10-25,0.03334
2023-10-24,0.03341
2023-10-23,0.03349
2023-10-20,0.03372
2023-10-19,0.03371
2023-10-18,0.03374
2023-10-17,0.03366
2023-10-16,0.03384
2023-10-13,0.03384
2023-10-11,0.03389
2023-10-10,0.03422
2023-10-09,0.03475
2023-10-06,0.03483
2023-10-05,0.03483
2023-10-04,0.03462
2023-10-03,0.03426
2023-10-02,0.03383
2023-09-29,0.03351
2023-09-28,0.03384
2023-09-27,0.03364
2023-09-26,0.03339
2023-09-25,0.03335
2023-09-22,0.03315
2023-09-21,0.03339
2023-09-20,0.03282
2023-09-19,0.03287
2023-09-18,0.03288
2023-09-15,0.03294
2023-09-14,0.03313
2023-09-13,0.03335
2023-09-12,0.03365
2023-09-11,0.03371
2023-09-08,0.03374
2023-09-06,0.03371
2023-09-05,0.03367
2023-09-04,0.03358
2023-09-01,0.03374
2023-08-31,0.03379
2023-08-30,0.03334
2023-08-29,0.03336
2023-08-28,0.03343
2023-08-25,0.03332
2023-08-24,0.03344
2023-08-23,0.03386
2023-08-22,0.03391
2023-08-21,0.03408
2023-08-18,0.03426
2023-08-17,0.03408
2023-08-16,0.03413
2023-08-15,0.03426
2023-08-14,0.03406
2023-08-11,0.03376
2023-08-10,0.0336
2023-08-09,0.03414
2023-08-08,0.03437
2023-08-07,0.03441
2023-08-04,0.03428
2023-08-03,0.03427
2023-08-02,0.03358
2023-08-01,0.03331
2023-07-31,0.03335
2023-07-28,0.03358
2023-07-27,0.03347
2023-07-26,0.03374
2023-07-25,0.03371
2023-07-24,0.03361
2023-07-21,0.03368
2023-07-20,0.03412
2023-07-19,0.03435
2023-07-18,0.03458
2023-07-17,0.03477
2023-07-14,0.03457
2023-07-13,0.03478
2023-07-12,0.03477
2023-07-11,0.03484
2023-07-10,0.03443
2023-07-07,0.03432
2023-07-06,0.03399
2023-07-05,0.03361
2023-07-04,0.03328
2023-07-03,0.03313
2023-06-30,0.03336
2023-06-29,0.03357
2023-06-28,0.03367
2023-06-27,0.03327
2023-06-26,0.03323
2023-06-23,0.03324
2023-06-22,0.03342
2023-06-21,0.03364
2023-06-20,0.03388
2023-06-19,0.03369
2023-06-16,0.03405
2023-06-15,0.03432
2023-06-14,0.03479
2023-06-13,0.03467
2023-06-12,0.03495
2023-06-09,0.03511
2023-06-07,0.03509
2023-06-06,0.03529
2023-06-05,0.03526
2023-06-02,0.03546
2023-06-01,0.03629
2023-05-31,0.03646
2023-05-30,0.03618
2023-05-29,0.03561
2023-05-26,0.03566
2023-05-25,0.03576
2023-05-24,0.03555
2023-05-23,0.0358
2023-05-22,0.03583
2023-05-19,0.03621
2023-05-18,0.03585
2023-05-17,0.03601
2023-05-16,0.03596
2023-05-15,0.03609
2023-05-12,0.0363
2023-05-11,0.03696
2023-05-10,0.03683
2023-05-09,0.037
2023-05-08,0.03686
2023-05-05,0.03685
2023-05-04,0.03746
2023-05-03,0.03712
2023-05-02,0.03688
2023-04-28,0.03677
2023-04-27,0.03741
2023-04-26,0.03783
2023-04-25,0.03778
2023-04-24,0.03765
2023-04-20,0.03766
2023-04-19,0.03744
2023-04-18,0.03705
2023-04-17,0.03675
2023-04-14,0.03698
2023-04-13,0.03709
2023-04-12,0.03715
2023-04-11,0.03752
2023-04-10,0.03801
2023-04-06,0.0385
2023-04-05,0.03848
2023-04-04,0.03857
2023-04-03,0.03826
2023-03-31,0.03827
2023-03-30,0.03862
2023-03-29,0.03881
2023-03-28,0.0395
2023-03-27,0.03978
2023-03-24,0.04051
2023-03-23,0.04018
2023-03-22,0.03969
2023-03-21,0.03965
2023-03-20,0.03987
2023-03-17,0.0399
2023-03-16,0.03976
2023-03-15,0.03989
2023-03-14,0.03898
2023-03-13,0.03935
2023-03-10,0.03859
2023-03-09,0.03767
2023-03-08,0.03754
2023-03-07,0.03794
2023-03-06,0.03823
2023-03-03,0.03817
2023-03-02,0.0381
2023-03-01,0.03826
2023-02-28,0.03824
2023-02-27,0.03819
2023-02-24,0.03797
2023-02-23,0.03807
2023-02-22,0.0384
2023-02-17,0.03872
2023-02-16,0.03908
2023-02-15,0.03891
2023-02-14,0.03878
2023-02-13,0.03904
2023-02-10,0.04
2023-02-09,0.03997
2023-02-08,0.03959
2023-02-07,0.03939
2023-02-06,0.03897
2023-02-03,0.03894
2023-02-02,0.03885
2023-02-01,0.03924
2023-01-31,0.03922
2023-01-30,0.0391
2023-01-27,0.03906
2023-01-26,0.03906
2023-01-25,0.03939
2023-01-24,0.03974
2023-01-23,0.03975
2023-01-20,0.04002
2023-01-19,0.04059
2023-01-18,0.03966
2023-01-17,0.03995
2023-01-16,0.03977
2023-01-13,0.04011
2023-01-12,0.03959
2023-01-11,0.03923
2023-01-10,0.03964
2023-01-09,0.04015
2023-01-06,0.03991
2023-01-05,0.04036
2023-01-04,0.04125
2023-01-03,0.04112
2023-01-02,0.04086
2022-12-30,0.03957
2022-12-29,0.03917
2022-12-28,0.03929
2022-12-27,0.03962
2022-12-26,0.03903
2022-12-23,0.03873
2022-12-22,0.03922
2022-12-21,0.03943
2022-12-20,0.03991
2022-12-19,0.03881
2022-12-16,0.03865
2022-12-15,0.03866
2022-12-14,0.03961
2022-12-13,0.03897
2022-12-12,0.03862
2022-12-09,0.03837
2022-12-08,0.03816
2022-12-07,0.0382
2022-12-06,0.03834
2022-12-05,0.03849
2022-12-02,0.03837
2022-12-01,0.03822
2022-11-30,0.03795
2022-11-29,0.03837
2022-11-28,0.03877
2022-11-25,0.03844
2022-11-24,0.03842
2022-11-23,0.0386
2022-11-22,0.03774
2022-11-21,0.03752
2022-11-18,0.03823
2022-11-17,0.03888
2022-11-16,0.03818
2022-11-14,0.03776
2022-11-11,0.03815
2022-11-10,0.03747
2022-11-09,0.03529
2022-11-08,0.03557
2022-11-07,0.03475
2022-11-04,0.03421
2022-11-03,0.03466
2022-11-01,0.03477
2022-10-31,0.03537
2022-10-28,0.0362
2022-10-27,0.0363
2022-10-26,0.03635
2022-10-25,0.03591
2022-10-24,0.03545
2022-10-21,0.03547
2022-10-20,0.03483
2022-10-19,0.03526
2022-10-18,0.03532
2022-10-17,0.03545
2022-10-14,0.03558
2022-10-13,0.03603
2022-10-11,0.03577
2022-10-10,0.03564
2022-10-07,0.03597
2022-10-06,0.03588
2022-10-05,0.03603
2022-10-04,0.03562
2022-10-03,0.03599
2022-09-30,0.03737
2022-09-29,0.03733
2022-09-28,0.03718
2022-09-27,0.03698
2022-09-26,0.03707
2022-09-23,0.0365
2022-09-22,0.03635
2022-09-21,0.03586
2022-09-20,0.036
2022-09-19,0.03653
2022-09-16,0.03697
2022-09-15,0.03637
2022-09-14,0.03623
2022-09-13,0.03589
2022-09-12,0.03594
2022-09-09,0.03625
2022-09-08,0.03621
2022-09-06,0.03654
2022-09-05,0.03679
2022-09-02,0.03704
2022-09-01,0.03717
2022-08-31,0.03734
2022-08-30,0.03649
2022-08-29,0.03635
2022-08-26,0.03713
2022-08-25,0.0374
2022-08-24,0.03729
2022-08-23,0.03743
2022-08-22,0.03759
2022-08-19,0.03792
2022-08-18,0.03827
2022-08-17,0.03825
2022-08-16,0.03821
2022-08-15,0.03825
2022-08-12,0.0382
2022-08-11,0.03853
2022-08-10,0.03809
2022-08-09,0.03796
2022-08-08,0.03804
2022-08-05,0.03855
2022-08-04,0.03933
2022-08-03,0.03938
2022-08-02,0.03955
2022-08-01,0.03915
2022-07-29,0.03895
2022-07-28,0.03879
2022-07-27,0.03864
2022-07-26,0.03924
2022-07-25,0.0396
2022-07-22,0.04005
2022-07-21,0.03969
2022-07-20,0.03929
2022-07-19,0.03908
2022-07-18,0.03883
2022-07-15,0.03899
2022-07-14,0.03927
2022-07-13,0.03931
2022-07-12,0.0396
2022-07-11,0.03895
2022-07-08,0.03899
2022-07-07,0.03944
2022-07-06,0.04004
2022-07-05,0.03972
2022-07-04,0.03909
2022-07-01,0.03934
2022-06-30,0.0386
2022-06-29,0.0383
2022-06-28,0.03831
2022-06-27,0.0386
2022-06-24,0.0387
2022-06-23,0.03848
2022-06-22,0.03786
2022-06-21,0.03777
2022-06-20,0.03825
2022-06-17,0.03797
2022-06-15,0.03801
2022-06-14,0.03796
2022-06-13,0.03805
2022-06-10,0.03714
2022-06-09,0.03651
2022-06-08,0.03634
2022-06-07,0.0369
2022-06-06,0.03637
2022-06-03,0.03663
2022-06-02,0.03688
2022-06-01,0.03672
2022-05-31,0.03679
2022-05-30,0.03702
2022-05-27,0.03731
2022-05-26,0.0377
2022-05-25,0.03799
2022-05-24,0.03801
2022-05-23,0.03754
2022-05-20,0.03815
2022-05-19,0.03855
2022-05-18,0.03868
2022-05-17,0.03842
2022-05-16,0.03923
2022-05-13,0.03952
2022-05-12,0.04019
2022-05-11,0.03936
2022-05-10,0.03947
2022-05-09,0.03937
2022-05-06,0.03894
2022-05-05,0.03838
2022-05-04,0.03854
2022-05-03,0.03857
2022-05-02,0.03861
2022-04-29,0.03789
2022-04-28,0.03827
2022-04-27,0.03906
2022-04-26,0.03899
2022-04-25,0.03824
2022-04-22,0.03675
2022-04-20,0.03632
2022-04-19,0.0363
2022-04-18,0.03688
2022-04-14,0.03745
2022-04-13,0.03729
2022-04-12,0.03712
2022-04-11,0.03746
2022-04-08,0.03822
2022-04-07,0.03831
2022-04-06,0.03797
2022-04-05,0.03758
2022-04-04,0.03763
2022-04-01,0.03833
2022-03-31,0.03902
2022-03-30,0.03895
2022-03-29,0.03874
2022-03-28,0.03886
2022-03-25,0.03917
2022-03-24,0.03939
2022-03-23,0.04024
2022-03-22,0.04079
2022-03-21,0.04168
2022-03-18,0.0423
2022-03-17,0.04286
2022-03-16,0.04329
2022-03-15,0.04342
2022-03-14,0.04293
2022-03-11,0.04296
2022-03-10,0.04356
2022-03-09,0.04326
2022-03-08,0.04405
2022-03-07,0.04384
2022-03-04,0.04421
2022-03-03,0.04366
2022-03-02,0.04444
2022-02-25,0.04447
2022-02-24,0.04427
2022-02-23,0.04359
2022-02-22,0.04399
2022-02-21,0.04441
2022-02-18,0.04459
2022-02-17,0.04486
2022-02-16,0.04473
2022-02-15,0.04483
2022-02-14,0.04509
2022-02-11,0.04487
2022-02-10,0.04494
2022-02-09,0.04568
2022-02-08,0.0456
2022-02-07,0.04599
2022-02-04,0.04623
2022-02-03,0.04615
2022-02-02,0.0463
2022-02-01,0.04601
2022-01-31,0.0465
2022-01-28,0.04685
2022-01-27,0.04662
2022-01-26,0.04752
2022-01-25,0.04825
2022-01-24,0.04819
2022-01-21,0.04786
2022-01-20,0.04752
2022-01-19,0.04808
2022-01-18,0.0482
2022-01-17,0.04804
2022-01-14,0.04865
2022-01-13,0.04842
2022-01-12,0.04842
2022-01-11,0.04881
2022-01-10,0.04929
2022-01-07,0.04908
2022-01-06,0.04928
2022-01-05,0.04891
2022-01-04,0.0489
2022-01-03,0.04884
2021-12-31,0.04847
2021-12-30,0.04847
2021-12-29,0.04927
2021-12-28,0.04918
2021-12-27,0.04931
2021-12-24,0.04949
2021-12-23,0.04975
2021-12-22,0.05004
2021-12-21,0.0503
2021-12-20,0.05031
2021-12-17,0.05013
2021-12-16,0.05008
2021-12-15,0.05019
2021-12-14,0.04966
2021-12-13,0.04963
2021-12-10,0.04932
2021-12-09,0.04899
2021-12-08,0.04898
2021-12-07,0.04964
2021-12-06,0.05014
2021-12-03,0.04985
2021-12-02,0.04988
2021-12-01,0.04972
2021-11-30,0.04951
2021-11-29,0.0494
2021-11-26,0.04936
2021-11-25,0.04832
2021-11-24,0.04854
2021-11-23,0.04911
2021-11-22,0.04867
2021-11-19,0.04882
2021-11-18,0.04854
2021-11-17,0.04802
2021-11-16,0.04781
2021-11-12,0.04757
2021-11-11,0.04754
2021-11-10,0.04793
2021-11-09,0.04867
2021-11-08,0.04915
2021-11-05,0.04888
2021-11-04,0.04924
2021-11-03,0.04969
2021-11-01,0.04964
2021-10-29,0.04948
2021-10-28,0.04951
2021-10-27,0.04894
2021-10-26,0.04887
2021-10-25,0.04923
2021-10-22,0.0503
2021-10-21,0.04961
2021-10-20,0.04864
2021-10-19,0.04858
2021-10-18,0.04832
2021-10-15,0.04769
2021-10-14,0.04841
2021-10-13,0.04888
2021-10-11,0.04866
2021-10-08,0.04912
2021-10-07,0.04946
2021-10-06,0.04949
2021-10-05,0.04903
2021-10-04,0.04886
2021-10-01,0.04858
2021-09-30,0.04878
2021-09-29,0.04845
2021-09-28,0.04869
2021-09-27,0.0482
2021-09-24,0.04827
2021-09-23,0.04801
2021-09-22,0.04816
2021-09-21,0.04852
2021-09-20,0.04872
2021-09-17,0.04831
2021-09-16,0.04796
2021-09-15,0.04806
2021-09-14,0.04766
2021-09-13,0.04747
2021-09-10,0.04745
2021-09-09,0.04813
2021-09-08,0.04761
2021-09-06,0.04714
2021-09-03,0.04714
2021-09-02,0.04703
2021-09-01,0.04688
2021-08-31,0.04674
2021-08-30,0.04727
2021-08-27,0.04753
2021-08-26,0.04763
2021-08-25,0.04769
2021-08-24,0.04834
2021-08-23,0.0489
2021-08-20,0.04945
2021-08-19,0.04937
2021-08-18,0.04824
2021-08-17,0.04798
2021-08-16,0.04805
2021-08-13,0.04781
2021-08-12,0.04744
2021-08-11,0.04709
2021-08-10,0.04723
2021-08-09,0.04787
2021-08-06,0.04755
2021-08-05,0.04689
2021-08-04,0.04761
2021-08-03,0.04809
2021-08-02,0.04704
2021-07-30,0.04669
2021-07-29,0.04627
2021-07-28,0.04682
2021-07-27,0.04713
2021-07-26,0.04702
2021-07-23,0.04678
2021-07-22,0.04721
2021-07-21,0.04765
2021-07-20,0.04774
2021-07-19,0.04749
2021-07-16,0.04626
2021-07-15,0.04634
2021-07-14,0.04625
2021-07-13,0.04691
2021-07-12,0.04734
2021-07-09,0.04756
2021-07-08,0.04789
2021-07-07,0.04731
2021-07-06,0.04667
2021-07-05,0.04576
2021-07-02,0.04519
2021-07-01,0.04488
2021-06-30,0.04505
2021-06-29,0.04474
2021-06-28,0.04472
2021-06-25,0.04442
2021-06-24,0.04444
2021-06-23,0.04467
2021-06-22,0.04531
2021-06-21,0.04571
2021-06-18,0.04565
2021-06-17,0.04566
2021-06-16,0.0457
2021-06-15,0.0462
2021-06-14,0.04611
2021-06-11,0.04664
2021-06-10,0.04625
2021-06-09,0.0461
2021-06-08,0.04612
2021-06-07,0.04622
2021-06-04,0.0463
2021-06-02,0.04667
2021-06-01,0.04719
2021-05-31,0.04779
2021-05-28,0.0476
2021-05-27,0.04812
2021-05-26,0.04873
2021-05-25,0.04878
2021-05-24,0.0489
2021-05-21,0.04868
2021-05-20,0.04863
2021-05-19,0.04857
2021-05-18,0.04824
2021-05-17,0.04832
2021-05-14,0.04819
2021-05-13,0.0482
2021-05-12,0.04781
2021-05-11,0.04828
2021-05-10,0.04805
2021-05-07,0.04812
2021-05-06,0.04846
2021-05-05,0.04931
2021-05-04,0.04985
2021-05-03,0.04958
2021-04-30,0.04942
2021-04-29,0.04926
2021-04-28,0.04964
2021-04-27,0.05013
2021-04-26,0.05047
2021-04-23,0.05075
2021-04-22,0.05082
2021-04-20,0.05114
2021-04-19,0.05158
2021-04-16,0.05178
2021-04-15,0.0517
2021-04-14,0.05227
2021-04-13,0.05227
2021-04-12,0.05171
2021-04-09,0.05149
2021-04-08,0.0511
2021-04-07,0.05094
2021-04-06,0.05123
2021-04-05,0.0514
2021-04-01,0.0514
2021-03-31,0.05152
2021-03-30,0.05232
2021-03-29,0.05279
2021-03-26,0.05207
2021-03-25,0.05185
2021-03-24,0.05085
2021-03-23,0.0506
2021-03-22,0.05086
2021-03-19,0.05061
2021-03-18,0.05091
2021-03-17,0.05181
2021-03-16,0.05124
2021-03-15,0.05159
2021-03-12,0.05106
2021-03-11,0.05152
2021-03-10,0.05289
2021-03-09,0.05369
2021-03-08,0.05269
2021-03-05,0.05254
2021-03-04,0.05206
2021-03-03,0.05361
2021-03-02,0.05327
2021-03-01,0.05236
2021-02-26,0.05191
2021-02-25,0.0514
2021-02-24,0.05115
2021-02-23,0.05184
2021-02-22,0.05239
2021-02-19,0.05106
2021-02-18,0.05128
2021-02-17,0.05113
2021-02-12,0.05127
2021-02-11,0.05121
2021-02-10,0.05162
2021-02-09,0.05185
2021-02-08,0.05102
2021-02-05,0.05109
2021-02-04,0.05115
2021-02-03,0.05085
2021-02-02,0.05126
2021-02-01,0.05204
2021-01-29,0.05232
2021-01-28,0.05204
2021-01-27,0.0517
2021-01-26,0.05198
2021-01-25,0.05309
2021-01-22,0.05232
2021-01-21,0.05134
2021-01-20,0.05122
2021-01-19,0.05096
2021-01-18,0.05091
2021-01-15,0.05076
2021-01-14,0.05067
2021-01-13,0.05107
2021-01-12,0.05243
2021-01-11,0.05272
2021-01-08,0.05172
2021-01-07,0.05141
2021-01-06,0.05144
2021-01-05,0.05183
2021-01-04,0.05007
2020-12-31,0.05043
2020-12-30,0.05034
2020-12-29,0.05014
2020-12-28,0.05047
2020-12-24,0.04997
2020-12-23,0.04995
2020-12-22,0.04964
2020-12-21,0.04983
2020-12-18,0.04932
2020-12-17,0.04913
2020-12-16,0.04934
2020-12-15,0.04914
2020-12-14,0.0486
2020-12-11,0.04877
2020-12-09,0.04905
2020-12-08,0.04891
2020-12-07,0.04904
2020-12-04,0.04963
2020-12-03,0.04976
2020-12-02,0.04999
2020-12-01,0.05054
2020-11-30,0.05113
2020-11-27,0.05144
2020-11-26,0.05102
2020-11-25,0.05126
2020-11-24,0.05164
2020-11-23,0.05153
2020-11-20,0.05155
2020-11-19,0.05134
2020-11-18,0.05106
2020-11-17,0.05179
2020-11-16,0.05182
2020-11-13,0.05243
2020-11-12,0.05146
2020-11-11,0.05115
2020-11-10,0.05105
2020-11-09,0.05012
2020-11-06,0.05355
2020-11-05,0.05367
2020-11-04,0.0545
2020-11-03,0.05442
2020-10-30,0.05521
2020-10-29,0.05522
2020-10-28,0.05496
2020-10-27,0.05409
2020-10-26,0.05372
2020-10-23,0.05357
2020-10-22,0.05323
2020-10-21,0.05355
2020-10-20,0.05289
2020-10-19,0.05315
2020-10-16,0.05335
2020-10-15,0.05331
2020-10-14,0.05298
2020-10-13,0.05293
2020-10-09,0.0524
2020-10-08,0.05303
2020-10-07,0.05287
2020-10-06,0.05227
2020-10-05,0.05326
2020-10-02,0.0536
2020-10-01,0.05349
2020-09-30,0.05343
2020-09-29,0.05349
2020-09-28,0.05295
2020-09-25,0.05272
2020-09-24,0.05285
2020-09-23,0.0525
2020-09-22,0.05172
2020-09-21,0.05201
2020-09-18,0.05065
2020-09-17,0.0502
2020-09-16,0.05006
2020-09-15,0.04998
2020-09-14,0.05014
2020-09-11,0.04979
2020-09-10,0.04986
2020-09-09,0.04991
2020-09-08,0.05067
2020-09-04,0.0497
2020-09-03,0.05002
2020-09-02,0.05063
2020-09-01,0.0507
2020-08-31,0.05169
2020-08-28,0.05194
2020-08-27,0.05259
2020-08-26,0.05247
2020-08-25,0.05263
2020-08-24,0.05284
2020-08-21,0.05296
2020-08-20,0.05341
2020-08-19,0.05195
2020-08-18,0.05185
2020-08-17,0.05143
2020-08-14,0.05057
2020-08-13,0.05034
2020-08-12,0.05105
2020-08-11,0.05094
2020-08-10,0.05095
2020-08-07,0.0512
2020-08-06,0.05064
2020-08-05,0.05004
2020-08-04,0.05038
2020-08-03,0.05002
2020-07-31,0.04919
2020-07-30,0.04935
2020-07-29,0.04892
2020-07-28,0.0493
2020-07-27,0.04929
2020-07-24,0.04929
2020-07-23,0.04835
2020-07-22,0.04769
2020-07-21,0.04895
2020-07-20,0.05003
2020-07-17,0.04998
2020-07-16,0.05003
2020-07-15,0.05003
2020-07-14,0.05064
2020-07-13,0.04988
2020-07-10,0.05005
2020-07-09,0.0494
2020-07-08,0.04981
2020-07-07,0.04959
2020-07-06,0.04939
2020-07-03,0.04965
2020-07-02,0.04931
2020-07-01,0.04991
2020-06-30,0.05081
2020-06-29,0.05053
2020-06-26,0.05097
2020-06-25,0.04971
2020-06-24,0.04909
2020-06-23,0.04858
2020-06-22,0.04889
2020-06-19,0.05002
2020-06-18,0.05007
2020-06-17,0.04895
2020-06-16,0.04777
2020-06-15,0.04834
2020-06-12,0.04692
2020-06-10,0.04559
2020-06-09,0.04558
2020-06-08,0.04548
2020-06-05,0.04538
2020-06-04,0.04683
2020-06-03,0.0464
2020-06-02,0.04844
2020-06-01,0.04987
2020-05-29,0.05036
2020-05-28,0.04961
2020-05-27,0.04917
2020-05-26,0.0499
2020-05-25,0.05086
2020-05-22,0.05191
2020-05-21,0.05202
2020-05-20,0.05302
2020-05-19,0.05304
2020-05-18,0.0535
2020-05-15,0.05429
2020-05-14,0.05545
2020-05-13,0.05521
2020-05-12,0.05379
2020-05-11,0.05381
2020-05-08,0.05413
2020-05-07,0.05488
2020-05-06,0.05344
2020-05-05,0.05198
2020-05-04,0.05225
2020-04-30,0.05074
2020-04-29,0.05091
2020-04-28,0.05212
2020-04-27,0.05257
2020-04-24,0.0526
2020-04-23,0.05059
2020-04-22,0.04995
2020-04-20,0.04907
2020-04-17,0.04891
2020-04-16,0.04862
2020-04-15,0.04895
2020-04-14,0.04843
2020-04-13,0.04817
2020-04-09,0.04686
2020-04-08,0.04796
2020-04-07,0.04792
2020-04-06,0.04809
2020-04-03,0.04884
2020-04-02,0.04882
2020-04-01,0.04896
2020-03-31,0.04835
2020-03-30,0.04775
2020-03-27,0.04726
2020-03-26,0.04569
2020-03-25,0.0455
2020-03-24,0.04551
2020-03-23,0.04563
2020-03-20,0.04514
2020-03-19,0.04674
2020-03-18,0.04713
2020-03-17,0.04702
2020-03-16,0.04682
2020-03-13,0.04421
2020-03-12,0.04621
2020-03-11,0.0446
2020-03-10,0.04503
2020-03-09,0.04622
2020-03-06,0.0441
2020-03-05,0.04333
2020-03-04,0.04219
2020-03-03,0.04174
2020-03-02,0.04166
2020-02-28,0.04168
2020-02-27,0.0407
2020-02-26,0.04016
2020-02-21,0.03933
2020-02-20,0.03914
2020-02-19,0.03942
2020-02-18,0.03959
2020-02-17,0.03926
2020-02-14,0.03933
2020-02-13,0.03952
2020-02-12,0.03942
2020-02-11,0.03926
2020-02-10,0.03936
2020-02-07,0.03925
2020-02-06,0.03863
2020-02-05,0.03868
2020-02-04,0.03877
2020-02-03,0.03908
2020-01-31,0.03939
2020-01-30,0.03914
2020-01-29,0.03849
2020-01-28,0.03854
2020-01-27,0.03875
2020-01-24,0.03817
2020-01-23,0.0381
2020-01-22,0.03812
2020-01-21,0.03823
2020-01-20,0.03798
2020-01-17,0.03798
2020-01-16,0.0379
2020-01-15,0.03785
2020-01-14,0.03767
2020-01-13,0.03758
2020-01-10,0.03719
2020-01-09,0.0372
2020-01-08,0.03745
2020-01-07,0.03761
2020-01-06,0.03745
2020-01-03,0.03751
2020-01-02,0.03715
2019-12-31,0.03715
2019-12-30,0.03699
2019-12-27,0.03701
2019-12-26,0.03703
2019-12-24,0.03731
2019-12-23,0.03727
2019-12-20,0.03726
2019-12-19,0.03718
2019-12-18,0.037
2019-12-17,0.03715
2019-12-16,0.03722
2019-12-13,0.03748
2019-12-12,0.0376
2019-12-11,0.03786
2019-12-10,0.03811
2019-12-09,0.03822
2019-12-06,0.03846
2019-12-05,0.03875
2019-12-04,0.03853
2019-12-03,0.0387
2019-12-02,0.03874
2019-11-29,0.03858
2019-11-28,0.03878
2019-11-27,0.03895
2019-11-26,0.03902
2019-11-25,0.03864
2019-11-22,0.03851
2019-11-21,0.03872
2019-11-20,0.0387
2019-11-19,0.03879
2019-11-18,0.03853
2019-11-14,0.03853
2019-11-13,0.03842
2019-11-12,0.03826
2019-11-11,0.0381
2019-11-08,0.0379
2019-11-07,0.03744
2019-11-06,0.03702
2019-11-05,0.03669
2019-11-04,0.03679
2019-11-01,0.03679
2019-10-31,0.03704
2019-10-30,0.03691
2019-10-29,0.03671
2019-10-28,0.0365
2019-10-25,0.03691
2019-10-24,0.03691
2019-10-23,0.03749
2019-10-22,0.03764
2019-10-21,0.03806
2019-10-18,0.03816
2019-10-17,0.03821
2019-10-16,0.03837
2019-10-15,0.03812
2019-10-14,0.03807
2019-10-11,0.03784
2019-10-10,0.03813
2019-10-09,0.03813
2019-10-08,0.03818
2019-10-07,0.038
2019-10-04,0.03799
2019-10-03,0.03842
2019-10-02,0.03876
2019-10-01,0.03876
2019-09-30,0.03852
2019-09-27,0.03849
2019-09-26,0.03852
2019-09-25,0.03881
2019-09-24,0.03888
2019-09-23,0.03883
2019-09-20,0.03862
2019-09-19,0.03833
2019-09-18,0.03788
2019-09-17,0.03792
2019-09-16,0.03787
2019-09-13,0.03757
2019-09-12,0.0375
2019-09-11,0.03772
2019-09-10,0.0383
2019-09-09,0.03805
2019-09-06,0.03806
2019-09-05,0.0382
2019-09-04,0.03881
2019-09-03,0.03935
2019-09-02,0.03916
2019-08-30,0.03894
2019-08-29,0.03914
2019-08-28,0.03926
2019-08-27,0.03928
2019-08-26,0.03903
2019-08-23,0.03879
2019-08-22,0.038
2019-08-21,0.03779
2019-08-20,0.03801
2019-08-19,0.03782
2019-08-16,0.03756
2019-08-15,0.03788
2019-08-14,0.03788
2019-08-13,0.03728
2019-08-12,0.03793
2019-08-09,0.03738
2019-08-08,0.03716
2019-08-07,0.03773
2019-08-06,0.03724
2019-08-05,0.03717
2019-08-02,0.03633
2019-08-01,0.03537
2019-07-31,0.03468
2019-07-30,0.03489
2019-07-29,0.03483
2019-07-26,0.03472
2019-07-25,0.03486
2019-07-24,0.03479
2019-07-23,0.03481
2019-07-22,0.03466
2019-07-19,0.03471
2019-07-18,0.0348
2019-07-17,0.0348
2019-07-16,0.03473
2019-07-15,0.03472
2019-07-12,0.03468
2019-07-11,0.03466
2019-07-10,0.03477
2019-07-09,0.0348
2019-07-08,0.03502
2019-07-05,0.0352
2019-07-04,0.0352
2019-07-03,0.03568
2019-07-02,0.03572
2019-07-01,0.03523
2019-06-28,0.03554
2019-06-27,0.03587
2019-06-26,0.03572
2019-06-25,0.03583
2019-06-24,0.03562
2019-06-21,0.03557
2019-06-19,0.03574
2019-06-18,0.03562
2019-06-17,0.03583
2019-06-14,0.03579
2019-06-13,0.03544
2019-06-12,0.03546
2019-06-11,0.03563
2019-06-10,0.03573
2019-06-07,0.03567
2019-06-06,0.03583
2019-06-05,0.03569
2019-06-04,0.03575
2019-06-03,0.03599
2019-05-31,0.03627
2019-05-30,0.03622
2019-05-29,0.03659
2019-05-28,0.03679
2019-05-27,0.03671
2019-05-24,0.03687
2019-05-23,0.03697
2019-05-22,0.03648
2019-05-21,0.0369
2019-05-20,0.03734
2019-05-17,0.03717
2019-05-16,0.03653
2019-05-15,0.03653
2019-05-14,0.03628
2019-05-13,0.03654
2019-05-10,0.03613
2019-05-09,0.03621
2019-05-08,0.03573
2019-05-07,0.03615
2019-05-06,0.03575
2019-05-03,0.0354
2019-05-02,0.0356
2019-04-30,0.03542
2019-04-29,0.03522
2019-04-26,0.03527
2019-04-25,0.0356
2019-04-24,0.03544
2019-04-23,0.03525
2019-04-22,0.03505
2019-04-18,0.03517
2019-04-17,0.03503
2019-04-16,0.03476
2019-04-15,0.03458
2019-04-12,0.03455
2019-04-11,0.03445
2019-04-10,0.03457
2019-04-09,0.03472
2019-04-08,0.03468
2019-04-05,0.03458
2019-04-04,0.0347
2019-04-03,0.03448
2019-04-02,0.03473
2019-04-01,0.03476
2019-03-29,0.03521
2019-03-28,0.03589
2019-03-27,0.03569
2019-03-26,0.03498
2019-03-25,0.03522
2019-03-22,0.03537
2019-03-21,0.03425
2019-03-20,0.03402
2019-03-19,0.03391
2019-03-18,0.03421
2019-03-15,0.03437
2019-03-14,0.03431
2019-03-13,0.0344
2019-03-12,0.03424
2019-03-11,0.03459
2019-03-08,0.03481
2019-03-07,0.03451
2019-03-06,0.03429
2019-03-01,0.03381
2019-02-28,0.03359
2019-02-27,0.03369
2019-02-26,0.03396
2019-02-25,0.03364
2019-02-22,0.0338
2019-02-21,0.03397
2019-02-20,0.0335
2019-02-19,0.03366
2019-02-18,0.03375
2019-02-15,0.03365
2019-02-14,0.03413
2019-02-13,0.03364
2019-02-12,0.03376
2019-02-11,0.03387
2019-02-08,0.03389
2019-02-07,0.03389
2019-02-06,0.03374
2019-02-05,0.03343
2019-02-04,0.03338
2019-02-01,0.03363
2019-01-31,0.03361
2019-01-30,0.03388
2019-01-29,0.03415
2019-01-28,0.03449
2019-01-25,0.03433
2019-01-24,0.03455
2019-01-23,0.03458
2019-01-22,0.03439
2019-01-21,0.03439
2019-01-18,0.03423
2019-01-17,0.03451
2019-01-16,0.03418
2019-01-15,0.03415
2019-01-14,0.03445
2019-01-11,0.03425
2019-01-10,0.03414
2019-01-09,0.03406
2019-01-08,0.03419
2019-01-07,0.03422
2019-01-04,0.03469
2019-01-03,0.03498
2019-01-02,0.0353
2018-12-31,0.03527
2018-12-28,0.03512
2018-12-27,0.03554
2018-12-24,0.03502
2018-12-21,0.03484
2018-12-20,0.03447
2018-12-19,0.03468
2018-12-18,0.03465
2018-12-17,0.03465
2018-12-14,0.0344
2018-12-13,0.03417
2018-12-12,0.03411
2018-12-11,0.03445
2018-12-10,0.03465
2018-12-07,0.03454
2018-12-06,0.03487
2018-12-05,0.03408
2018-12-04,0.03397
2018-12-03,0.03374
2018-11-30,0.03402
2018-11-29,0.03405
2018-11-28,0.03391
2018-11-27,0.03423
2018-11-26,0.03407
2018-11-23,0.03376
2018-11-22,0.03374
2018-11-21,0.03351
2018-11-20,0.03345
2018-11-19,0.03332
2018-11-16,0.03329
2018-11-14,0.03329
2018-11-13,0.03317
2018-11-12,0.03293
2018-11-09,0.03295
2018-11-08,0.0329
2018-11-07,0.0332
2018-11-06,0.03311
2018-11-05,0.03274
2018-11-01,0.03279
2018-10-31,0.03294
2018-10-30,0.03283
2018-10-29,0.03233
2018-10-26,0.03292
2018-10-25,0.03289
2018-10-24,0.03292
2018-10-23,0.03307
2018-10-22,0.03272
2018-10-19,0.03296
2018-10-18,0.03296
2018-10-17,0.03298
2018-10-16,0.03306
2018-10-15,0.03339
2018-10-11,0.03337
2018-10-10,0.03328
2018-10-09,0.03305
2018-10-08,0.03325
2018-10-05,0.03408
2018-10-04,0.03432
2018-10-03,0.03376
2018-10-02,0.03476
2018-10-01,0.03534
2018-09-28,0.03528
2018-09-27,0.03536
2018-09-26,0.03592
2018-09-25,0.03658
2018-09-24,0.03604
2018-09-21,0.03617
2018-09-20,0.03642
2018-09-19,0.03685
2018-09-18,0.03684
2018-09-17,0.03724
2018-09-14,0.03737
2018-09-13,0.0372
2018-09-12,0.03708
2018-09-11,0.03734
2018-09-10,0.03691
2018-09-06,0.0374
2018-09-05,0.03733
2018-09-04,0.03738
2018-09-03,0.03717
2018-08-31,0.03727
2018-08-30,0.03761
2018-08-29,0.037
2018-08-28,0.0371
2018-08-27,0.03663
2018-08-24,0.03674
2018-08-23,0.03665
2018-08-22,0.03686
2018-08-21,0.03609
2018-08-20,0.03572
2018-08-17,0.03563
2018-08-16,0.035
2018-08-15,0.03538
2018-08-14,0.03499
2018-08-13,0.03524
2018-08-10,0.03477
2018-08-09,0.0343
2018-08-08,0.03382
2018-08-07,0.03339
2018-08-06,0.0334
2018-08-03,0.03348
2018-08-02,0.03377
2018-08-01,0.03356
2018-07-31,0.03356
2018-07-30,0.03348
2018-07-27,0.0335
2018-07-26,0.03349
2018-07-25,0.03344
2018-07-24,0.03367
2018-07-23,0.03405
2018-07-20,0.03383
2018-07-19,0.03438
2018-07-18,0.03411
2018-07-17,0.03428
2018-07-16,0.03436
2018-07-13,0.03448
2018-07-12,0.03431
2018-07-11,0.03445
2018-07-10,0.03457
2018-07-09,0.03493
2018-07-06,0.03554
2018-07-05,0.03544
2018-07-04,0.03534
2018-07-03,0.03521
2018-07-02,0.03527
2018-06-29,0.03483
2018-06-28,0.0349
2018-06-27,0.03477
2018-06-26,0.03432
2018-06-25,0.03445
2018-06-22,0.03425
2018-06-21,0.03444
2018-06-20,0.0339
2018-06-19,0.03415
2018-06-18,0.03399
2018-06-15,0.03413
2018-06-14,0.03356
2018-06-13,0.03356
2018-06-12,0.03361
2018-06-11,0.03358
2018-06-08,0.03459
2018-06-07,0.03548
2018-06-06,0.03472
2018-06-05,0.03444
2018-06-04,0.03413
2018-06-01,0.03417
2018-05-30,0.03427
2018-05-29,0.03434
2018-05-28,0.03392
2018-05-25,0.03346
2018-05-24,0.03334
2018-05-23,0.03317
2018-05-22,0.03291
2018-05-21,0.03337
2018-05-18,0.03388
2018-05-17,0.03329
2018-05-16,0.03339
2018-05-15,0.03334
2018-05-14,0.03296
2018-05-11,0.03269
2018-05-10,0.03247
2018-05-09,0.03277
2018-05-08,0.03278
2018-05-07,0.03249
2018-05-04,0.03235
2018-05-03,0.03254
2018-05-02,0.03224
2018-04-30,0.03186
2018-04-27,0.03178
2018-04-26,0.03201
2018-04-25,0.03205
2018-04-24,0.0318
2018-04-23,0.0317
2018-04-20,0.0317
2018-04-19,0.03163
2018-04-18,0.03155
2018-04-17,0.03179
2018-04-16,0.03195
2018-04-13,0.03172
2018-04-12,0.03156
2018-04-11,0.03189
2018-04-10,0.03187
2018-04-09,0.03167
2018-04-06,0.03145
2018-04-05,0.03089
2018-04-04,0.03148
2018-04-03,0.03113
2018-04-02,0.03123
2018-03-29,0.03126
2018-03-28,0.0314
2018-03-27,0.03146
2018-03-26,0.03146
2018-03-23,0.03152
2018-03-22,0.03136
2018-03-21,0.03097
2018-03-20,0.03099
2018-03-19,0.0311
2018-03-16,0.03102
2018-03-15,0.03098
2018-03-14,0.03069
2018-03-13,0.03047
2018-03-12,0.03061
2018-03-09,0.03039
2018-03-08,0.03065
2018-03-07,0.03049
2018-03-06,0.03042
2018-03-05,0.03079
2018-03-02,0.03093
2018-03-01,0.03047
2018-02-28,0.03041
2018-02-27,0.03011
2018-02-26,0.03026
2018-02-23,0.03041
2018-02-22,0.03051
2018-02-21,0.03025
2018-02-20,0.03035
2018-02-19,0.03037
2018-02-16,0.03047
2018-02-15,0.03029
2018-02-14,0.0304
2018-02-09,0.03014
2018-02-08,0.02988
2018-02-07,0.02973
2018-02-06,0.02981
2018-02-05,0.02938
2018-02-02,0.02904
2018-02-01,0.02899
2018-01-31,0.02904
2018-01-30,0.02918
2018-01-29,0.02909
2018-01-26,0.02893
2018-01-25,0.02884
2018-01-24,0.02928
2018-01-23,0.02923
2018-01-22,0.02881
2018-01-19,0.02902
2018-01-18,0.02896
2018-01-17,0.02923
2018-01-16,0.02908
2018-01-15,0.02888
2018-01-12,0.02889
2018-01-11,0.02898
2018-01-10,0.02914
2018-01-09,0.02874
2018-01-08,0.02864
2018-01-05,0.02863
2018-01-04,0.02865
2018-01-03,0.02899
2018-01-02,0.02914
2017-12-29,0.0294
2017-12-28,0.02932
2017-12-27,0.02915
2017-12-26,0.02932
2017-12-22,0.02929
2017-12-21,0.02915
2017-12-20,0.02909
2017-12-19,0.02915
2017-12-18,0.02924
2017-12-15,0.02951
2017-12-14,0.02958
2017-12-13,0.0292
2017-12-12,0.02918
2017-12-11,0.02896
2017-12-08,0.02896
2017-12-07,0.0292
2017-12-06,0.02881
2017-12-05,0.0287
2017-12-04,0.02878
2017-12-01,0.02896
2017-11-30,0.02914
2017-11-29,0.02868
2017-11-28,0.02894
2017-11-27,0.029
2017-11-24,0.02901
2017-11-23,0.02909
2017-11-22,0.02912
2017-11-21,0.02904
2017-11-20,0.02904
2017-11-17,0.02917
2017-11-16,0.02907
2017-11-14,0.02894
2017-11-13,0.02897
2017-11-10,0.02883
2017-11-09,0.02867
2017-11-08,0.02864
2017-11-07,0.02866
2017-11-06,0.02879
2017-11-03,0.02881
2017-11-01,0.02873
2017-10-31,0.02889
2017-10-30,0.0287
2017-10-27,0.02882
2017-10-26,0.02848
2017-10-25,0.02849
2017-10-24,0.0285
2017-10-23,0.02815
2017-10-20,0.02807
2017-10-19,0.02821
2017-10-18,0.02804
2017-10-17,0.02828
2017-10-16,0.0283
2017-10-13,0.02821
2017-10-11,0.02816
2017-10-10,0.02826
2017-10-09,0.0282
2017-10-06,0.02809
2017-10-05,0.0278
2017-10-04,0.02775
2017-10-03,0.02793
2017-10-02,0.0281
2017-09-29,0.02813
2017-09-28,0.02829
2017-09-27,0.02832
2017-09-26,0.02824
2017-09-25,0.02814
2017-09-22,0.02794
2017-09-21,0.02792
2017-09-20,0.02806
2017-09-19,0.0281
2017-09-18,0.02802
2017-09-15,0.0282
2017-09-14,0.02833
2017-09-13,0.02834
2017-09-12,0.02831
2017-09-11,0.0283
2017-09-08,0.0287
2017-09-06,0.02863
2017-09-05,0.02864
2017-09-04,0.02864
2017-09-01,0.02846
2017-08-31,0.0286
2017-08-30,0.02871
2017-08-29,0.02908
2017-08-28,0.0289
2017-08-25,0.0288
2017-08-24,0.02872
2017-08-23,0.02893
2017-08-22,0.02884
2017-08-21,0.02888
2017-08-18,0.02896
2017-08-17,0.02876
2017-08-16,0.02859
2017-08-15,0.02896
2017-08-14,0.02913
2017-08-11,0.02906
2017-08-10,0.02884
2017-08-09,0.0286
2017-08-08,0.02829
2017-08-07,0.02823
2017-08-04,0.02819
2017-08-03,0.02834
2017-08-02,0.02831
2017-08-01,0.02825
2017-07-31,0.02837
2017-07-28,0.02838
2017-07-27,0.02823
2017-07-26,0.02824
2017-07-25,0.02829
2017-07-24,0.02832
2017-07-21,0.02811
2017-07-20,0.02813
2017-07-19,0.02821
2017-07-18,0.02831
2017-07-17,0.02822
2017-07-14,0.02832
2017-07-13,0.02832
2017-07-12,0.02851
2017-07-11,0.02848
2017-07-10,0.02862
2017-07-07,0.02883
2017-07-06,0.02919
2017-07-05,0.02932
2017-07-04,0.02921
2017-07-03,0.02914
2017-06-30,0.02944
2017-06-29,0.02934
2017-06-28,0.02945
2017-06-27,0.02952
2017-06-26,0.02972
2017-06-23,0.02997
2017-06-22,0.02996
2017-06-21,0.0298
2017-06-20,0.02974
2017-06-19,0.02962
2017-06-16,0.02968
2017-06-14,0.03009
2017-06-13,0.03016
2017-06-12,0.03007
2017-06-09,0.0296
2017-06-08,0.02983
2017-06-07,0.0299
2017-06-06,0.03002
2017-06-05,0.0297
2017-06-02,0.02933
2017-06-01,0.02904
2017-05-31,0.0293
2017-05-30,0.02951
2017-05-29,0.0294
2017-05-26,0.02931
2017-05-25,0.02939
2017-05-24,0.02912
2017-05-23,0.02925
2017-05-22,0.02957
2017-05-19,0.02949
2017-05-18,0.03051
2017-05-17,0.02788
2017-05-16,0.02731
2017-05-15,0.02732
2017-05-12,0.02762
2017-05-11,0.02774
2017-05-10,0.02772
2017-05-09,0.02791
2017-05-08,0.02831
2017-05-05,0.02821
2017-05-04,0.0282
2017-05-03,0.02804
2017-05-02,0.02831
2017-04-28,0.0287
2017-04-27,0.02858
2017-04-26,0.02856
2017-04-25,0.02848
2017-04-24,0.02848
2017-04-20,0.02877
2017-04-19,0.0287
2017-04-18,0.02856
2017-04-17,0.02862
2017-04-13,0.02863
2017-04-12,0.02872
2017-04-11,0.02864
2017-04-10,0.02831
2017-04-07,0.02826
2017-04-06,0.02807
2017-04-05,0.02781
2017-04-04,0.02821
2017-04-03,0.0281
2017-03-31,0.02844
2017-03-30,0.02806
2017-03-29,0.02813
2017-03-28,0.02831
2017-03-27,0.02829
2017-03-24,0.02817
2017-03-23,0.02812
2017-03-22,0.02786
2017-03-21,0.02749
2017-03-20,0.02745
2017-03-17,0.02758
2017-03-16,0.0275
2017-03-15,0.02759
2017-03-14,0.0276
2017-03-13,0.02752
2017-03-10,0.02751
2017-03-09,0.02764
2017-03-08,0.02745
2017-03-07,0.02736
2017-03-06,0.02735
2017-03-03,0.0274
2017-03-02,0.02722
2017-02-24,0.02758
2017-02-23,0.02722
2017-02-22,0.0272
2017-02-21,0.02726
2017-02-20,0.02734
2017-02-17,0.02744
2017-02-16,0.02687
2017-02-15,0.02685
2017-02-14,0.02725
2017-02-13,0.02737
2017-02-10,0.02746
2017-02-09,0.02765
2017-02-08,0.02797
2017-02-07,0.02783
2017-02-06,0.02775
2017-02-03,0.02773
2017-02-02,0.02778
2017-02-01,0.02764
2017-01-31,0.02785
2017-01-30,0.02741
2017-01-27,0.02745
2017-01-26,0.02784
2017-01-25,0.02785
2017-01-24,0.02799
2017-01-23,0.02779
2017-01-20,0.02771
2017-01-19,0.02781
2017-01-18,0.02842
2017-01-17,0.02842
2017-01-16,0.02828
2017-01-13,0.02777
2017-01-12,0.02772
2017-01-11,0.02758
2017-01-10,0.02761
2017-01-09,0.02757
2017-01-06,0.0275
2017-01-05,0.02768
2017-01-04,0.0276
2017-01-03,0.02759
2017-01-02,0.02789
2016-12-30,0.02792
2016-12-29,0.02792
2016-12-28,0.02786
2016-12-27,0.02789
2016-12-26,0.02795
2016-12-23,0.02785
2016-12-22,0.02832
2016-12-21,0.02839
2016-12-20,0.02845
2016-12-19,0.02882
2016-12-16,0.02853
2016-12-15,0.02861
2016-12-14,0.02879
2016-12-13,0.02896
2016-12-12,0.0292
2016-12-09,0.02942
2016-12-08,0.0298
2016-12-07,0.02974
2016-12-06,0.03014
2016-12-05,0.03023
2016-12-02,0.03047
2016-12-01,0.02996
2016-11-30,0.0299
2016-11-29,0.03016
2016-11-28,0.03019
2016-11-25,0.03035
2016-11-24,0.03004
2016-11-23,0.0302
2016-11-22,0.03013
2016-11-21,0.0302
2016-11-18,0.03074
2016-11-17,0.03109
2016-11-16,0.0313
2016-11-14,0.03179
2016-11-11,0.0323
2016-11-10,0.031
2016-11-09,0.03083
2016-11-08,0.0306
2016-11-07,0.03066
2016-11-04,0.03146
2016-11-03,0.03135
2016-11-01,0.03064
2016-10-31,0.03027
2016-10-28,0.03018
2016-10-27,0.02993
2016-10-26,0.02989
2016-10-25,0.02982
2016-10-24,0.03004
2016-10-21,0.03044
2016-10-20,0.03039
2016-10-19,0.03079
2016-10-18,0.03067
2016-10-17,0.03072
2016-10-14,0.03061
2016-10-13,0.03097
2016-10-11,0.03109
2016-10-10,0.03099
2016-10-07,0.03107
2016-10-06,0.03106
2016-10-05,0.03126
2016-10-04,0.03137
2016-10-03,0.03185
2016-09-30,0.03207
2016-09-29,0.03177
2016-09-28,0.03229
2016-09-27,0.03225
2016-09-26,0.0323
2016-09-23,0.03191
2016-09-22,0.03176
2016-09-21,0.03221
2016-09-20,0.03201
2016-09-19,0.03205
2016-09-16,0.03225
2016-09-15,0.0326
2016-09-14,0.03251
2016-09-13,0.03229
2016-09-12,0.03222
2016-09-09,0.03173
2016-09-08,0.03122
2016-09-06,0.03173
2016-09-05,0.03165
2016-09-02,0.03113
2016-09-01,0.03146
2016-08-31,0.03134
2016-08-30,0.0316
2016-08-29,0.03193
2016-08-26,0.03177
2016-08-25,0.03213
2016-08-24,0.03221
2016-08-23,0.03199
2016-08-22,0.03208
2016-08-19,0.03219
2016-08-18,0.0322
2016-08-17,0.03217
2016-08-16,0.03167
2016-08-15,0.03136
2016-08-12,0.03129
2016-08-11,0.03091
2016-08-10,0.03091
2016-08-09,0.0309
2016-08-08,0.03099
2016-08-05,0.03132
2016-08-04,0.03184
2016-08-03,0.03231
2016-08-02,0.03223
2016-08-01,0.03194
2016-07-29,0.03166
2016-07-28,0.03123
2016-07-27,0.03107
2016-07-26,0.03129
2016-07-25,0.03096
2016-07-22,0.03093
2016-07-21,0.03075
2016-07-20,0.03049
2016-07-19,0.03091
2016-07-18,0.03079
2016-07-15,0.03092
2016-07-14,0.03066
2016-07-13,0.0316
2016-07-12,0.03128
2016-07-11,0.03218
2016-07-08,0.03276
2016-07-07,0.03314
2016-07-06,0.03287
2016-07-05,0.0324
2016-07-04,0.03169
2016-07-01,0.0315
2016-06-30,0.03123
2016-06-29,0.03159
2016-06-28,0.03239
2016-06-27,0.03338
2016-06-24,0.03303
2016-06-23,0.03167
2016-06-22,0.03241
2016-06-21,0.03242
2016-06-20,0.03244
2016-06-17,0.03299
2016-06-16,0.03355
2016-06-15,0.03284
2016-06-14,0.03286
2016-06-13,0.03256
2016-06-10,0.032
2016-06-09,0.03174
2016-06-08,0.03178
2016-06-07,0.03239
2016-06-06,0.0327
2016-06-03,0.03314
2016-06-02,0.03307
2016-06-01,0.03298
2016-05-31,0.03246
2016-05-30,0.0324
2016-05-27,0.03292
2016-05-25,0.03249
2016-05-24,0.03226
2016-05-23,0.03258
2016-05-20,0.03205
2016-05-19,0.03279
2016-05-18,0.03226
2016-05-17,0.03214
2016-05-16,0.03217
2016-05-13,0.03211
2016-05-12,0.03207
2016-05-11,0.03194
2016-05-10,0.03184
2016-05-09,0.03265
2016-05-06,0.03315
2016-05-05,0.03289
2016-05-04,0.03305
2016-05-03,0.03343
2016-05-02,0.03286
2016-04-29,0.03228
2016-04-28,0.03224
2016-04-27,0.03172
2016-04-26,0.03174
2016-04-25,0.03193
2016-04-22,0.03214
2016-04-20,0.03242
2016-04-19,0.03256
2016-04-18,0.03298
2016-04-15,0.03243
2016-04-14,0.03217
2016-04-13,0.03244
2016-04-12,0.03262
2016-04-11,0.03269
2016-04-08,0.03358
2016-04-07,0.03419
2016-04-06,0.03352
2016-04-05,0.03324
2016-04-04,0.03226
2016-04-01,0.03195
2016-03-31,0.03166
2016-03-30,0.03208
2016-03-29,0.03238
2016-03-28,0.03214
2016-03-24,0.0328
2016-03-23,0.03244
2016-03-22,0.03227
2016-03-21,0.03246
2016-03-18,0.03245
2016-03-17,0.03275
2016-03-16,0.0335
2016-03-15,0.03289
2016-03-14,0.0319
2016-03-11,0.03195
2016-03-10,0.03237
2016-03-09,0.03281
2016-03-08,0.03363
2016-03-07,0.03323
2016-03-04,0.03268
2016-03-03,0.0339
2016-03-02,0.03434
2016-03-01,0.03514
2016-02-29,0.03526
2016-02-26,0.03475
2016-02-25,0.03497
2016-02-24,0.03592
2016-02-23,0.03542
2016-02-22,0.03507
2016-02-19,0.03587
2016-02-18,0.03524
2016-02-17,0.0353
2016-02-16,0.03529
2016-02-15,0.03489
2016-02-12,0.0354
2016-02-11,0.03524
2016-02-10,0.03459
2016-02-05,0.03331
2016-02-04,0.03305
2016-02-03,0.03335
2016-02-02,0.03318
2016-02-01,0.0331
2016-01-29,0.03325
2016-01-28,0.03436
2016-01-27,0.03413
2016-01-26,0.0346
2016-01-25,0.03463
2016-01-22,0.03482
2016-01-21,0.03551
2016-01-20,0.03507
2016-01-19,0.03425
2016-01-18,0.03441
2016-01-15,0.03456
2016-01-14,0.03424
2016-01-13,0.03374
2016-01-12,0.03421
2016-01-11,0.03414
2016-01-08,0.03406
2016-01-07,0.03428
2016-01-06,0.03399
2016-01-05,0.03368
2016-01-04,0.03392
2015-12-31,0.03243
2015-12-30,0.03239
2015-12-29,0.03197
2015-12-28,0.03255
2015-12-24,0.03282
2015-12-23,0.03277
2015-12-22,0.0329
2015-12-21,0.03289
2015-12-18,0.03215
2015-12-17,0.03173
2015-12-16,0.03231
2015-12-15,0.03188
2015-12-14,0.03231
2015-12-11,0.03187
2015-12-10,0.03104
2015-12-09,0.0308
2015-12-08,0.03088
2015-12-07,0.03038
2015-12-04,0.03055
2015-12-03,0.03079
2015-12-02,0.03124
2015-12-01,0.03147
2015-11-30,0.03129
2015-11-27,0.03048
2015-11-26,0.03069
2015-11-25,0.03068
2015-11-24,0.03025
2015-11-23,0.03032
2015-11-20,0.03014
2015-11-19,0.03045
2015-11-18,0.03073
2015-11-17,0.03086
2015-11-16,0.03116
2015-11-13,0.03098
2015-11-12,0.03095
2015-11-11,0.03035
2015-11-10,0.03078
2015-11-09,0.03075
2015-11-06,0.031
2015-11-05,0.03112
2015-11-04,0.03108
2015-11-03,0.03146
2015-10-30,0.03204
2015-10-29,0.03251
2015-10-28,0.03222
2015-10-27,0.03249
2015-10-26,0.0319
2015-10-23,0.03219
2015-10-22,0.0327
2015-10-21,0.03284
2015-10-20,0.03223
2015-10-19,0.03265
2015-10-16,0.03214
2015-10-15,0.03243
2015-10-14,0.03231
2015-10-13,0.03193
2015-10-09,0.03109
2015-10-08,0.03211
2015-10-07,0.03175
2015-10-06,0.03209
2015-10-05,0.03252
2015-10-02,0.03351
2015-10-01,0.03328
2015-09-30,0.03316
2015-09-29,0.03439
2015-09-28,0.03346
2015-09-25,0.0327
2015-09-24,0.03509
2015-09-23,0.03417
2015-09-22,0.03368
2015-09-21,0.03306
2015-09-18,0.03256
2015-09-17,0.0322
2015-09-16,0.03181
2015-09-15,0.03209
2015-09-14,0.03224
2015-09-11,0.03207
2015-09-10,0.03206
2015-09-09,0.03131
2015-09-08,0.03176
2015-09-04,0.03191
2015-09-03,0.03142
2015-09-02,0.0311
2015-09-01,0.03063
2015-08-31,0.03007
2015-08-28,0.0295
2015-08-27,0.02941
2015-08-26,0.03051
2015-08-25,0.02948
2015-08-24,0.02991
2015-08-21,0.02858
2015-08-20,0.02813
2015-08-19,0.02808
2015-08-18,0.02799
2015-08-17,0.02795
2015-08-14,0.02797
2015-08-13,0.02821
2015-08-12,0.02812
2015-08-11,0.02797
2015-08-10,0.02803
2015-08-07,0.02831
2015-08-06,0.02837
2015-08-05,0.02792
2015-08-04,0.02796
2015-08-03,0.02777
2015-07-31,0.02739
2015-07-30,0.02706
2015-07-29,0.02698
2015-07-28,0.02738
2015-07-27,0.02723
