DATA,CNY_BRL
2025-07-25,0.871
2025-07-24,0.8707
2025-07-23,0.8741
2025-07-22,0.8769
2025-07-21,0.8723
2025-07-18,0.8654
2025-07-17,0.8661
2025-07-16,0.8682
2025-07-15,0.8652
2025-07-14,0.8694
2025-07-11,0.8734
2025-07-10,0.8684
2025-07-09,0.8571
2025-07-08,0.8563
2025-07-07,0.8579
2025-07-04,0.8538
2025-07-03,0.8542
2025-07-02,0.8614
2025-07-01,0.8603
2025-06-30,0.8609
2025-06-27,0.8606
2025-06-26,0.866
2025-06-25,0.8633
2025-06-24,0.8548
2025-06-23,0.8541
2025-06-20,0.849
2025-06-18,0.8476
2025-06-17,0.8471
2025-06-16,0.8559
2025-06-13,0.8624
2025-06-12,0.8597
2025-06-11,0.8533
2025-06-10,0.8508
2025-06-09,0.854
2025-06-06,0.855
2025-06-05,0.8583
2025-06-04,0.8628
2025-06-03,0.8645
2025-06-02,0.8724
2025-05-30,0.8684
2025-05-29,0.8622
2025-05-28,0.8617
2025-05-27,0.8589
2025-05-26,0.8639
2025-05-23,0.8662
2025-05-22,0.8529
2025-05-21,0.8601
2025-05-20,0.8542
2025-05-19,0.8525
2025-05-16,0.8501
2025-05-15,0.8448
2025-05-14,0.8425
2025-05-13,0.8429
2025-05-12,0.846
2025-05-09,0.8537
2025-05-08,0.8573
2025-05-07,0.8727
2025-05-06,0.8698
2025-05-05,0.857
2025-05-02,0.8562
2025-04-30,0.8608
2025-04-29,0.8622
2025-04-28,0.8647
2025-04-25,0.8667
2025-04-24,0.8635
2025-04-23,0.8645
2025-04-22,0.8831
2025-04-17,0.8913
2025-04-16,0.8964
2025-04-15,0.888
2025-04-14,0.8888
2025-04-11,0.8909
2025-04-10,0.8861
2025-04-09,0.8958
2025-04-08,0.8677
2025-04-07,0.8607
2025-04-04,0.853
2025-04-03,0.8304
2025-04-02,0.8292
2025-04-01,0.8257
2025-03-31,0.8309
2025-03-28,0.8366
2025-03-27,0.8319
2025-03-26,0.8281
2025-03-25,0.8253
2025-03-24,0.8306
2025-03-21,0.8293
2025-03-20,0.8236
2025-03-19,0.8262
2025-03-18,0.8329
2025-03-17,0.8357
2025-03-14,0.8367
2025-03-13,0.8461
2025-03-12,0.8534
2025-03-11,0.8548
2025-03-10,0.8417
2025-03-07,0.8407
2025-03-06,0.8337
2025-03-05,0.8367
2025-02-28,0.8156
2025-02-27,0.8132
2025-02-26,0.8136
2025-02-25,0.8131
2025-02-24,0.8036
2025-02-21,0.7992
2025-02-20,0.8007
2025-02-19,0.7979
2025-02-18,0.7997
2025-02-17,0.8023
2025-02-14,0.8071
2025-02-13,0.8084
2025-02-12,0.8027
2025-02-11,0.8012
2025-02-10,0.7996
2025-02-07,0.7989
2025-02-06,0.8042
2025-02-05,0.8104
2025-02-04,0.8061
2025-02-03,0.8113
2025-01-31,0.8123
2025-01-30,0.825
2025-01-29,0.8182
2025-01-28,0.8233
2025-01-27,0.834
2025-01-24,0.8305
2025-01-23,0.8278
2025-01-22,0.8334
2025-01-21,0.8426
2025-01-20,0.8434
2025-01-17,0.8368
2025-01-16,0.8329
2025-01-15,0.8341
2025-01-14,0.8371
2025-01-13,0.8349
2025-01-10,0.8377
2025-01-09,0.8407
2025-01-08,0.8467
2025-01-07,0.8448
2025-01-06,0.8517
2025-01-03,0.8493
2025-01-02,0.8553
2024-12-31,0.863
2024-12-30,0.8619
2024-12-27,0.8663
2024-12-26,0.8603
2024-12-24,0.8581
2024-12-23,0.8585
2024-12-20,0.8473
2024-12-19,0.8604
2024-12-18,0.8652
2024-12-17,0.8682
2024-12-16,0.8525
2024-12-13,0.8495
2024-12-12,0.8343
2024-12-11,0.8485
2024-12-10,0.8526
2024-12-09,0.8603
2024-12-06,0.8541
2024-12-05,0.8485
2024-12-04,0.8554
2024-12-03,0.8561
2024-12-02,0.8512
2024-11-29,0.8573
2024-11-28,0.8472
2024-11-27,0.8261
2024-11-26,0.8148
2024-11-25,0.8158
2024-11-22,0.8114
2024-11-21,0.8198
2024-11-19,0.8194
2024-11-18,0.8166
2024-11-14,0.8207
2024-11-13,0.8191
2024-11-12,0.8205
2024-11-11,0.8277
2024-11-08,0.831
2024-11-07,0.8207
2024-11-06,0.8303
2024-11-05,0.8455
2024-11-04,0.8462
2024-11-01,0.8448
2024-10-31,0.8409
2024-10-30,0.8419
2024-10-29,0.827
2024-10-28,0.8267
2024-10-25,0.8256
2024-10-24,0.8269
2024-10-23,0.8258
2024-10-22,0.8253
2024-10-21,0.8281
2024-10-18,0.8246
2024-10-17,0.8246
2024-10-16,0.8271
2024-10-15,0.8236
2024-10-14,0.8194
2024-10-11,0.8252
2024-10-10,0.8174
2024-10-09,0.8184
2024-10-08,0.8118
2024-10-07,0.8042
2024-10-04,0.804
2024-10-03,0.8099
2024-10-02,0.8044
2024-10-01,0.8091
2024-09-30,0.8145
2024-09-27,0.8146
2024-09-26,0.816
2024-09-25,0.8179
2024-09-24,0.818
2024-09-23,0.8275
2024-09-20,0.8195
2024-09-19,0.8098
2024-09-18,0.8162
2024-09-17,0.8196
2024-09-16,0.8229
2024-09-13,0.8276
2024-09-12,0.8367
2024-09-11,0.8321
2024-09-10,0.8312
2024-09-09,0.8301
2024-09-06,0.8275
2024-09-05,0.8335
2024-09-04,0.8371
2024-09-03,0.8323
2024-09-02,0.8344
2024-08-30,0.8387
2024-08-29,0.8376
2024-08-28,0.8252
2024-08-27,0.8223
2024-08-26,0.8218
2024-08-23,0.8278
2024-08-22,0.827
2024-08-21,0.8168
2024-08-20,0.8119
2024-08-19,0.8046
2024-08-16,0.8052
2024-08-15,0.8047
2024-08-14,0.8052
2024-08-13,0.8055
2024-08-12,0.8041
2024-08-09,0.8068
2024-08-08,0.8215
2024-08-07,0.8212
2024-08-06,0.8277
2024-08-05,0.8465
2024-08-02,0.839
2024-08-01,0.8195
2024-07-31,0.8213
2024-07-30,0.8189
2024-07-29,0.819
2024-07-26,0.8216
2024-07-25,0.8208
2024-07-24,0.8195
2024-07-23,0.8119
2024-07-22,0.8107
2024-07-19,0.8105
2024-07-18,0.8107
2024-07-17,0.8012
2024-07-16,0.792
2024-07-15,0.798
2024-07-12,0.7967
2024-07-11,0.7882
2024-07-10,0.783
2024-07-09,0.7883
2024-07-08,0.7949
2024-07-05,0.798
2024-07-04,0.7949
2024-07-03,0.8088
2024-07-02,0.8158
2024-07-01,0.8039
2024-06-28,0.7984
2024-06-27,0.7928
2024-06-26,0.7891
2024-06-25,0.7791
2024-06-24,0.7766
2024-06-21,0.78
2024-06-20,0.7789
2024-06-19,0.7876
2024-06-18,0.7785
2024-06-17,0.7781
2024-06-14,0.7691
2024-06-13,0.7782
2024-06-12,0.7834
2024-06-11,0.7702
2024-06-10,0.7735
2024-06-07,0.765
2024-06-06,0.7686
2024-06-05,0.7696
2024-06-04,0.7684
2024-06-03,0.7647
2024-05-31,0.7622
2024-05-29,0.7532
2024-05-28,0.7515
2024-05-27,0.7526
2024-05-24,0.7491
2024-05-23,0.7464
2024-05-22,0.7479
2024-05-21,0.7425
2024-05-20,0.7436
2024-05-17,0.7452
2024-05-16,0.7473
2024-05-15,0.7485
2024-05-14,0.7446
2024-05-13,0.744
2024-05-10,0.7431
2024-05-09,0.7447
2024-05-08,0.7338
2024-05-07,0.7306
2024-05-06,0.733
2024-05-03,0.7316
2024-05-02,0.7347
2024-04-30,0.7409
2024-04-29,0.7351
2024-04-26,0.7335
2024-04-25,0.7429
2024-04-24,0.7393
2024-04-23,0.7402
2024-04-22,0.7427
2024-04-19,0.7464
2024-04-18,0.7503
2024-04-17,0.7485
2024-04-16,0.7498
2024-04-15,0.7382
2024-04-12,0.733
2024-04-11,0.7298
2024-04-10,0.7291
2024-04-09,0.7289
2024-04-08,0.7336
2024-04-05,0.7343
2024-04-04,0.7318
2024-04-03,0.7363
2024-04-02,0.7289
2024-04-01,0.7271
2024-03-28,0.7235
2024-03-27,0.7233
2024-03-26,0.7241
2024-03-25,0.7246
2024-03-22,0.7236
2024-03-21,0.7253
2024-03-20,0.7296
2024-03-19,0.7332
2024-03-18,0.7317
2024-03-15,0.729
2024-03-14,0.7267
2024-03-13,0.7309
2024-03-12,0.7294
2024-03-11,0.7296
2024-03-08,0.7316
2024-03-07,0.7238
2024-03-06,0.7227
2024-03-05,0.7218
2024-03-04,0.7211
2024-03-01,0.7209
2024-02-29,0.7235
2024-02-28,0.7204
2024-02-27,0.7214
2024-02-26,0.7253
2024-02-23,0.7237
2024-02-22,0.7167
2024-02-21,0.7147
2024-02-20,0.7174
2024-02-19,0.7162
2024-02-16,0.719
2024-02-15,0.7176
2024-02-14,0.7156
2024-02-09,0.7193
2024-02-08,0.719
2024-02-07,0.7158
2024-02-06,0.7157
2024-02-05,0.7199
2024-02-02,0.7169
2024-02-01,0.7169
2024-01-31,0.7219
2024-01-30,0.7217
2024-01-29,0.7131
2024-01-26,0.716
2024-01-25,0.7154
2024-01-24,0.7194
2024-01-23,0.7223
2024-01-22,0.7223
2024-01-19,0.7183
2024-01-18,0.719
2024-01-17,0.7179
2024-01-16,0.7156
2024-01-15,0.716
2024-01-12,0.7139
2024-01-11,0.7164
2024-01-10,0.7192
2024-01-09,0.7165
2024-01-08,0.7187
2024-01-05,0.7199
2024-01-04,0.7227
2024-01-03,0.7197
2024-01-02,0.7181
2023-12-29,0.7179
2023-12-28,0.7214
2023-12-27,0.7197
2023-12-26,0.7153
2023-12-22,0.7181
2023-12-21,0.7186
2023-12-20,0.7177
2023-12-19,0.717
2023-12-18,0.7233
2023-12-15,0.7234
2023-12-14,0.7212
2023-12-13,0.7179
2023-12-12,0.7157
2023-12-11,0.7125
2023-12-08,0.7101
2023-12-07,0.7081
2023-12-06,0.7097
2023-12-05,0.7178
2023-12-04,0.7122
2023-12-01,0.7151
2023-11-30,0.7223
2023-11-29,0.7203
2023-11-28,0.7197
2023-11-27,0.7178
2023-11-24,0.718
2023-11-23,0.7161
2023-11-22,0.7138
2023-11-21,0.7159
2023-11-20,0.7148
2023-11-17,0.7132
2023-11-16,0.7085
2023-11-14,0.7073
2023-11-13,0.7059
2023-11-10,0.7042
2023-11-09,0.7041
2023-11-08,0.7013
2023-11-07,0.6974
2023-11-06,0.7059
2023-11-03,0.7035
2023-11-01,0.7086
2023-10-31,0.7161
2023-10-30,0.7125
2023-10-27,0.7022
2023-10-26,0.7064
2023-10-25,0.7087
2023-10-24,0.7107
2023-10-23,0.7156
2023-10-20,0.7171
2023-10-19,0.7156
2023-10-18,0.7138
2023-10-17,0.7154
2023-10-16,0.7156
2023-10-13,0.7127
2023-10-11,0.7187
2023-10-10,0.7243
2023-10-09,0.7303
2023-10-06,0.7378
2023-10-05,0.73
2023-10-04,0.7268
2023-10-03,0.7162
2023-10-02,0.7136
2023-09-29,0.7106
2023-09-28,0.716
2023-09-27,0.709
2023-09-26,0.705
2023-09-25,0.7045
2023-09-22,0.7024
2023-09-21,0.7043
2023-09-20,0.6971
2023-09-19,0.6962
2023-09-18,0.6963
2023-09-15,0.6968
2023-09-14,0.6968
2023-09-13,0.7077
2023-09-12,0.7118
2023-09-11,0.7111
2023-09-08,0.7156
2023-09-06,0.7149
2023-09-05,0.7153
2023-09-04,0.7126
2023-09-01,0.7137
2023-08-31,0.7158
2023-08-30,0.7133
2023-08-29,0.709
2023-08-28,0.7098
2023-08-25,0.7058
2023-08-24,0.708
2023-08-23,0.7137
2023-08-22,0.7194
2023-08-21,0.7284
2023-08-18,0.7258
2023-08-17,0.727
2023-08-16,0.7283
2023-08-15,0.7305
2023-08-14,0.7251
2023-08-11,0.7194
2023-08-10,0.7173
2023-08-09,0.7219
2023-08-08,0.7233
2023-08-07,0.7235
2023-08-04,0.7199
2023-08-03,0.717
2023-08-02,0.7058
2023-08-01,0.703
2023-07-31,0.7011
2023-07-28,0.6999
2023-07-27,0.6968
2023-07-26,0.7042
2023-07-25,0.7043
2023-07-24,0.7059
2023-07-21,0.7124
2023-07-20,0.7157
2023-07-19,0.7212
2023-07-18,0.7238
2023-07-17,0.7284
2023-07-14,0.7233
2023-07-13,0.7217
2023-07-12,0.7173
2023-07-11,0.722
2023-07-10,0.7189
2023-07-07,0.7182
2023-07-06,0.715
2023-07-05,0.7087
2023-07-04,0.7034
2023-07-03,0.7019
2023-06-30,0.7068
2023-06-29,0.7099
2023-06-28,0.7111
2023-06-27,0.7052
2023-06-26,0.699
2023-06-23,0.699
2023-06-22,0.7021
2023-06-21,0.7028
2023-06-20,0.7015
2023-06-19,0.7009
2023-06-16,0.7081
2023-06-15,0.7075
2023-06-14,0.7062
2023-06-13,0.7028
2023-06-12,0.7043
2023-06-09,0.7056
2023-06-07,0.7057
2023-06-06,0.7077
2023-06-05,0.7085
2023-06-02,0.7136
2023-06-01,0.727
2023-05-31,0.7289
2023-05-30,0.7283
2023-05-29,0.7185
2023-05-26,0.7208
2023-05-25,0.7195
2023-05-24,0.7145
2023-05-23,0.7185
2023-05-22,0.7209
2023-05-19,0.7242
2023-05-18,0.7184
2023-05-17,0.7201
2023-05-16,0.7168
2023-05-15,0.7169
2023-05-12,0.7177
2023-05-11,0.7283
2023-05-10,0.7295
2023-05-09,0.7357
2023-05-08,0.7353
2023-05-05,0.7354
2023-05-04,0.7404
2023-05-03,0.7449
2023-05-02,0.7426
2023-04-28,0.7407
2023-04-27,0.7411
2023-04-26,0.7499
2023-04-25,0.7447
2023-04-24,0.7484
2023-04-20,0.7432
2023-04-19,0.7418
2023-04-18,0.7306
2023-04-17,0.7239
2023-04-14,0.7288
2023-04-13,0.7284
2023-04-12,0.7298
2023-04-11,0.7338
2023-04-10,0.7395
2023-04-06,0.7434
2023-04-05,0.7393
2023-04-04,0.7463
2023-04-03,0.7402
2023-03-31,0.7415
2023-03-30,0.7499
2023-03-29,0.7483
2023-03-28,0.753
2023-03-27,0.7572
2023-03-24,0.7642
2023-03-23,0.7693
2023-03-22,0.763
2023-03-21,0.7585
2023-03-20,0.7556
2023-03-17,0.7534
2023-03-16,0.7543
2023-03-15,0.7497
2023-03-14,0.7541
2023-03-13,0.7554
2023-03-10,0.7442
2023-03-09,0.7294
2023-03-08,0.7289
2023-03-07,0.7382
2023-03-06,0.7457
2023-03-03,0.7411
2023-03-02,0.7425
2023-03-01,0.7468
2023-02-28,0.7421
2023-02-27,0.7402
2023-02-24,0.7336
2023-02-23,0.7307
2023-02-22,0.7385
2023-02-17,0.7449
2023-02-16,0.7513
2023-02-15,0.7485
2023-02-14,0.7407
2023-02-13,0.7458
2023-02-10,0.7531
2023-02-09,0.7566
2023-02-08,0.7499
2023-02-07,0.7428
2023-02-06,0.7462
2023-02-03,0.7444
2023-02-02,0.7338
2023-02-01,0.7445
2023-01-31,0.7445
2023-01-30,0.7447
2023-01-27,0.7398
2023-01-26,0.7436
2023-01-25,0.7481
2023-01-24,0.7558
2023-01-23,0.7583
2023-01-20,0.7569
2023-01-19,0.7562
2023-01-18,0.7414
2023-01-17,0.7435
2023-01-16,0.7439
2023-01-13,0.7445
2023-01-12,0.7468
2023-01-11,0.7522
2023-01-10,0.7558
2023-01-09,0.765
2023-01-06,0.7535
2023-01-05,0.7641
2023-01-04,0.7765
2023-01-03,0.763
2023-01-02,0.766
2022-12-30,0.7488
2022-12-29,0.7485
2022-12-28,0.7531
2022-12-27,0.7566
2022-12-26,0.7415
2022-12-23,0.7342
2022-12-22,0.7395
2022-12-21,0.7427
2022-12-20,0.7499
2022-12-19,0.7561
2022-12-16,0.7538
2022-12-15,0.7614
2022-12-14,0.7645
2022-12-13,0.7533
2022-12-12,0.7509
2022-12-09,0.7425
2022-12-08,0.7385
2022-12-07,0.7373
2022-12-06,0.7397
2022-12-05,0.7426
2022-12-02,0.732
2022-12-01,0.7326
2022-11-30,0.7331
2022-11-29,0.7392
2022-11-28,0.7522
2022-11-25,0.7489
2022-11-24,0.744
2022-11-23,0.7526
2022-11-22,0.7376
2022-11-21,0.7333
2022-11-18,0.7451
2022-11-17,0.7591
2022-11-16,0.7442
2022-11-14,0.7363
2022-11-11,0.7365
2022-11-10,0.7262
2022-11-09,0.6961
2022-11-08,0.7003
2022-11-07,0.6841
2022-11-04,0.6696
2022-11-03,0.6733
2022-11-01,0.6831
2022-10-31,0.698
2022-10-28,0.7134
2022-10-27,0.7112
2022-10-26,0.7208
2022-10-25,0.7107
2022-10-24,0.7
2022-10-21,0.6879
2022-10-20,0.689
2022-10-19,0.6942
2022-10-18,0.6971
2022-10-17,0.6977
2022-10-14,0.6917
2022-10-13,0.6971
2022-10-11,0.6829
2022-10-10,0.6775
2022-10-07,0.687
2022-10-06,0.6855
2022-10-05,0.6916
2022-10-04,0.6896
2022-10-03,0.6858
2022-09-30,0.7115
2022-09-29,0.7086
2022-09-28,0.6976
2022-09-27,0.6918
2022-09-26,0.6928
2022-09-23,0.683
2022-09-22,0.6838
2022-09-21,0.6868
2022-09-20,0.695
2022-09-19,0.7043
2022-09-16,0.7119
2022-09-15,0.7015
2022-09-14,0.6958
2022-09-13,0.6963
2022-09-12,0.6971
2022-09-09,0.6975
2022-09-08,0.6982
2022-09-06,0.6962
2022-09-05,0.6902
2022-09-02,0.6997
2022-09-01,0.6957
2022-08-31,0.7008
2022-08-30,0.6819
2022-08-29,0.678
2022-08-26,0.6843
2022-08-25,0.6851
2022-08-24,0.6843
2022-08-23,0.6844
2022-08-22,0.6908
2022-08-19,0.7013
2022-08-18,0.7039
2022-08-17,0.7076
2022-08-16,0.7023
2022-08-15,0.6975
2022-08-12,0.7035
2022-08-11,0.7106
2022-08-10,0.7014
2022-08-09,0.704
2022-08-08,0.703
2022-08-05,0.713
2022-08-04,0.7198
2022-08-03,0.7203
2022-08-02,0.7168
2022-08-01,0.7119
2022-07-29,0.7109
2022-07-28,0.712
2022-07-27,0.7205
2022-07-26,0.7285
2022-07-25,0.7426
2022-07-22,0.7491
2022-07-21,0.7502
2022-07-20,0.7449
2022-07-19,0.7415
2022-07-18,0.7327
2022-07-15,0.7322
2022-07-14,0.7352
2022-07-13,0.7312
2022-07-12,0.7325
2022-07-11,0.7249
2022-07-08,0.7261
2022-07-07,0.7323
2022-07-06,0.7425
2022-07-05,0.7429
2022-07-04,0.7435
2022-07-01,0.7435
2022-06-30,0.7372
2022-06-29,0.7361
2022-06-28,0.7389
2022-06-27,0.744
2022-06-24,0.7413
2022-06-23,0.7319
2022-06-22,0.7327
2022-06-21,0.7298
2022-06-20,0.7316
2022-06-17,0.7224
2022-06-15,0.7138
2022-06-14,0.717
2022-06-13,0.7157
2022-06-10,0.7049
2022-06-09,0.7012
2022-06-08,0.7034
2022-06-07,0.7033
2022-06-06,0.6879
2022-06-03,0.6906
2022-06-02,0.6909
2022-06-01,0.6835
2022-05-31,0.6821
2022-05-30,0.6843
2022-05-27,0.6829
2022-05-26,0.6916
2022-05-25,0.6928
2022-05-24,0.6946
2022-05-23,0.6879
2022-05-20,0.6922
2022-05-19,0.6999
2022-05-18,0.6993
2022-05-17,0.7033
2022-05-16,0.7095
2022-05-13,0.7146
2022-05-12,0.7179
2022-05-11,0.726
2022-05-10,0.7276
2022-05-09,0.7286
2022-05-06,0.7212
2022-05-05,0.7069
2022-05-04,0.7096
2022-05-03,0.7101
2022-05-02,0.711
2022-04-29,0.697
2022-04-28,0.707
2022-04-27,0.711
2022-04-26,0.7115
2022-04-25,0.7025
2022-04-22,0.6864
2022-04-20,0.6771
2022-04-19,0.6768
2022-04-18,0.6778
2022-04-14,0.6845
2022-04-13,0.6843
2022-04-12,0.6784
2022-04-11,0.6877
2022-04-08,0.6947
2022-04-07,0.6949
2022-04-06,0.6891
2022-04-05,0.6814
2022-04-04,0.6825
2022-04-01,0.6977
2022-03-31,0.7065
2022-03-30,0.7129
2022-03-29,0.7091
2022-03-28,0.7069
2022-03-25,0.7055
2022-03-24,0.7111
2022-03-23,0.7203
2022-03-22,0.729
2022-03-21,0.7373
2022-03-18,0.7485
2022-03-17,0.7577
2022-03-16,0.7576
2022-03-15,0.7568
2022-03-14,0.7474
2022-03-11,0.7408
2022-03-10,0.7481
2022-03-09,0.7435
2022-03-08,0.7437
2022-03-07,0.7392
2022-03-04,0.745
2022-03-03,0.7506
2022-03-02,0.7672
2022-02-25,0.7766
2022-02-24,0.7641
2022-02-23,0.7633
2022-02-22,0.7713
2022-02-21,0.7771
2022-02-18,0.7829
2022-02-17,0.7883
2022-02-16,0.7888
2022-02-15,0.7917
2022-02-14,0.7917
2022-02-11,0.797
2022-02-10,0.803
2022-02-09,0.8098
2022-02-08,0.8085
2022-02-07,0.8135
2022-02-04,0.819
2022-02-03,0.8138
2022-02-02,0.8043
2022-02-01,0.7985
2022-01-31,0.8074
2022-01-28,0.8093
2022-01-27,0.8061
2022-01-26,0.8235
2022-01-25,0.8326
2022-01-24,0.8343
2022-01-21,0.8293
2022-01-20,0.8259
2022-01-19,0.8381
2022-01-18,0.8416
2022-01-17,0.8437
2022-01-14,0.8505
2022-01-13,0.8509
2022-01-12,0.8536
2022-01-11,0.8588
2022-01-10,0.8633
2022-01-07,0.8659
2022-01-06,0.8662
2022-01-05,0.8631
2022-01-04,0.8634
2022-01-03,0.855
2021-12-31,0.8499
2021-12-30,0.8503
2021-12-29,0.8643
2021-12-28,0.8573
2021-12-27,0.8623
2021-12-24,0.8617
2021-12-23,0.8655
2021-12-22,0.8711
2021-12-21,0.8691
2021-12-20,0.8662
2021-12-17,0.8636
2021-12-16,0.8662
2021-12-15,0.8645
2021-12-14,0.856
2021-12-13,0.8546
2021-12-10,0.8501
2021-12-09,0.8432
2021-12-08,0.8501
2021-12-07,0.8531
2021-12-06,0.8622
2021-12-03,0.8561
2021-12-02,0.8576
2021-12-01,0.8562
2021-11-30,0.8509
2021-11-29,0.8502
2021-11-26,0.8503
2021-11-25,0.8403
2021-11-24,0.8436
2021-11-23,0.8552
2021-11-22,0.8445
2021-11-19,0.846
2021-11-18,0.8466
2021-11-17,0.8364
2021-11-16,0.836
2021-11-12,0.834
2021-11-11,0.8356
2021-11-10,0.8455
2021-11-09,0.856
2021-11-08,0.8668
2021-11-05,0.8614
2021-11-04,0.8685
2021-11-03,0.8828
2021-11-01,0.8835
2021-10-29,0.8762
2021-10-28,0.8817
2021-10-27,0.868
2021-10-26,0.8694
2021-10-25,0.8736
2021-10-22,0.8929
2021-10-21,0.8829
2021-10-20,0.8697
2021-10-19,0.868
2021-10-18,0.8612
2021-10-15,0.8494
2021-10-14,0.8566
2021-10-13,0.8625
2021-10-11,0.858
2021-10-08,0.8567
2021-10-07,0.8568
2021-10-06,0.8551
2021-10-05,0.8524
2021-10-04,0.847
2021-10-01,0.8408
2021-09-30,0.8468
2021-09-29,0.846
2021-09-28,0.8515
2021-09-27,0.8416
2021-09-24,0.8418
2021-09-23,0.8348
2021-09-22,0.8332
2021-09-21,0.8365
2021-09-20,0.8413
2021-09-17,0.838
2021-09-16,0.8321
2021-09-15,0.8352
2021-09-14,0.8309
2021-09-13,0.8288
2021-09-10,0.8292
2021-09-09,0.8402
2021-09-08,0.8348
2021-09-06,0.8263
2021-09-03,0.826
2021-09-02,0.825
2021-09-01,0.822
2021-08-31,0.8163
2021-08-30,0.8241
2021-08-27,0.8279
2021-08-26,0.8293
2021-08-25,0.8295
2021-08-24,0.8374
2021-08-23,0.8469
2021-08-20,0.8533
2021-08-19,0.8519
2021-08-18,0.8345
2021-08-17,0.8283
2021-08-16,0.8313
2021-08-13,0.8325
2021-08-12,0.8262
2021-08-11,0.821
2021-08-10,0.823
2021-08-09,0.8337
2021-08-06,0.8288
2021-08-05,0.8193
2021-08-04,0.8296
2021-08-03,0.8366
2021-08-02,0.8202
2021-07-30,0.8169
2021-07-29,0.81
2021-07-28,0.8182
2021-07-27,0.8219
2021-07-26,0.8237
2021-07-23,0.8175
2021-07-22,0.8224
2021-07-21,0.833
2021-07-20,0.8306
2021-07-19,0.825
2021-07-16,0.8089
2021-07-15,0.8097
2021-07-14,0.8091
2021-07-13,0.8223
2021-07-12,0.833
2021-07-09,0.8357
2021-07-08,0.8373
2021-07-07,0.8306
2021-07-06,0.8208
2021-07-05,0.81
2021-07-02,0.8014
2021-07-01,0.7982
2021-06-30,0.797
2021-06-29,0.7919
2021-06-28,0.7933
2021-06-25,0.79
2021-06-24,0.7904
2021-06-23,0.7958
2021-06-22,0.8037
2021-06-21,0.8068
2021-06-18,0.8033
2021-06-17,0.8066
2021-06-16,0.8182
2021-06-15,0.8292
2021-06-14,0.8268
2021-06-11,0.833
2021-06-10,0.8289
2021-06-09,0.828
2021-06-08,0.8269
2021-06-07,0.8284
2021-06-04,0.8294
2021-06-02,0.84
2021-06-01,0.85
2021-05-31,0.8604
2021-05-28,0.8574
2021-05-27,0.8665
2021-05-26,0.8725
2021-05-25,0.8743
2021-05-24,0.8735
2021-05-21,0.8685
2021-05-20,0.8698
2021-05-19,0.8678
2021-05-18,0.8631
2021-05-17,0.8624
2021-05-14,0.8604
2021-05-13,0.8572
2021-05-12,0.8501
2021-05-11,0.8577
2021-05-10,0.8548
2021-05-07,0.8543
2021-05-06,0.8572
2021-05-05,0.8696
2021-05-04,0.8808
2021-05-03,0.8772
2021-04-30,0.8742
2021-04-29,0.874
2021-04-28,0.8787
2021-04-27,0.884
2021-04-26,0.8866
2021-04-23,0.8892
2021-04-22,0.8879
2021-04-20,0.8951
2021-04-19,0.9018
2021-04-16,0.9075
2021-04-15,0.9046
2021-04-14,0.9168
2021-04-13,0.916
2021-04-12,0.9059
2021-04-09,0.9029
2021-04-08,0.8934
2021-04-07,0.8932
2021-04-06,0.8966
2021-04-05,0.8985
2021-04-01,0.8998
2021-03-31,0.8995
2021-03-30,0.9087
2021-03-29,0.9175
2021-03-26,0.9051
2021-03-25,0.8961
2021-03-24,0.8804
2021-03-23,0.8775
2021-03-22,0.8869
2021-03-19,0.8822
2021-03-18,0.8897
2021-03-17,0.9058
2021-03-16,0.8934
2021-03-15,0.9021
2021-03-12,0.8932
2021-03-11,0.8989
2021-03-10,0.919
2021-03-09,0.9335
2021-03-08,0.9144
2021-03-05,0.9108
2021-03-04,0.9069
2021-03-03,0.931
2021-03-02,0.9221
2021-03-01,0.9049
2021-02-26,0.9028
2021-02-25,0.8976
2021-02-24,0.8832
2021-02-23,0.891
2021-02-22,0.8987
2021-02-19,0.8795
2021-02-18,0.8807
2021-02-17,0.8765
2021-02-12,0.8771
2021-02-11,0.8747
2021-02-10,0.8812
2021-02-09,0.882
2021-02-08,0.8695
2021-02-05,0.8715
2021-02-04,0.8685
2021-02-03,0.8629
2021-02-02,0.8712
2021-02-01,0.8874
2021-01-29,0.8946
2021-01-28,0.8849
2021-01-27,0.8751
2021-01-26,0.8811
2021-01-25,0.8982
2021-01-22,0.8886
2021-01-21,0.8686
2021-01-20,0.8632
2021-01-19,0.8633
2021-01-18,0.8569
2021-01-15,0.8571
2021-01-14,0.8585
2021-01-13,0.8675
2021-01-12,0.893
2021-01-11,0.8981
2021-01-08,0.8848
2021-01-07,0.8808
2021-01-06,0.8781
2021-01-05,0.8791
2021-01-04,0.8516
2020-12-31,0.8571
2020-12-30,0.8593
2020-12-29,0.8554
2020-12-28,0.8607
2020-12-24,0.8487
2020-12-23,0.8478
2020-12-22,0.8425
2020-12-21,0.8466
2020-12-18,0.8387
2020-12-17,0.8331
2020-12-16,0.8363
2020-12-15,0.8325
2020-12-14,0.8241
2020-12-11,0.8248
2020-12-09,0.8297
2020-12-08,0.8288
2020-12-07,0.8316
2020-12-04,0.8434
2020-12-03,0.8435
2020-12-02,0.8482
2020-12-01,0.8532
2020-11-30,0.857
2020-11-27,0.8587
2020-11-26,0.8508
2020-11-25,0.8557
2020-11-24,0.8621
2020-11-23,0.8545
2020-11-20,0.8517
2020-11-19,0.8474
2020-11-18,0.8437
2020-11-17,0.8607
2020-11-16,0.8616
2020-11-13,0.8708
2020-11-12,0.8579
2020-11-11,0.8531
2020-11-10,0.8525
2020-11-09,0.8391
2020-11-06,0.8814
2020-11-05,0.8833
2020-11-04,0.8954
2020-11-03,0.8962
2020-10-30,0.903
2020-10-29,0.9051
2020-10-28,0.9048
2020-10-27,0.8985
2020-10-26,0.8945
2020-10-23,0.8932
2020-10-22,0.887
2020-10-21,0.8933
2020-10-20,0.8869
2020-10-19,0.8875
2020-10-16,0.8852
2020-10-15,0.883
2020-10-14,0.8793
2020-10-13,0.8808
2020-10-09,0.8797
2020-10-08,0.8875
2020-10-07,0.8857
2020-10-06,0.8739
2020-10-05,0.8917
2020-10-02,0.8883
2020-10-01,0.8911
2020-09-30,0.8882
2020-09-29,0.8896
2020-09-28,0.8748
2020-09-25,0.8685
2020-09-24,0.8732
2020-09-23,0.8677
2020-09-22,0.8544
2020-09-21,0.8589
2020-09-18,0.8428
2020-09-17,0.8358
2020-09-16,0.8358
2020-09-15,0.8396
2020-09-14,0.8455
2020-09-11,0.8406
2020-09-10,0.8451
2020-09-09,0.8417
2020-09-08,0.8507
2020-09-04,0.8397
2020-09-03,0.8441
2020-09-02,0.8551
2020-09-01,0.8625
2020-08-31,0.8785
2020-08-28,0.8743
2020-08-27,0.889
2020-08-26,0.8836
2020-08-25,0.8891
2020-08-24,0.8872
2020-08-21,0.8866
2020-08-20,0.9002
2020-08-19,0.8774
2020-08-18,0.8759
2020-08-17,0.8688
2020-08-14,0.8556
2020-08-13,0.8537
2020-08-12,0.864
2020-08-11,0.8575
2020-08-10,0.8516
2020-08-07,0.8575
2020-08-06,0.8502
2020-08-05,0.8425
2020-08-04,0.8423
2020-08-03,0.8375
2020-07-31,0.8261
2020-07-30,0.8212
2020-07-29,0.8128
2020-07-28,0.8162
2020-07-27,0.8192
2020-07-24,0.8153
2020-07-23,0.8065
2020-07-22,0.7958
2020-07-21,0.8074
2020-07-20,0.8243
2020-07-17,0.8219
2020-07-16,0.8224
2020-07-15,0.8194
2020-07-14,0.8318
2020-07-13,0.8165
2020-07-10,0.8122
2020-07-09,0.8037
2020-07-08,0.8133
2020-07-07,0.8086
2020-07-06,0.8055
2020-07-03,0.8053
2020-07-02,0.7996
2020-07-01,0.8105
2020-06-30,0.8258
2020-06-29,0.8206
2020-06-26,0.822
2020-06-25,0.8021
2020-06-24,0.7928
2020-06-23,0.7855
2020-06-22,0.7888
2020-06-19,0.8023
2020-06-18,0.8043
2020-06-17,0.7899
2020-06-16,0.7743
2020-06-15,0.7841
2020-06-12,0.7602
2020-06-10,0.7445
2020-06-09,0.7467
2020-06-08,0.7471
2020-06-05,0.7541
2020-06-04,0.7751
2020-06-03,0.7621
2020-06-02,0.7879
2020-06-01,0.8003
2020-05-29,0.8087
2020-05-28,0.793
2020-05-27,0.7795
2020-05-26,0.79
2020-05-25,0.8004
2020-05-22,0.8151
2020-05-21,0.8228
2020-05-20,0.8389
2020-05-19,0.8394
2020-05-18,0.8391
2020-05-15,0.8447
2020-05-14,0.8599
2020-05-13,0.8578
2020-05-12,0.8411
2020-05-11,0.8406
2020-05-08,0.8389
2020-05-07,0.846
2020-05-06,0.8209
2020-05-05,0.8044
2020-05-04,0.816
2020-04-30,0.7953
2020-04-29,0.7901
2020-04-28,0.8093
2020-04-27,0.8184
2020-04-24,0.818
2020-04-23,0.7898
2020-04-22,0.7819
2020-04-20,0.7703
2020-04-17,0.7671
2020-04-16,0.7611
2020-04-15,0.7687
2020-04-14,0.7623
2020-04-13,0.7571
2020-04-09,0.7436
2020-04-08,0.7589
2020-04-07,0.7615
2020-04-06,0.7593
2020-04-03,0.7663
2020-04-02,0.766
2020-04-01,0.7676
2020-03-31,0.7675
2020-03-30,0.7612
2020-03-27,0.7574
2020-03-26,0.7387
2020-03-25,0.7356
2020-03-24,0.7331
2020-03-23,0.7318
2020-03-20,0.7182
2020-03-19,0.7366
2020-03-18,0.7408
2020-03-17,0.7414
2020-03-16,0.7373
2020-03-13,0.7015
2020-03-12,0.7242
2020-03-11,0.7056
2020-03-10,0.7088
2020-03-09,0.7246
2020-03-06,0.7036
2020-03-05,0.6921
2020-03-04,0.6746
2020-03-03,0.6715
2020-03-02,0.6696
2020-02-28,0.6614
2020-02-27,0.6581
2020-02-26,0.6458
2020-02-21,0.6383
2020-02-20,0.6347
2020-02-19,0.6319
2020-02-18,0.6299
2020-02-17,0.6256
2020-02-14,0.6267
2020-02-13,0.63
2020-02-12,0.6323
2020-02-11,0.6304
2020-02-10,0.6315
2020-02-07,0.6321
2020-02-06,0.624
2020-02-05,0.625
2020-02-04,0.6261
2020-02-03,0.6284
2020-01-31,0.6331
2020-01-30,0.628
2020-01-29,0.6184
2020-01-28,0.6192
2020-01-27,0.6219
2020-01-24,0.6163
2020-01-23,0.6158
2020-01-22,0.6209
2020-01-21,0.624
2020-01-20,0.6205
2020-01-17,0.6211
2020-01-16,0.6221
2020-01-15,0.6213
2020-01-14,0.6169
2020-01-13,0.6154
2020-01-10,0.6059
2020-01-09,0.6053
2020-01-08,0.6053
2020-01-07,0.6089
2020-01-06,0.6072
2020-01-03,0.6054
2020-01-02,0.6028
2019-12-31,0.6063
2019-12-30,0.6044
2019-12-27,0.6061
2019-12-26,0.6032
2019-12-24,0.6052
2019-12-23,0.605
2019-12-20,0.6052
2019-12-19,0.6044
2019-12-18,0.6038
2019-12-17,0.6075
2019-12-16,0.6081
2019-12-13,0.6102
2019-12-12,0.6114
2019-12-11,0.6105
2019-12-10,0.6148
2019-12-09,0.6148
2019-12-06,0.618
2019-12-05,0.6256
2019-12-04,0.6223
2019-12-03,0.623
2019-12-02,0.6263
2019-11-29,0.6235
2019-11-28,0.6258
2019-11-27,0.6272
2019-11-26,0.6273
2019-11-25,0.6203
2019-11-22,0.6177
2019-11-21,0.6227
2019-11-20,0.6225
2019-11-19,0.6241
2019-11-18,0.6203
2019-11-14,0.6159
2019-11-13,0.6155
2019-11-12,0.6154
2019-11-11,0.6138
2019-11-08,0.6101
2019-11-07,0.605
2019-11-06,0.5981
2019-11-05,0.5934
2019-11-04,0.5961
2019-11-01,0.5948
2019-10-31,0.5979
2019-10-30,0.5983
2019-10-29,0.5944
2019-10-28,0.5909
2019-10-25,0.5953
2019-10-24,0.5956
2019-10-23,0.6061
2019-10-22,0.6092
2019-10-21,0.6164
2019-10-18,0.6178
2019-10-17,0.6176
2019-10-16,0.6184
2019-10-15,0.6129
2019-10-14,0.6092
2019-10-11,0.6069
2019-10-10,0.6071
2019-10-09,0.6019
2019-10-08,0.5991
2019-10-07,0.5984
2019-10-04,0.5968
2019-10-03,0.6037
2019-10-02,0.6094
2019-10-01,0.6112
2019-09-30,0.6082
2019-09-27,0.6096
2019-09-26,0.6075
2019-09-25,0.6136
2019-09-24,0.6147
2019-09-23,0.6143
2019-09-20,0.6143
2019-09-19,0.6124
2019-09-18,0.6069
2019-09-17,0.6075
2019-09-16,0.6024
2019-09-13,0.6023
2019-09-12,0.6008
2019-09-11,0.5991
2019-09-10,0.6084
2019-09-09,0.6042
2019-09-06,0.6016
2019-09-05,0.6046
2019-09-04,0.6098
2019-09-03,0.6127
2019-09-02,0.6117
2019-08-30,0.6099
2019-08-29,0.6182
2019-08-28,0.6178
2019-08-27,0.6183
2019-08-26,0.6164
2019-08-23,0.6107
2019-08-22,0.6016
2019-08-21,0.5992
2019-08-20,0.6015
2019-08-19,0.5993
2019-08-16,0.5939
2019-08-15,0.5984
2019-08-14,0.5987
2019-08-13,0.5954
2019-08-12,0.6003
2019-08-09,0.5919
2019-08-08,0.5918
2019-08-07,0.6
2019-08-06,0.5947
2019-08-05,0.5912
2019-08-02,0.5766
2019-08-01,0.5673
2019-07-31,0.5612
2019-07-30,0.5658
2019-07-29,0.5658
2019-07-26,0.562
2019-07-25,0.5655
2019-07-24,0.5612
2019-07-23,0.5623
2019-07-22,0.5618
2019-07-19,0.5623
2019-07-18,0.5637
2019-07-17,0.5658
2019-07-16,0.5649
2019-07-15,0.5649
2019-07-12,0.5645
2019-07-11,0.566
2019-07-10,0.5687
2019-07-09,0.5686
2019-07-08,0.5718
2019-07-05,0.5742
2019-07-04,0.5736
2019-07-03,0.5813
2019-07-02,0.5839
2019-07-01,0.5786
2019-06-28,0.584
2019-06-27,0.5887
2019-06-26,0.5866
2019-06-25,0.5842
2019-06-24,0.5834
2019-06-21,0.5804
2019-06-19,0.5816
2019-06-18,0.5789
2019-06-17,0.5852
2019-06-14,0.583
2019-06-13,0.5802
2019-06-12,0.5822
2019-06-11,0.5858
2019-06-10,0.5875
2019-06-07,0.585
2019-06-06,0.5857
2019-06-05,0.5813
2019-06-04,0.5825
2019-06-03,0.5852
2019-05-31,0.5884
2019-05-30,0.5925
2019-05-29,0.5961
2019-05-28,0.6029
2019-05-27,0.6025
2019-05-24,0.6046
2019-05-23,0.606
2019-05-22,0.6011
2019-05-21,0.6098
2019-05-20,0.614
2019-05-17,0.6107
2019-05-16,0.6009
2019-05-15,0.6009
2019-05-14,0.5971
2019-05-13,0.6
2019-05-10,0.5959
2019-05-09,0.5967
2019-05-08,0.5906
2019-05-07,0.5971
2019-05-06,0.5943
2019-05-03,0.5903
2019-05-02,0.594
2019-04-30,0.5919
2019-04-29,0.5887
2019-04-26,0.588
2019-04-25,0.5927
2019-04-24,0.594
2019-04-23,0.5923
2019-04-22,0.5916
2019-04-18,0.5927
2019-04-17,0.5937
2019-04-16,0.589
2019-04-15,0.5865
2019-04-12,0.5859
2019-04-11,0.5794
2019-04-10,0.5787
2019-04-09,0.5825
2019-04-08,0.5832
2019-04-05,0.5803
2019-04-04,0.5817
2019-04-03,0.5789
2019-04-02,0.5794
2019-04-01,0.5809
2019-03-29,0.5861
2019-03-28,0.5974
2019-03-27,0.5936
2019-03-26,0.5839
2019-03-25,0.5882
2019-03-22,0.5868
2019-03-21,0.578
2019-03-20,0.5765
2019-03-19,0.5742
2019-03-18,0.579
2019-03-15,0.5819
2019-03-14,0.5806
2019-03-13,0.58
2019-03-12,0.5764
2019-03-11,0.5787
2019-03-08,0.5826
2019-03-07,0.5795
2019-03-06,0.5806
2019-03-01,0.5773
2019-02-28,0.5706
2019-02-27,0.5698
2019-02-26,0.5724
2019-02-25,0.567
2019-02-22,0.5689
2019-02-21,0.5718
2019-02-20,0.5644
2019-02-19,0.5652
2019-02-18,0.5655
2019-02-15,0.5612
2019-02-14,0.5717
2019-02-13,0.5645
2019-02-12,0.5646
2019-02-11,0.5657
2019-02-08,0.5649
2019-02-07,0.5654
2019-02-06,0.5646
2019-02-05,0.562
2019-02-04,0.5626
2019-02-01,0.5639
2019-01-31,0.5616
2019-01-30,0.5681
2019-01-29,0.572
2019-01-28,0.5767
2019-01-25,0.5735
2019-01-24,0.5763
2019-01-23,0.5783
2019-01-22,0.5721
2019-01-21,0.574
2019-01-18,0.5713
2019-01-17,0.5735
2019-01-16,0.568
2019-01-15,0.5686
2019-01-14,0.5723
2019-01-11,0.5708
2019-01-10,0.5693
2019-01-09,0.5701
2019-01-08,0.5701
2019-01-07,0.5693
2019-01-04,0.5721
2019-01-03,0.5736
2019-01-02,0.5872
2018-12-31,0.5945
2018-12-28,0.5945
2018-12-27,0.6024
2018-12-24,0.5935
2018-12-21,0.5907
2018-12-20,0.5897
2018-12-19,0.5955
2018-12-18,0.5936
2018-12-17,0.5943
2018-12-14,0.5908
2018-12-13,0.5895
2018-12-12,0.5882
2018-12-11,0.5926
2018-12-10,0.5978
2018-12-07,0.5945
2018-12-06,0.5982
2018-12-05,0.5851
2018-12-04,0.5847
2018-12-03,0.5822
2018-11-30,0.587
2018-11-29,0.5884
2018-11-28,0.5838
2018-11-27,0.5895
2018-11-26,0.5882
2018-11-23,0.5792
2018-11-22,0.5824
2018-11-21,0.5784
2018-11-20,0.5743
2018-11-19,0.5751
2018-11-16,0.5735
2018-11-14,0.5761
2018-11-13,0.5706
2018-11-12,0.566
2018-11-09,0.5702
2018-11-08,0.5732
2018-11-07,0.5785
2018-11-06,0.5739
2018-11-05,0.566
2018-11-01,0.5649
2018-10-31,0.5647
2018-10-30,0.5638
2018-10-29,0.5552
2018-10-26,0.561
2018-10-25,0.5643
2018-10-24,0.5658
2018-10-23,0.5706
2018-10-22,0.5672
2018-10-19,0.5722
2018-10-18,0.5695
2018-10-17,0.5725
2018-10-16,0.5762
2018-10-15,0.5802
2018-10-11,0.5807
2018-10-10,0.5804
2018-10-09,0.5755
2018-10-08,0.5783
2018-10-05,0.5967
2018-10-04,0.6026
2018-10-03,0.5957
2018-10-02,0.6125
2018-10-01,0.6248
2018-09-28,0.624
2018-09-27,0.6275
2018-09-26,0.6395
2018-09-25,0.6515
2018-09-24,0.6407
2018-09-21,0.641
2018-09-20,0.6455
2018-09-19,0.6478
2018-09-18,0.6484
2018-09-17,0.6531
2018-09-14,0.6544
2018-09-13,0.6515
2018-09-12,0.6431
2018-09-11,0.6471
2018-09-10,0.638
2018-09-06,0.6463
2018-09-05,0.6485
2018-09-04,0.6462
2018-09-03,0.6435
2018-08-31,0.6432
2018-08-30,0.6531
2018-08-29,0.6488
2018-08-28,0.6474
2018-08-27,0.637
2018-08-24,0.6367
2018-08-23,0.6317
2018-08-22,0.6334
2018-08-21,0.6166
2018-08-20,0.6048
2018-08-17,0.6026
2018-08-16,0.5927
2018-08-15,0.5948
2018-08-14,0.5909
2018-08-13,0.5962
2018-08-10,0.5884
2018-08-09,0.59
2018-08-08,0.5838
2018-08-07,0.5776
2018-08-06,0.5775
2018-08-03,0.5788
2018-08-02,0.5866
2018-08-01,0.587
2018-07-31,0.5899
2018-07-30,0.5845
2018-07-27,0.5818
2018-07-26,0.5825
2018-07-25,0.5817
2018-07-24,0.5875
2018-07-23,0.5955
2018-07-20,0.5939
2018-07-19,0.6049
2018-07-18,0.6011
2018-07-17,0.6051
2018-07-16,0.6061
2018-07-13,0.6064
2018-07-12,0.6048
2018-07-11,0.6042
2018-07-10,0.6051
2018-07-09,0.6097
2018-07-06,0.6184
2018-07-05,0.6152
2018-07-04,0.6102
2018-07-03,0.6087
2018-07-02,0.6082
2018-06-29,0.6043
2018-06-28,0.5987
2018-06-27,0.5966
2018-06-26,0.5911
2018-06-25,0.5926
2018-06-22,0.5877
2018-06-21,0.5899
2018-06-20,0.5807
2018-06-19,0.5835
2018-06-18,0.5848
2018-06-15,0.5884
2018-06-14,0.5786
2018-06-13,0.5861
2018-06-12,0.5863
2018-06-11,0.5848
2018-06-08,0.5984
2018-06-07,0.6187
2018-06-06,0.6042
2018-06-05,0.5921
2018-06-04,0.5881
2018-06-01,0.587
2018-05-30,0.5856
2018-05-29,0.5788
2018-05-28,0.5791
2018-05-25,0.5731
2018-05-24,0.5737
2018-05-23,0.5731
2018-05-22,0.5776
2018-05-21,0.5859
2018-05-18,0.5931
2018-05-17,0.5841
2018-05-16,0.5825
2018-05-15,0.5855
2018-05-14,0.5803
2018-05-11,0.5729
2018-05-10,0.568
2018-05-09,0.572
2018-05-08,0.5701
2018-05-07,0.5677
2018-05-04,0.5662
2018-05-03,0.5702
2018-05-02,0.5692
2018-04-30,0.5641
2018-04-27,0.5636
2018-04-26,0.5688
2018-04-25,0.5728
2018-04-24,0.5691
2018-04-23,0.5646
2018-04-20,0.5624
2018-04-19,0.5628
2018-04-18,0.5626
2018-04-17,0.5643
2018-04-16,0.5692
2018-04-13,0.5643
2018-04-12,0.5602
2018-04-11,0.5664
2018-04-10,0.5666
2018-04-09,0.5609
2018-04-06,0.5549
2018-04-05,0.5452
2018-04-04,0.5534
2018-04-03,0.5454
2018-04-02,0.5459
2018-03-29,0.548
2018-03-28,0.5533
2018-03-27,0.5542
2018-03-26,0.5518
2018-03-23,0.5483
2018-03-22,0.546
2018-03-21,0.5422
2018-03-20,0.5434
2018-03-19,0.5447
2018-03-16,0.5425
2018-03-15,0.5435
2018-03-14,0.5407
2018-03-13,0.5409
2018-03-12,0.5393
2018-03-09,0.5375
2018-03-08,0.5381
2018-03-07,0.538
2018-03-06,0.5366
2018-03-05,0.5394
2018-03-02,0.539
2018-03-01,0.5335
2018-02-28,0.5316
2018-02-27,0.5323
2018-02-26,0.5339
2018-02-23,0.5355
2018-02-22,0.5395
2018-02-21,0.5386
2018-02-20,0.5387
2018-02-19,0.5384
2018-02-16,0.541
2018-02-15,0.5405
2018-02-14,0.5418
2018-02-09,0.5406
2018-02-08,0.5394
2018-02-07,0.5385
2018-02-06,0.5406
2018-02-05,0.5391
2018-02-02,0.5354
2018-02-01,0.5303
2018-01-31,0.5295
2018-01-30,0.5294
2018-01-29,0.5255
2018-01-26,0.5258
2018-01-25,0.5267
2018-01-24,0.5322
2018-01-23,0.532
2018-01-22,0.5251
2018-01-19,0.5283
2018-01-18,0.5289
2018-01-17,0.5306
2018-01-16,0.5282
2018-01-15,0.5263
2018-01-12,0.5248
2018-01-11,0.5226
2018-01-10,0.5226
2018-01-09,0.5186
2018-01-08,0.5201
2018-01-05,0.5236
2018-01-04,0.5245
2018-01-03,0.5253
2018-01-02,0.5288
2017-12-29,0.5329
2017-12-28,0.5309
2017-12-27,0.5283
2017-12-26,0.5297
2017-12-22,0.5288
2017-12-21,0.5267
2017-12-20,0.5243
2017-12-19,0.5218
2017-12-18,0.5216
2017-12-15,0.525
2017-12-14,0.5285
2017-12-13,0.5216
2017-12-12,0.523
2017-12-11,0.5206
2017-12-08,0.5183
2017-12-07,0.5214
2017-12-06,0.5126
2017-12-05,0.5141
2017-12-04,0.5174
2017-12-01,0.5203
2017-11-30,0.5218
2017-11-29,0.5111
2017-11-28,0.5144
2017-11-27,0.5169
2017-11-24,0.5174
2017-11-23,0.5153
2017-11-22,0.5153
2017-11-21,0.5141
2017-11-20,0.5155
2017-11-17,0.5197
2017-11-16,0.5194
2017-11-14,0.5186
2017-11-13,0.5152
2017-11-10,0.5119
2017-11-09,0.5083
2017-11-08,0.5066
2017-11-07,0.5093
2017-11-06,0.5114
2017-11-03,0.5135
2017-11-01,0.5117
2017-10-31,0.5126
2017-10-30,0.5082
2017-10-27,0.5105
2017-10-26,0.5103
2017-10-25,0.514
2017-10-24,0.5131
2017-10-23,0.5051
2017-10-20,0.5041
2017-10-19,0.5053
2017-10-18,0.5012
2017-10-17,0.5015
2017-10-16,0.501
2017-10-13,0.5021
2017-10-11,0.5036
2017-10-10,0.5026
2017-10-09,0.5012
2017-10-06,0.4989
2017-10-05,0.4931
2017-10-04,0.4948
2017-10-03,0.4977
2017-10-02,0.4993
2017-09-29,0.5029
2017-09-28,0.5043
2017-09-27,0.5041
2017-09-26,0.5011
2017-09-25,0.5004
2017-09-22,0.5034
2017-09-21,0.5034
2017-09-20,0.5043
2017-09-19,0.5044
2017-09-18,0.5012
2017-09-15,0.5023
2017-09-14,0.5009
2017-09-13,0.5013
2017-09-12,0.501
2017-09-11,0.4961
2017-09-08,0.5002
2017-09-06,0.4998
2017-09-05,0.4997
2017-09-04,0.503
2017-09-01,0.5005
2017-08-31,0.5033
2017-08-30,0.5072
2017-08-29,0.5123
2017-08-28,0.5081
2017-08-25,0.5021
2017-08-24,0.4983
2017-08-23,0.5009
2017-08-22,0.4988
2017-08-21,0.4994
2017-08-18,0.5001
2017-08-17,0.4989
2017-08-16,0.4983
2017-08-15,0.5046
2017-08-14,0.5054
2017-08-11,0.5034
2017-08-10,0.4984
2017-08-09,0.4969
2017-08-08,0.4936
2017-08-07,0.4955
2017-08-04,0.4933
2017-08-03,0.4982
2017-08-02,0.4987
2017-08-01,0.4944
2017-07-31,0.4979
2017-07-28,0.4973
2017-07-27,0.4939
2017-07-26,0.4953
2017-07-25,0.4946
2017-07-24,0.4926
2017-07-21,0.4899
2017-07-20,0.4913
2017-07-19,0.4884
2017-07-18,0.4931
2017-07-17,0.4908
2017-07-14,0.4913
2017-07-13,0.4915
2017-07-12,0.495
2017-07-11,0.4999
2017-07-10,0.5004
2017-07-07,0.5041
2017-07-06,0.5073
2017-07-05,0.506
2017-07-04,0.5044
2017-07-03,0.5047
2017-06-30,0.5077
2017-06-29,0.5061
2017-06-28,0.5048
2017-06-27,0.5052
2017-06-26,0.4988
2017-06-23,0.5019
2017-06-22,0.5001
2017-06-21,0.498
2017-06-20,0.4957
2017-06-19,0.4948
2017-06-16,0.4951
2017-06-14,0.498
2017-06-13,0.4999
2017-06-12,0.497
2017-06-09,0.4926
2017-06-08,0.4953
2017-06-07,0.4948
2017-06-06,0.4971
2017-06-05,0.4963
2017-06-02,0.4909
2017-06-01,0.4871
2017-05-31,0.49
2017-05-30,0.491
2017-05-29,0.4916
2017-05-26,0.4895
2017-05-25,0.4949
2017-05-24,0.49
2017-05-23,0.4914
2017-05-22,0.496
2017-05-19,0.4943
2017-05-18,0.5057
2017-05-17,0.4651
2017-05-16,0.4603
2017-05-15,0.4577
2017-05-12,0.4595
2017-05-11,0.461
2017-05-10,0.462
2017-05-09,0.4655
2017-05-08,0.4691
2017-05-05,0.4697
2017-05-04,0.4687
2017-05-03,0.4624
2017-05-02,0.4654
2017-04-28,0.4685
2017-04-27,0.4639
2017-04-26,0.4654
2017-04-25,0.4644
2017-04-24,0.4556
2017-04-20,0.4549
2017-04-19,0.4505
2017-04-18,0.4456
2017-04-17,0.4448
2017-04-13,0.4469
2017-04-12,0.449
2017-04-11,0.4486
2017-04-10,0.4479
2017-04-07,0.4468
2017-04-06,0.4463
2017-04-05,0.4434
2017-04-04,0.4478
2017-04-03,0.4465
2017-03-31,0.4557
2017-03-30,0.4507
2017-03-29,0.4515
2017-03-28,0.4565
2017-03-27,0.4572
2017-03-24,0.4546
2017-03-23,0.4533
2017-03-22,0.4493
2017-03-21,0.4473
2017-03-20,0.4469
2017-03-17,0.4489
2017-03-16,0.4489
2017-03-15,0.4523
2017-03-14,0.4531
2017-03-13,0.4527
2017-03-10,0.4535
2017-03-09,0.4517
2017-03-08,0.4471
2017-03-07,0.4439
2017-03-06,0.4436
2017-03-03,0.4457
2017-03-02,0.4409
2017-02-24,0.4406
2017-02-23,0.4366
2017-02-22,0.4374
2017-02-21,0.4391
2017-02-20,0.4419
2017-02-17,0.4434
2017-02-16,0.4375
2017-02-15,0.4373
2017-02-14,0.4423
2017-02-13,0.4445
2017-02-10,0.4452
2017-02-09,0.4473
2017-02-08,0.4498
2017-02-07,0.4494
2017-02-06,0.4498
2017-02-03,0.4523
2017-02-02,0.4537
2017-02-01,0.4554
2017-01-31,0.454
2017-01-30,0.4489
2017-01-27,0.4547
2017-01-26,0.457
2017-01-25,0.4571
2017-01-24,0.458
2017-01-23,0.456
2017-01-20,0.4574
2017-01-19,0.4575
2017-01-18,0.4628
2017-01-17,0.4626
2017-01-16,0.4598
2017-01-13,0.4569
2017-01-12,0.4539
2017-01-11,0.4534
2017-01-10,0.455
2017-01-09,0.4547
2017-01-06,0.4552
2017-01-05,0.4559
2017-01-04,0.4551
2017-01-03,0.4561
2017-01-02,0.4611
2016-12-30,0.4625
2016-12-29,0.4585
2016-12-28,0.458
2016-12-27,0.4608
2016-12-26,0.4604
2016-12-23,0.4589
2016-12-22,0.4686
2016-12-21,0.4677
2016-12-20,0.4686
2016-12-19,0.4739
2016-12-16,0.4728
2016-12-15,0.4744
2016-12-14,0.4737
2016-12-13,0.4771
2016-12-12,0.4809
2016-12-09,0.4805
2016-12-08,0.4859
2016-12-07,0.4896
2016-12-06,0.4958
2016-12-05,0.4991
2016-12-02,0.496
2016-12-01,0.4895
2016-11-30,0.4839
2016-11-29,0.4853
2016-11-28,0.4838
2016-11-25,0.4889
2016-11-24,0.4832
2016-11-23,0.4813
2016-11-22,0.478
2016-11-21,0.4786
2016-11-18,0.4832
2016-11-17,0.4891
2016-11-16,0.4916
2016-11-14,0.4959
2016-11-11,0.5025
2016-11-10,0.4836
2016-11-09,0.4747
2016-11-08,0.4755
2016-11-07,0.4757
2016-11-04,0.4848
2016-11-03,0.4813
2016-11-01,0.4757
2016-10-31,0.4679
2016-10-28,0.4673
2016-10-27,0.4614
2016-10-26,0.4582
2016-10-25,0.4554
2016-10-24,0.4582
2016-10-21,0.4617
2016-10-20,0.4642
2016-10-19,0.4687
2016-10-18,0.4701
2016-10-17,0.4721
2016-10-14,0.4705
2016-10-13,0.4761
2016-10-11,0.4778
2016-10-10,0.4817
2016-10-07,0.4818
2016-10-06,0.4846
2016-10-05,0.4869
2016-10-04,0.4852
2016-10-03,0.487
2016-09-30,0.49
2016-09-29,0.4863
2016-09-28,0.4881
2016-09-27,0.4867
2016-09-26,0.49
2016-09-23,0.4854
2016-09-22,0.4822
2016-09-21,0.4854
2016-09-20,0.4877
2016-09-19,0.4897
2016-09-16,0.4945
2016-09-15,0.5034
2016-09-14,0.5037
2016-09-13,0.4981
2016-09-12,0.4957
2016-09-09,0.4917
2016-09-08,0.483
2016-09-06,0.49
2016-09-05,0.4905
2016-09-02,0.4864
2016-09-01,0.4885
2016-08-31,0.4854
2016-08-30,0.4872
2016-08-29,0.4899
2016-08-26,0.4853
2016-08-25,0.4894
2016-08-24,0.4897
2016-08-23,0.4869
2016-08-22,0.4889
2016-08-19,0.4911
2016-08-18,0.4906
2016-08-17,0.4882
2016-08-16,0.4812
2016-08-15,0.4768
2016-08-12,0.4745
2016-08-11,0.4709
2016-08-10,0.47
2016-08-09,0.4706
2016-08-08,0.4733
2016-08-05,0.4747
2016-08-04,0.4818
2016-08-03,0.4916
2016-08-02,0.4903
2016-08-01,0.4907
2016-07-29,0.4864
2016-07-28,0.4883
2016-07-27,0.4848
2016-07-26,0.4841
2016-07-25,0.4844
2016-07-22,0.4845
2016-07-21,0.4825
2016-07-20,0.481
2016-07-19,0.4857
2016-07-18,0.4859
2016-07-15,0.4856
2016-07-14,0.4825
2016-07-13,0.4915
2016-07-12,0.4875
2016-07-11,0.4905
2016-07-08,0.4891
2016-07-07,0.4964
2016-07-06,0.4948
2016-07-05,0.49
2016-07-04,0.4865
2016-07-01,0.4838
2016-06-30,0.4761
2016-06-29,0.4848
2016-06-28,0.4945
2016-06-27,0.503
2016-06-24,0.5052
2016-06-23,0.5123
2016-06-22,0.514
2016-06-21,0.5134
2016-06-20,0.515
2016-06-17,0.5203
2016-06-16,0.5238
2016-06-15,0.5256
2016-06-14,0.525
2016-06-13,0.5239
2016-06-10,0.5199
2016-06-09,0.5153
2016-06-08,0.5198
2016-06-07,0.5304
2016-06-06,0.5358
2016-06-03,0.5392
2016-06-02,0.5394
2016-06-01,0.5422
2016-05-31,0.5383
2016-05-30,0.539
2016-05-27,0.5418
2016-05-25,0.5371
2016-05-24,0.5319
2016-05-23,0.5367
2016-05-20,0.5339
2016-05-19,0.5429
2016-05-18,0.5363
2016-05-17,0.5341
2016-05-16,0.5335
2016-05-13,0.5321
2016-05-12,0.5335
2016-05-11,0.5329
2016-05-10,0.5321
2016-05-09,0.5423
2016-05-06,0.5429
2016-05-05,0.541
2016-05-04,0.5466
2016-05-03,0.5498
2016-05-02,0.5415
2016-04-29,0.5304
2016-04-28,0.5324
2016-04-27,0.537
2016-04-26,0.5369
2016-04-25,0.5374
2016-04-22,0.5413
2016-04-20,0.5406
2016-04-19,0.5432
2016-04-18,0.5462
2016-04-15,0.5355
2016-04-14,0.5317
2016-04-13,0.537
2016-04-12,0.5421
2016-04-11,0.5409
2016-04-08,0.5577
2016-04-07,0.565
2016-04-06,0.5642
2016-04-05,0.5599
2016-04-04,0.5489
2016-04-01,0.5472
2016-03-31,0.544
2016-03-30,0.5492
2016-03-29,0.5514
2016-03-28,0.5474
2016-03-24,0.5532
2016-03-23,0.5477
2016-03-22,0.5435
2016-03-21,0.5473
2016-03-18,0.5477
2016-03-17,0.5533
2016-03-16,0.5657
2016-03-15,0.5531
2016-03-14,0.5398
2016-03-11,0.5426
2016-03-10,0.5486
2016-03-09,0.5465
2016-03-08,0.5604
2016-03-07,0.5554
2016-03-04,0.5487
2016-03-03,0.5644
2016-03-02,0.5679
2016-03-01,0.5811
2016-02-29,0.5796
2016-02-26,0.5797
2016-02-25,0.5828
2016-02-24,0.5895
2016-02-23,0.5863
2016-02-22,0.5855
2016-02-19,0.6024
2016-02-18,0.5962
2016-02-17,0.6007
2016-02-16,0.6005
2016-02-15,0.5956
2016-02-12,0.6018
2016-02-11,0.6012
2016-02-10,0.5934
2016-02-05,0.5819
2016-02-04,0.5807
2016-02-03,0.5834
2016-02-02,0.5847
2016-02-01,0.584
2016-01-29,0.5871
2016-01-28,0.5978
2016-01-27,0.5902
2016-01-26,0.595
2016-01-25,0.5956
2016-01-22,0.5979
2016-01-21,0.6035
2016-01-20,0.5973
2016-01-19,0.5882
2016-01-18,0.5896
2016-01-15,0.5934
2016-01-14,0.5884
2016-01-13,0.5795
2016-01-12,0.586
2016-01-11,0.5866
2016-01-08,0.5863
2016-01-07,0.5884
2016-01-06,0.5814
2016-01-05,0.5775
2016-01-04,0.5864
2015-12-31,0.5695
2015-12-30,0.5714
2015-12-29,0.5639
2015-12-28,0.5767
2015-12-24,0.5798
2015-12-23,0.5792
2015-12-22,0.5847
2015-12-21,0.5819
2015-12-18,0.5673
2015-12-17,0.5658
2015-12-16,0.5763
2015-12-15,0.5685
2015-12-14,0.5752
2015-12-11,0.5687
2015-12-10,0.5536
2015-12-09,0.5527
2015-12-08,0.5528
2015-12-07,0.5436
2015-12-04,0.5508
2015-12-03,0.5502
2015-12-02,0.5465
2015-12-01,0.5513
2015-11-30,0.5461
2015-11-27,0.5304
2015-11-26,0.5354
2015-11-25,0.5345
2015-11-24,0.5288
2015-11-23,0.5314
2015-11-20,0.5304
2015-11-19,0.5374
2015-11-18,0.5422
2015-11-17,0.5442
2015-11-16,0.5501
2015-11-13,0.5471
2015-11-12,0.549
2015-11-11,0.5378
2015-11-10,0.544
2015-11-09,0.5456
2015-11-06,0.5478
2015-11-05,0.5521
2015-11-04,0.5504
2015-11-03,0.5593
2015-10-30,0.5719
2015-10-29,0.5784
2015-10-28,0.576
2015-10-27,0.5791
2015-10-26,0.5709
2015-10-23,0.5767
2015-10-22,0.589
2015-10-21,0.5996
2015-10-20,0.5878
2015-10-19,0.5916
2015-10-16,0.5854
2015-10-15,0.5868
2015-10-14,0.5902
2015-10-13,0.5835
2015-10-09,0.5694
2015-10-08,0.5825
2015-10-07,0.5739
2015-10-06,0.5823
2015-10-05,0.5875
2015-10-02,0.6047
2015-10-01,0.5974
2015-09-30,0.5945
2015-09-29,0.621
2015-09-28,0.6039
2015-09-25,0.5923
2015-09-24,0.6328
2015-09-23,0.614
2015-09-22,0.6034
2015-09-21,0.598
2015-09-18,0.594
2015-09-17,0.5901
2015-09-16,0.5813
2015-09-15,0.5825
2015-09-14,0.5858
2015-09-11,0.5882
2015-09-10,0.5842
2015-09-09,0.5667
2015-09-08,0.5699
2015-09-04,0.566
2015-09-03,0.5619
2015-09-02,0.562
2015-09-01,0.5542
2015-08-31,0.547
2015-08-28,0.5357
2015-08-27,0.5354
2015-08-26,0.5543
2015-08-25,0.5403
2015-08-24,0.5506
2015-08-21,0.531
2015-08-20,0.5215
2015-08-19,0.5165
2015-08-18,0.5144
2015-08-17,0.5157
2015-08-14,0.5175
2015-08-13,0.5238
2015-08-12,0.5226
2015-08-11,0.5167
2015-08-10,0.5144
2015-08-07,0.5166
2015-08-06,0.5174
2015-08-05,0.5077
2015-08-04,0.509
2015-08-03,0.5057
2015-07-31,0.5016
2015-07-30,0.4923
2015-07-29,0.4938
2015-07-28,0.501
2015-07-27,0.4998
