DATA,GBP_BRL
2025-07-25,7.4432
2025-07-24,7.4711
2025-07-23,7.5353
2025-07-22,7.533
2025-07-21,7.5077
2025-07-18,7.4541
2025-07-17,7.4766
2025-07-16,7.4801
2025-07-15,7.4466
2025-07-14,7.4692
2025-07-11,7.5247
2025-07-10,7.5211
2025-07-09,7.4209
2025-07-08,7.4075
2025-07-07,7.4414
2025-07-04,7.3817
2025-07-03,7.4016
2025-07-02,7.4262
2025-07-01,7.4822
2025-06-30,7.4893
2025-06-27,7.5124
2025-06-26,7.5857
2025-06-25,7.5525
2025-06-24,7.4804
2025-06-23,7.4482
2025-06-20,7.4011
2025-06-18,7.3928
2025-06-17,7.4031
2025-06-16,7.4967
2025-06-13,7.5659
2025-06-12,7.5261
2025-06-11,7.5087
2025-06-10,7.5052
2025-06-09,7.5638
2025-06-06,7.5702
2025-06-05,7.6028
2025-06-04,7.6431
2025-06-03,7.6656
2025-06-02,7.715
2025-05-30,7.6879
2025-05-29,7.6292
2025-05-28,7.6647
2025-05-27,7.6356
2025-05-26,7.6809
2025-05-23,7.6915
2025-05-22,7.5715
2025-05-21,7.6065
2025-05-20,7.5695
2025-05-19,7.5583
2025-05-16,7.5471
2025-05-15,7.4866
2025-05-14,7.463
2025-05-13,7.4699
2025-05-12,7.496
2025-05-09,7.5261
2025-05-08,7.5539
2025-05-07,7.6561
2025-05-06,7.6478
2025-05-05,7.5092
2025-05-02,7.4914
2025-04-30,7.5538
2025-04-29,7.5654
2025-04-28,7.5936
2025-04-25,7.5781
2025-04-24,7.5501
2025-04-23,7.5406
2025-04-22,7.6907
2025-04-17,7.7667
2025-04-16,7.7903
2025-04-15,7.7628
2025-04-14,7.6963
2025-04-11,7.6646
2025-04-10,7.6489
2025-04-09,7.7411
2025-04-08,7.5801
2025-04-07,7.4945
2025-04-04,7.4683
2025-04-03,7.3515
2025-04-02,7.3858
2025-04-01,7.3716
2025-03-31,7.4046
2025-03-28,7.4635
2025-03-27,7.4515
2025-03-26,7.3851
2025-03-25,7.3799
2025-03-24,7.4142
2025-03-21,7.3807
2025-03-20,7.3469
2025-03-19,7.3484
2025-03-18,7.3834
2025-03-17,7.4127
2025-03-14,7.4168
2025-03-13,7.5251
2025-03-12,7.5568
2025-03-11,7.5529
2025-03-10,7.4764
2025-03-07,7.4556
2025-03-06,7.4121
2025-03-05,7.4587
2025-02-28,7.3654
2025-02-27,7.3542
2025-02-26,7.334
2025-02-25,7.3114
2025-02-24,7.2271
2025-02-21,7.2088
2025-02-20,7.2078
2025-02-19,7.1884
2025-02-18,7.1885
2025-02-17,7.2004
2025-02-14,7.2291
2025-02-13,7.2374
2025-02-12,7.1764
2025-02-11,7.1698
2025-02-10,7.1636
2025-02-07,7.1515
2025-02-06,7.1846
2025-02-05,7.2606
2025-02-04,7.2276
2025-02-03,7.2848
2025-01-31,7.2456
2025-01-30,7.3569
2025-01-29,7.2882
2025-01-28,7.3268
2025-01-27,7.3948
2025-01-24,7.3568
2025-01-23,7.3209
2025-01-22,7.3518
2025-01-21,7.4353
2025-01-20,7.4376
2025-01-17,7.3943
2025-01-16,7.3804
2025-01-15,7.4034
2025-01-14,7.4037
2025-01-13,7.4223
2025-01-10,7.4578
2025-01-09,7.4933
2025-01-08,7.5701
2025-01-07,7.5932
2025-01-06,7.6466
2025-01-03,7.6375
2025-01-02,7.6844
2024-12-31,7.762
2024-12-30,7.7484
2024-12-27,7.7966
2024-12-26,7.7144
2024-12-24,7.7339
2024-12-23,7.7138
2024-12-20,7.6236
2024-12-19,7.7629
2024-12-18,7.8219
2024-12-17,7.8408
2024-12-16,7.6804
2024-12-13,7.6201
2024-12-12,7.5401
2024-12-11,7.6872
2024-12-10,7.7108
2024-12-09,7.7524
2024-12-06,7.6843
2024-12-05,7.6361
2024-12-04,7.6998
2024-12-03,7.6879
2024-12-02,7.6587
2024-11-29,7.6946
2024-11-28,7.5934
2024-11-27,7.3907
2024-11-26,7.2864
2024-11-25,7.2816
2024-11-22,7.2829
2024-11-21,7.3414
2024-11-19,7.3143
2024-11-18,7.281
2024-11-14,7.3572
2024-11-13,7.344
2024-11-12,7.3641
2024-11-11,7.462
2024-11-08,7.4591
2024-11-07,7.3594
2024-11-06,7.4314
2024-11-05,7.5217
2024-11-04,7.5181
2024-11-01,7.5257
2024-10-31,7.4281
2024-10-30,7.5222
2024-10-29,7.4311
2024-10-28,7.3982
2024-10-25,7.3934
2024-10-24,7.4019
2024-10-23,7.3974
2024-10-22,7.3869
2024-10-21,7.4074
2024-10-18,7.3793
2024-10-17,7.3831
2024-10-16,7.3774
2024-10-15,7.3759
2024-10-14,7.3139
2024-10-11,7.3536
2024-10-10,7.2866
2024-10-09,7.2904
2024-10-08,7.2269
2024-10-07,7.1467
2024-10-04,7.1677
2024-10-03,7.1925
2024-10-02,7.2068
2024-10-01,7.2404
2024-09-30,7.2999
2024-09-27,7.2899
2024-09-26,7.3064
2024-09-25,7.3012
2024-09-24,7.3186
2024-09-23,7.4026
2024-09-20,7.2884
2024-09-19,7.1963
2024-09-18,7.2281
2024-09-17,7.2404
2024-09-16,7.2884
2024-09-13,7.3212
2024-09-12,7.3978
2024-09-11,7.3438
2024-09-10,7.3496
2024-09-09,7.3392
2024-09-06,7.3148
2024-09-05,7.3789
2024-09-04,7.4067
2024-09-03,7.367
2024-09-02,7.392
2024-08-30,7.4272
2024-08-29,7.4314
2024-08-28,7.3016
2024-08-27,7.2751
2024-08-26,7.2413
2024-08-23,7.292
2024-08-22,7.2709
2024-08-21,7.154
2024-08-20,7.1064
2024-08-19,7.04
2024-08-16,7.0508
2024-08-15,7.0303
2024-08-14,7.0041
2024-08-13,7.0394
2024-08-12,7.0132
2024-08-09,7.0349
2024-08-08,7.1574
2024-08-07,7.1328
2024-08-06,7.1762
2024-08-05,7.3591
2024-08-02,7.3411
2024-08-01,7.237
2024-07-31,7.2701
2024-07-30,7.2525
2024-07-29,7.2587
2024-07-26,7.2631
2024-07-25,7.2668
2024-07-24,7.2822
2024-07-23,7.2075
2024-07-22,7.1783
2024-07-19,7.1773
2024-07-18,7.1904
2024-07-17,7.1109
2024-07-16,7.0323
2024-07-15,7.0845
2024-07-12,7.0811
2024-07-11,6.9886
2024-07-10,6.9304
2024-07-09,6.9545
2024-07-08,7.0184
2024-07-05,7.0417
2024-07-04,6.9986
2024-07-03,7.1315
2024-07-02,7.1855
2024-07-01,7.0699
2024-06-28,7.0259
2024-06-27,6.9876
2024-06-26,6.956
2024-06-25,6.8823
2024-06-24,6.8488
2024-06-21,6.8804
2024-06-20,6.8734
2024-06-19,6.9544
2024-06-18,6.8663
2024-06-17,6.8696
2024-06-14,6.8024
2024-06-13,6.8882
2024-06-12,6.9207
2024-06-11,6.8104
2024-06-10,6.8333
2024-06-07,6.7201
2024-06-06,6.7347
2024-06-05,6.7478
2024-06-04,6.7355
2024-06-03,6.7011
2024-05-31,6.6757
2024-05-29,6.6077
2024-05-28,6.5902
2024-05-27,6.6047
2024-05-24,6.5652
2024-05-23,6.543
2024-05-22,6.5603
2024-05-21,6.4863
2024-05-20,6.4914
2024-05-17,6.498
2024-05-16,6.501
2024-05-15,6.5086
2024-05-14,6.4657
2024-05-13,6.4589
2024-05-10,6.4474
2024-05-09,6.4502
2024-05-08,6.3634
2024-05-07,6.344
2024-05-06,6.3794
2024-05-03,6.3593
2024-05-02,6.4016
2024-04-30,6.4715
2024-04-29,6.4205
2024-04-26,6.3852
2024-04-25,6.4563
2024-04-24,6.4149
2024-04-23,6.4197
2024-04-22,6.4226
2024-04-19,6.4814
2024-04-18,6.5456
2024-04-17,6.5298
2024-04-16,6.5462
2024-04-15,6.4517
2024-04-12,6.3984
2024-04-11,6.3649
2024-04-10,6.3545
2024-04-09,6.3471
2024-04-08,6.3793
2024-04-05,6.3822
2024-04-04,6.365
2024-04-03,6.409
2024-04-02,6.3484
2024-04-01,6.3397
2024-03-28,6.3122
2024-03-27,6.2968
2024-03-26,6.2981
2024-03-25,6.3064
2024-03-22,6.2885
2024-03-21,6.31
2024-03-20,6.3718
2024-03-19,6.4012
2024-03-18,6.3828
2024-03-15,6.3625
2024-03-14,6.3444
2024-03-13,6.3733
2024-03-12,6.3691
2024-03-11,6.3754
2024-03-08,6.4099
2024-03-07,6.3141
2024-03-06,6.2948
2024-03-05,6.3018
2024-03-04,6.2833
2024-03-01,6.2764
2024-02-29,6.3049
2024-02-28,6.2719
2024-02-27,6.2886
2024-02-26,6.3205
2024-02-23,6.3211
2024-02-22,6.2377
2024-02-21,6.2191
2024-02-20,6.257
2024-02-19,6.2418
2024-02-16,6.2629
2024-02-15,6.257
2024-02-14,6.2452
2024-02-09,6.2822
2024-02-08,6.2793
2024-02-07,6.2675
2024-02-06,6.2491
2024-02-05,6.2681
2024-02-02,6.2625
2024-02-01,6.2596
2024-01-31,6.3083
2024-01-30,6.2881
2024-01-29,6.2422
2024-01-26,6.2507
2024-01-25,6.2534
2024-01-24,6.2749
2024-01-23,6.2979
2024-01-22,6.2956
2024-01-19,6.2425
2024-01-18,6.2613
2024-01-17,6.2462
2024-01-16,6.2126
2024-01-15,6.2092
2024-01-12,6.196
2024-01-11,6.2051
2024-01-10,6.2295
2024-01-09,6.2179
2024-01-08,6.2289
2024-01-05,6.2361
2024-01-04,6.2479
2024-01-03,6.216
2024-01-02,6.1761
2023-12-29,6.1586
2023-12-28,6.1833
2023-12-27,6.1788
2023-12-26,6.1456
2023-12-22,6.1829
2023-12-21,6.1714
2023-12-20,6.1791
2023-12-19,6.1997
2023-12-18,6.248
2023-12-15,6.2739
2023-12-14,6.2417
2023-12-13,6.2109
2023-12-12,6.2157
2023-12-11,6.2062
2023-12-08,6.1683
2023-12-07,6.1553
2023-12-06,6.1755
2023-12-05,6.2472
2023-12-04,6.1923
2023-12-01,6.2163
2023-11-30,6.2488
2023-11-29,6.2135
2023-11-28,6.1983
2023-11-27,6.1713
2023-11-24,6.1712
2023-11-23,6.1355
2023-11-22,6.1019
2023-11-21,6.1198
2023-11-20,6.0875
2023-11-17,6.0749
2023-11-16,6.0437
2023-11-14,6.0653
2023-11-13,6.0352
2023-11-10,6.0042
2023-11-09,6.022
2023-11-08,6.0038
2023-11-07,5.9859
2023-11-06,6.0715
2023-11-03,6.0521
2023-11-01,6.087
2023-10-31,6.1368
2023-10-30,6.088
2023-10-27,6.0118
2023-10-26,6.0627
2023-10-25,6.0672
2023-10-24,6.0924
2023-10-23,6.1366
2023-10-20,6.1412
2023-10-19,6.1376
2023-10-18,6.144
2023-10-17,6.1499
2023-10-16,6.1744
2023-10-13,6.1444
2023-10-11,6.213
2023-10-10,6.2499
2023-10-09,6.3064
2023-10-06,6.3626
2023-10-05,6.294
2023-10-04,6.264
2023-10-03,6.1673
2023-10-02,6.1474
2023-09-29,6.1158
2023-09-28,6.1706
2023-09-27,6.1016
2023-09-26,6.0496
2023-09-25,6.0599
2023-09-22,6.0215
2023-09-21,6.0542
2023-09-20,6.0071
2023-09-19,6.0199
2023-09-18,6.0198
2023-09-15,6.034
2023-09-14,6.0505
2023-09-13,6.1405
2023-09-12,6.1772
2023-09-11,6.1846
2023-09-08,6.2169
2023-09-06,6.2207
2023-09-05,6.2544
2023-09-04,6.209
2023-09-01,6.2096
2023-08-31,6.2351
2023-08-30,6.1906
2023-08-29,6.1433
2023-08-28,6.1613
2023-08-25,6.1311
2023-08-24,6.1593
2023-08-23,6.2269
2023-08-22,6.294
2023-08-21,6.349
2023-08-18,6.3343
2023-08-17,6.3535
2023-08-16,6.3449
2023-08-15,6.3485
2023-08-14,6.2796
2023-08-11,6.2106
2023-08-10,6.1744
2023-08-09,6.2327
2023-08-08,6.2648
2023-08-07,6.2581
2023-08-04,6.2098
2023-08-03,6.2021
2023-08-02,6.1128
2023-08-01,6.0879
2023-07-31,6.0961
2023-07-28,6.081
2023-07-27,6.0754
2023-07-26,6.1252
2023-07-25,6.1156
2023-07-24,6.0873
2023-07-21,6.1359
2023-07-20,6.1531
2023-07-19,6.191
2023-07-18,6.2711
2023-07-17,6.3169
2023-07-14,6.2891
2023-07-13,6.292
2023-07-12,6.2437
2023-07-11,6.3144
2023-07-10,6.2561
2023-07-07,6.2653
2023-07-06,6.2299
2023-07-05,6.1741
2023-07-04,6.1185
2023-07-03,6.0779
2023-06-30,6.1262
2023-06-29,6.1308
2023-06-28,6.1374
2023-06-27,6.1081
2023-06-26,6.0691
2023-06-23,6.0705
2023-06-22,6.0881
2023-06-21,6.0876
2023-06-20,6.1024
2023-06-19,6.1154
2023-06-16,6.1888
2023-06-15,6.1541
2023-06-14,6.1532
2023-06-13,6.121
2023-06-12,6.1001
2023-06-09,6.1544
2023-06-07,6.1158
2023-06-06,6.1211
2023-06-05,6.125
2023-06-02,6.1794
2023-06-01,6.3119
2023-05-31,6.3169
2023-05-30,6.275
2023-05-29,6.1763
2023-05-26,6.1851
2023-05-25,6.1608
2023-05-24,6.1189
2023-05-23,6.171
2023-05-22,6.1727
2023-05-19,6.2138
2023-05-18,6.1681
2023-05-17,6.1777
2023-05-16,6.1373
2023-05-15,6.1511
2023-05-12,6.1365
2023-05-11,6.213
2023-05-10,6.2499
2023-05-09,6.3109
2023-05-08,6.2781
2023-05-05,6.2865
2023-05-04,6.3033
2023-05-03,6.302
2023-05-02,6.2792
2023-04-28,6.2919
2023-04-27,6.2542
2023-04-26,6.3155
2023-04-25,6.2745
2023-04-24,6.3036
2023-04-20,6.2869
2023-04-19,6.2776
2023-04-18,6.1705
2023-04-17,6.1074
2023-04-14,6.1408
2023-04-13,6.1528
2023-04-12,6.1731
2023-04-11,6.2209
2023-04-10,6.2836
2023-04-06,6.3141
2023-04-05,6.2912
2023-04-04,6.3453
2023-04-03,6.2815
2023-03-31,6.2845
2023-03-30,6.3396
2023-03-29,6.3414
2023-03-28,6.3859
2023-03-27,6.4227
2023-03-24,6.4707
2023-03-23,6.4853
2023-03-22,6.4404
2023-03-21,6.3966
2023-03-20,6.4314
2023-03-17,6.3963
2023-03-16,6.4052
2023-03-15,6.3752
2023-03-14,6.3599
2023-03-13,6.3718
2023-03-10,6.2705
2023-03-09,6.1172
2023-03-08,6.0832
2023-03-07,6.1643
2023-03-06,6.2515
2023-03-03,6.2335
2023-03-02,6.2272
2023-03-01,6.2546
2023-02-28,6.3066
2023-02-27,6.2503
2023-02-24,6.1859
2023-02-23,6.1729
2023-02-22,6.2459
2023-02-17,6.2414
2023-02-16,6.2997
2023-02-15,6.2712
2023-02-14,6.2622
2023-02-13,6.2921
2023-02-10,6.343
2023-02-09,6.3667
2023-02-08,6.2859
2023-02-07,6.2096
2023-02-06,6.2198
2023-02-03,6.1772
2023-02-02,6.1343
2023-02-01,6.2529
2023-01-31,6.2767
2023-01-30,6.3103
2023-01-27,6.2743
2023-01-26,6.297
2023-01-25,6.3083
2023-01-24,6.3674
2023-01-23,6.4248
2023-01-20,6.4312
2023-01-19,6.4455
2023-01-18,6.3102
2023-01-17,6.2888
2023-01-16,6.2396
2023-01-13,6.249
2023-01-12,6.2492
2023-01-11,6.309
2023-01-10,6.366
2023-01-09,6.4593
2023-01-06,6.3685
2023-01-05,6.4204
2023-01-04,6.5612
2023-01-03,6.457
2023-01-02,6.4369
2022-12-30,6.2785
2022-12-29,6.291
2022-12-28,6.3484
2022-12-27,6.3515
2022-12-26,6.2599
2022-12-23,6.2043
2022-12-22,6.2401
2022-12-21,6.3015
2022-12-20,6.3662
2022-12-19,6.4499
2022-12-16,6.4196
2022-12-15,6.4974
2022-12-14,6.6245
2022-12-13,6.5299
2022-12-12,6.5027
2022-12-09,6.441
2022-12-08,6.3655
2022-12-07,6.3683
2022-12-06,6.4049
2022-12-05,6.4095
2022-12-02,6.3502
2022-12-01,6.374
2022-11-30,6.3058
2022-11-29,6.3702
2022-11-28,6.477
2022-11-25,6.4723
2022-11-24,6.4534
2022-11-23,6.5088
2022-11-22,6.3372
2022-11-21,6.2782
2022-11-18,6.3793
2022-11-17,6.4384
2022-11-16,6.3276
2022-11-14,6.2195
2022-11-11,6.2478
2022-11-10,6.1995
2022-11-09,5.8743
2022-11-08,5.9852
2022-11-07,5.8356
2022-11-04,5.6801
2022-11-03,5.7434
2022-11-01,5.9029
2022-10-31,6.0534
2022-10-28,6.1862
2022-10-27,6.1351
2022-10-26,6.1853
2022-10-25,6.089
2022-10-24,5.9553
2022-10-21,5.8643
2022-10-20,5.8896
2022-10-19,5.9314
2022-10-18,5.9579
2022-10-17,6.0235
2022-10-14,5.92
2022-10-13,6.0153
2022-10-11,5.8144
2022-10-10,5.7353
2022-10-07,5.8054
2022-10-06,5.7907
2022-10-05,5.8792
2022-10-04,5.885
2022-10-03,5.8611
2022-09-30,6.0197
2022-09-29,5.9556
2022-09-28,5.8064
2022-09-27,5.7543
2022-09-26,5.7312
2022-09-23,5.7075
2022-09-22,5.824
2022-09-21,5.8577
2022-09-20,5.8964
2022-09-19,5.9719
2022-09-16,6.0375
2022-09-15,5.9907
2022-09-14,5.9877
2022-09-13,5.9708
2022-09-12,5.9884
2022-09-09,5.9889
2022-09-08,5.9895
2022-09-06,6.0318
2022-09-05,5.9537
2022-09-02,6.0095
2022-09-01,6.0021
2022-08-31,6.0309
2022-08-30,5.8979
2022-08-29,5.9092
2022-08-26,5.9943
2022-08-25,6.0399
2022-08-24,6.0259
2022-08-23,6.045
2022-08-22,6.0768
2022-08-19,6.1361
2022-08-18,6.1972
2022-08-17,6.2301
2022-08-16,6.2075
2022-08-15,6.1579
2022-08-12,6.1901
2022-08-11,6.2523
2022-08-10,6.1844
2022-08-09,6.192
2022-08-08,6.1993
2022-08-05,6.2921
2022-08-04,6.3635
2022-08-03,6.4123
2022-08-02,6.3941
2022-08-01,6.3362
2022-07-29,6.3215
2022-07-28,6.3231
2022-07-27,6.3832
2022-07-26,6.4523
2022-07-25,6.5206
2022-07-22,6.5535
2022-07-21,6.5541
2022-07-20,6.5091
2022-07-19,6.4803
2022-07-18,6.4356
2022-07-15,6.4066
2022-07-14,6.4543
2022-07-13,6.4348
2022-07-12,6.4441
2022-07-11,6.3691
2022-07-08,6.39
2022-07-07,6.4336
2022-07-06,6.4691
2022-07-05,6.4339
2022-07-04,6.4224
2022-07-01,6.4041
2022-06-30,6.3726
2022-06-29,6.3532
2022-06-28,6.3664
2022-06-27,6.4255
2022-06-24,6.423
2022-06-23,6.3449
2022-06-22,6.3243
2022-06-21,6.3175
2022-06-20,6.3271
2022-06-17,6.2617
2022-06-15,6.165
2022-06-14,6.1515
2022-06-13,6.2112
2022-06-10,6.1438
2022-06-09,6.1247
2022-06-08,6.1191
2022-06-07,6.1606
2022-06-06,6.0024
2022-06-03,5.9921
2022-06-02,6.0131
2022-06-01,5.9573
2022-05-31,5.9702
2022-05-30,5.9775
2022-05-27,5.9824
2022-05-26,6.0352
2022-05-25,6.0642
2022-05-24,6.0339
2022-05-23,6.0297
2022-05-20,6.0937
2022-05-19,6.1522
2022-05-18,6.1469
2022-05-17,6.1951
2022-05-16,6.2177
2022-05-13,6.2546
2022-05-12,6.2793
2022-05-11,6.3112
2022-05-10,6.3287
2022-05-09,6.3343
2022-05-06,6.2666
2022-05-05,6.1718
2022-05-04,6.2561
2022-05-03,6.2764
2022-05-02,6.2943
2022-04-29,6.1808
2022-04-28,6.2332
2022-04-27,6.2935
2022-04-26,6.2659
2022-04-25,6.2004
2022-04-22,6.0804
2022-04-20,6.0581
2022-04-19,6.0719
2022-04-18,6.0863
2022-04-14,6.1551
2022-04-13,6.1196
2022-04-12,6.0581
2022-04-11,6.1292
2022-04-08,6.1924
2022-04-07,6.1933
2022-04-06,6.1438
2022-04-05,6.0789
2022-04-04,6.0568
2022-04-01,6.162
2022-03-31,6.2307
2022-03-30,6.2459
2022-03-29,6.2349
2022-03-28,6.2717
2022-03-25,6.3039
2022-03-24,6.3381
2022-03-23,6.4353
2022-03-22,6.5255
2022-03-21,6.5569
2022-03-18,6.6401
2022-03-17,6.6795
2022-03-16,6.7171
2022-03-15,6.7062
2022-03-14,6.6079
2022-03-11,6.5769
2022-03-10,6.6324
2022-03-09,6.5924
2022-03-08,6.6749
2022-03-07,6.6451
2022-03-04,6.7112
2022-03-03,6.7349
2022-03-02,6.8666
2022-02-25,6.8955
2022-02-24,6.7949
2022-02-23,6.7999
2022-02-22,6.879
2022-02-21,6.9402
2022-02-18,6.9744
2022-02-17,7.0252
2022-02-16,7.0119
2022-02-15,7.0153
2022-02-14,7.0421
2022-02-11,7.0718
2022-02-10,7.0946
2022-02-09,7.1445
2022-02-08,7.1433
2022-02-07,7.1597
2022-02-04,7.2093
2022-02-03,7.2162
2022-02-02,7.1851
2022-02-01,7.1336
2022-01-31,7.1907
2022-01-28,7.239
2022-01-27,7.2065
2022-01-26,7.3392
2022-01-25,7.4139
2022-01-24,7.3942
2022-01-21,7.3757
2022-01-20,7.398
2022-01-19,7.4941
2022-01-18,7.5001
2022-01-17,7.5171
2022-01-14,7.5756
2022-01-13,7.5886
2022-01-12,7.6126
2022-01-11,7.6682
2022-01-10,7.694
2022-01-07,7.7037
2022-01-06,7.7178
2022-01-05,7.6816
2022-01-04,7.6954
2022-01-03,7.5724
2021-12-31,7.5242
2021-12-30,7.5337
2021-12-29,7.6362
2021-12-28,7.5779
2021-12-27,7.6013
2021-12-24,7.5866
2021-12-23,7.6316
2021-12-22,7.634
2021-12-21,7.5932
2021-12-20,7.5438
2021-12-17,7.555
2021-12-16,7.5949
2021-12-15,7.5493
2021-12-14,7.4715
2021-12-13,7.4572
2021-12-10,7.3986
2021-12-09,7.3383
2021-12-08,7.3729
2021-12-07,7.4671
2021-12-06,7.5305
2021-12-03,7.4609
2021-12-02,7.499
2021-12-01,7.4793
2021-11-30,7.4379
2021-11-29,7.4609
2021-11-26,7.4513
2021-11-25,7.4246
2021-11-24,7.4701
2021-11-23,7.5493
2021-11-22,7.4838
2021-11-19,7.4827
2021-11-18,7.4768
2021-11-17,7.4059
2021-11-16,7.352
2021-11-12,7.2605
2021-11-11,7.2551
2021-11-10,7.356
2021-11-09,7.4478
2021-11-08,7.5447
2021-11-05,7.4814
2021-11-04,7.5483
2021-11-03,7.742
2021-11-01,7.7552
2021-10-29,7.723
2021-10-28,7.7485
2021-10-27,7.6498
2021-10-26,7.6842
2021-10-25,7.7097
2021-10-22,7.8502
2021-10-21,7.7926
2021-10-20,7.6816
2021-10-19,7.6658
2021-10-18,7.5763
2021-10-15,7.4984
2021-10-14,7.5251
2021-10-13,7.5701
2021-10-11,7.5157
2021-10-08,7.5085
2021-10-07,7.5178
2021-10-06,7.4756
2021-10-05,7.4489
2021-10-04,7.3723
2021-10-01,7.3163
2021-09-30,7.3274
2021-09-29,7.2803
2021-09-28,7.3379
2021-09-27,7.334
2021-09-24,7.3104
2021-09-23,7.2699
2021-09-22,7.2154
2021-09-21,7.2485
2021-09-20,7.2841
2021-09-17,7.3054
2021-09-16,7.2501
2021-09-15,7.2744
2021-09-14,7.237
2021-09-13,7.2252
2021-09-10,7.2239
2021-09-09,7.3184
2021-09-08,7.2289
2021-09-06,7.1597
2021-09-03,7.1656
2021-09-02,7.1518
2021-09-01,7.1123
2021-08-31,7.071
2021-08-30,7.1481
2021-08-27,7.1874
2021-08-26,7.1901
2021-08-25,7.1992
2021-08-24,7.2713
2021-08-23,7.3646
2021-08-20,7.397
2021-08-19,7.408
2021-08-18,7.2904
2021-08-17,7.2252
2021-08-16,7.27
2021-08-13,7.2713
2021-08-12,7.2428
2021-08-11,7.2121
2021-08-10,7.2274
2021-08-09,7.3108
2021-08-06,7.2703
2021-08-05,7.1689
2021-08-04,7.2479
2021-08-03,7.2967
2021-08-02,7.134
2021-07-30,7.1257
2021-07-29,7.0788
2021-07-28,7.1545
2021-07-27,7.1748
2021-07-26,7.1732
2021-07-23,7.1099
2021-07-22,7.1465
2021-07-21,7.1921
2021-07-20,7.1436
2021-07-19,7.1168
2021-07-16,7.0217
2021-07-15,7.063
2021-07-14,7.0489
2021-07-13,7.1691
2021-07-12,7.255
2021-07-09,7.2528
2021-07-08,7.2407
2021-07-07,7.2181
2021-07-06,7.1244
2021-07-05,7.0308
2021-07-02,6.9379
2021-07-01,6.8981
2021-06-30,6.907
2021-06-29,6.8468
2021-06-28,6.8669
2021-06-25,6.8396
2021-06-24,6.853
2021-06-23,6.9213
2021-06-22,6.9858
2021-06-21,7.0099
2021-06-18,6.9519
2021-06-17,7.0085
2021-06-16,7.0837
2021-06-15,7.16
2021-06-14,7.1583
2021-06-11,7.2244
2021-06-10,7.1735
2021-06-09,7.1378
2021-06-08,7.1427
2021-06-07,7.1606
2021-06-04,7.1814
2021-06-02,7.2511
2021-06-01,7.3163
2021-05-31,7.4376
2021-05-28,7.4182
2021-05-27,7.4885
2021-05-26,7.5121
2021-05-25,7.5054
2021-05-24,7.5259
2021-05-21,7.507
2021-05-20,7.5035
2021-05-19,7.4854
2021-05-18,7.4601
2021-05-17,7.4527
2021-05-14,7.4298
2021-05-13,7.4115
2021-05-12,7.3729
2021-05-11,7.415
2021-05-10,7.3917
2021-05-07,7.3114
2021-05-06,7.3421
2021-05-05,7.4963
2021-05-04,7.562
2021-05-03,7.5251
2021-04-30,7.478
2021-04-29,7.4891
2021-04-28,7.5159
2021-04-27,7.5693
2021-04-26,7.5792
2021-04-23,7.5853
2021-04-22,7.6144
2021-04-20,7.7124
2021-04-19,7.7927
2021-04-16,7.7879
2021-04-15,7.7507
2021-04-14,7.8515
2021-04-13,7.8417
2021-04-12,7.7749
2021-04-09,7.7533
2021-04-08,7.6693
2021-04-07,7.6858
2021-04-06,7.7919
2021-04-05,7.8684
2021-04-01,7.8588
2021-03-31,7.8589
2021-03-30,7.9142
2021-03-29,7.9908
2021-03-26,7.8689
2021-03-25,7.7663
2021-03-24,7.5935
2021-03-23,7.5799
2021-03-22,7.6575
2021-03-19,7.6404
2021-03-18,7.732
2021-03-17,7.8577
2021-03-16,7.7594
2021-03-15,7.8054
2021-03-12,7.7317
2021-03-11,7.8078
2021-03-10,7.9883
2021-03-09,8.1143
2021-03-08,7.9208
2021-03-05,7.8583
2021-03-04,7.8378
2021-03-03,8.013
2021-03-02,7.9292
2021-03-01,7.7819
2021-02-26,7.7301
2021-02-25,7.7193
2021-02-24,7.6418
2021-02-23,7.6874
2021-02-22,7.7359
2021-02-19,7.558
2021-02-18,7.5657
2021-02-17,7.5014
2021-02-12,7.4528
2021-02-11,7.4111
2021-02-10,7.4796
2021-02-09,7.4807
2021-02-08,7.3748
2021-02-05,7.3956
2021-02-04,7.363
2021-02-03,7.2906
2021-02-02,7.3437
2021-02-01,7.4616
2021-01-29,7.5184
2021-01-28,7.4486
2021-01-27,7.3771
2021-01-26,7.4027
2021-01-25,7.5307
2021-01-22,7.424
2021-01-21,7.2981
2021-01-20,7.231
2021-01-19,7.2111
2021-01-18,7.1676
2021-01-15,7.1623
2021-01-14,7.1985
2021-01-13,7.2372
2021-01-12,7.441
2021-01-11,7.4138
2021-01-08,7.2966
2021-01-07,7.2407
2021-01-06,7.2072
2021-01-05,7.2414
2021-01-04,7.0108
2020-12-31,7.1008
2020-12-30,7.0727
2020-12-29,7.008
2020-12-28,7.048
2020-12-24,7.0396
2020-12-23,6.9968
2020-12-22,6.8593
2020-12-21,6.8668
2020-12-18,6.876
2020-12-17,6.8792
2020-12-16,6.8932
2020-12-15,6.8287
2020-12-14,6.736
2020-12-11,6.7024
2020-12-09,6.8476
2020-12-08,6.8044
2020-12-07,6.7936
2020-12-04,6.9674
2020-12-03,6.9689
2020-12-02,6.9672
2020-12-01,7.0547
2020-11-30,7.12
2020-11-27,7.1382
2020-11-26,7.0917
2020-11-25,7.1599
2020-11-24,7.2177
2020-11-23,7.157
2020-11-20,7.1087
2020-11-19,7.055
2020-11-18,7.0426
2020-11-17,7.1562
2020-11-16,7.1433
2020-11-13,7.2193
2020-11-12,7.1031
2020-11-11,7.129
2020-11-10,7.1153
2020-11-09,6.947
2020-11-06,7.2681
2020-11-05,7.2934
2020-11-04,7.3966
2020-11-03,7.4367
2020-10-30,7.4652
2020-10-29,7.452
2020-10-28,7.4517
2020-10-27,7.3817
2020-10-26,7.3345
2020-10-23,7.318
2020-10-22,7.3074
2020-10-21,7.3609
2020-10-20,7.2311
2020-10-19,7.2813
2020-10-16,7.2711
2020-10-15,7.2557
2020-10-14,7.2511
2020-10-13,7.2449
2020-10-09,7.2033
2020-10-08,7.2745
2020-10-07,7.2353
2020-10-06,7.1468
2020-10-05,7.3031
2020-10-02,7.2991
2020-10-01,7.282
2020-09-30,7.2889
2020-09-29,7.2627
2020-09-28,7.1861
2020-09-25,7.0736
2020-09-24,7.098
2020-09-23,7.0538
2020-09-22,6.9139
2020-09-21,6.9651
2020-09-18,6.8486
2020-09-17,6.8134
2020-09-16,6.8192
2020-09-15,6.784
2020-09-14,6.8227
2020-09-11,6.759
2020-09-10,6.8012
2020-09-09,6.8995
2020-09-08,7.0011
2020-09-04,6.9928
2020-09-03,7.0399
2020-09-02,7.1572
2020-09-01,7.2092
2020-08-31,7.3184
2020-08-28,7.2947
2020-08-27,7.4035
2020-08-26,7.3425
2020-08-25,7.3563
2020-08-24,7.3188
2020-08-21,7.3438
2020-08-20,7.4542
2020-08-19,7.2427
2020-08-18,7.2314
2020-08-17,7.1418
2020-08-14,7.0595
2020-08-13,7.0388
2020-08-12,7.1178
2020-08-11,7.0994
2020-08-10,7.0555
2020-08-07,7.0723
2020-08-06,7.0246
2020-08-05,6.9332
2020-08-04,6.9648
2020-08-03,6.9284
2020-07-31,6.8335
2020-07-30,6.757
2020-07-29,6.669
2020-07-28,6.7046
2020-07-27,6.6869
2020-07-24,6.67
2020-07-23,6.5902
2020-07-22,6.5064
2020-07-21,6.6588
2020-07-20,6.7902
2020-07-17,6.715
2020-07-16,6.7598
2020-07-15,6.7324
2020-07-14,6.811
2020-07-13,6.7467
2020-07-10,6.7623
2020-07-09,6.6826
2020-07-08,6.7345
2020-07-07,6.7031
2020-07-06,6.6261
2020-07-03,6.6547
2020-07-02,6.6126
2020-07-01,6.693
2020-06-30,6.7738
2020-06-29,6.6823
2020-06-26,6.739
2020-06-25,6.6113
2020-06-24,6.5192
2020-06-23,6.4797
2020-06-22,6.5016
2020-06-19,6.6095
2020-06-18,6.6461
2020-06-17,6.5765
2020-06-16,6.4547
2020-06-15,6.5082
2020-06-12,6.3102
2020-06-10,6.2384
2020-06-09,6.2484
2020-06-08,6.2631
2020-06-05,6.3219
2020-06-04,6.4352
2020-06-03,6.365
2020-06-02,6.5914
2020-06-01,6.6888
2020-05-29,6.6852
2020-05-28,6.5822
2020-05-27,6.482
2020-05-26,6.6253
2020-05-25,6.6805
2020-05-22,6.7963
2020-05-21,6.8489
2020-05-20,6.9826
2020-05-19,7.0118
2020-05-18,7.0061
2020-05-15,7.0638
2020-05-14,7.2398
2020-05-13,7.2166
2020-05-12,7.0988
2020-05-11,7.1463
2020-05-08,7.1697
2020-05-07,7.2081
2020-05-06,6.9978
2020-05-05,6.8916
2020-05-04,6.9379
2020-04-30,6.8396
2020-04-29,6.7478
2020-04-28,6.9259
2020-04-27,7.0014
2020-04-24,6.9699
2020-04-23,6.7376
2020-04-22,6.6404
2020-04-20,6.5867
2020-04-17,6.5727
2020-04-16,6.5115
2020-04-15,6.5855
2020-04-14,6.5424
2020-04-13,6.4868
2020-04-09,6.326
2020-04-08,6.4601
2020-04-07,6.4451
2020-04-06,6.4524
2020-04-03,6.481
2020-04-02,6.5187
2020-04-01,6.496
2020-03-31,6.4734
2020-03-30,6.394
2020-03-27,6.3181
2020-03-26,6.0692
2020-03-25,5.963
2020-03-24,5.9755
2020-03-23,5.84
2020-03-20,5.9006
2020-03-19,5.9999
2020-03-18,6.0122
2020-03-17,6.0676
2020-03-16,6.0745
2020-03-13,5.8776
2020-03-12,6.1246
2020-03-11,6.0241
2020-03-10,6.0397
2020-03-09,6.209
2020-03-06,6.0541
2020-03-05,5.9741
2020-03-04,5.803
2020-03-03,5.7536
2020-03-02,5.7306
2020-02-28,5.7471
2020-02-27,5.7629
2020-02-26,5.725
2020-02-21,5.6947
2020-02-20,5.6513
2020-02-19,5.6641
2020-02-18,5.6677
2020-02-17,5.6143
2020-02-14,5.6194
2020-02-13,5.6653
2020-02-12,5.6276
2020-02-11,5.5864
2020-02-10,5.5834
2020-02-07,5.5745
2020-02-06,5.4927
2020-02-05,5.512
2020-02-04,5.521
2020-02-03,5.5281
2020-01-31,5.6285
2020-01-30,5.5709
2020-01-29,5.4634
2020-01-28,5.4624
2020-01-27,5.5104
2020-01-24,5.4584
2020-01-23,5.4673
2020-01-22,5.5051
2020-01-21,5.4866
2020-01-20,5.4378
2020-01-17,5.4514
2020-01-16,5.4511
2020-01-15,5.4204
2020-01-14,5.3921
2020-01-13,5.3623
2020-01-10,5.3225
2020-01-09,5.3171
2020-01-08,5.3284
2020-01-07,5.3592
2020-01-06,5.3373
2020-01-03,5.2983
2020-01-02,5.3045
2019-12-31,5.327
2019-12-30,5.2883
2019-12-27,5.309
2019-12-26,5.2781
2019-12-24,5.2841
2019-12-23,5.2695
2019-12-20,5.321
2019-12-19,5.2945
2019-12-18,5.3021
2019-12-17,5.3463
2019-12-16,5.4412
2019-12-13,5.4638
2019-12-12,5.3933
2019-12-11,5.4231
2019-12-10,5.4568
2019-12-09,5.4605
2019-12-06,5.4769
2019-12-05,5.5443
2019-12-04,5.4973
2019-12-03,5.4585
2019-12-02,5.4618
2019-11-29,5.4646
2019-11-28,5.482
2019-11-27,5.4859
2019-11-26,5.4646
2019-11-25,5.4333
2019-11-22,5.3683
2019-11-21,5.4313
2019-11-20,5.4282
2019-11-19,5.4436
2019-11-18,5.4237
2019-11-14,5.379
2019-11-13,5.3625
2019-11-12,5.3611
2019-11-11,5.3524
2019-11-08,5.2931
2019-11-07,5.2485
2019-11-06,5.1952
2019-11-05,5.1523
2019-11-04,5.1587
2019-11-01,5.1515
2019-10-31,5.1813
2019-10-30,5.1735
2019-10-29,5.1542
2019-10-28,5.1174
2019-10-25,5.1507
2019-10-24,5.1358
2019-10-23,5.2477
2019-10-22,5.2907
2019-10-21,5.3657
2019-10-18,5.3392
2019-10-17,5.3289
2019-10-16,5.3619
2019-10-15,5.2852
2019-10-14,5.1983
2019-10-11,5.2085
2019-10-10,5.095
2019-10-09,5.0029
2019-10-08,4.9875
2019-10-07,5.0136
2019-10-04,4.9987
2019-10-03,5.0818
2019-10-02,5.1156
2019-10-01,5.1098
2019-09-30,5.1251
2019-09-27,5.121
2019-09-26,5.1185
2019-09-25,5.1715
2019-09-24,5.2047
2019-09-23,5.1859
2019-09-20,5.2071
2019-09-19,5.1667
2019-09-18,5.1129
2019-09-17,5.1219
2019-09-16,5.0775
2019-09-13,5.0612
2019-09-12,5.0038
2019-09-11,5.0094
2019-09-10,5.0785
2019-09-09,5.0423
2019-09-06,5.0004
2019-09-05,5.0412
2019-09-04,5.0278
2019-09-03,5.0355
2019-09-02,5.0167
2019-08-30,5.0353
2019-08-29,5.0841
2019-08-28,5.091
2019-08-27,5.1069
2019-08-26,5.0608
2019-08-23,5.0096
2019-08-22,4.9552
2019-08-21,4.8884
2019-08-20,4.9129
2019-08-19,4.8889
2019-08-16,4.8523
2019-08-15,4.868
2019-08-14,4.8361
2019-08-13,4.7953
2019-08-12,4.8243
2019-08-09,4.7573
2019-08-08,4.7831
2019-08-07,4.845
2019-08-06,4.817
2019-08-05,4.7935
2019-08-02,4.7002
2019-08-01,4.6518
2019-07-31,4.6007
2019-07-30,4.6041
2019-07-29,4.6393
2019-07-26,4.6754
2019-07-25,4.7209
2019-07-24,4.6991
2019-07-23,4.6838
2019-07-22,4.666
2019-07-19,4.676
2019-07-18,4.6843
2019-07-17,4.6793
2019-07-16,4.6688
2019-07-15,4.6922
2019-07-12,4.7021
2019-07-11,4.71
2019-07-10,4.7155
2019-07-09,4.7182
2019-07-08,4.7593
2019-07-05,4.7782
2019-07-04,4.7736
2019-07-03,4.8359
2019-07-02,4.8591
2019-07-01,4.8295
2019-06-28,4.8684
2019-06-27,4.8979
2019-06-26,4.8809
2019-06-25,4.8721
2019-06-24,4.8664
2019-06-21,4.8599
2019-06-19,4.8896
2019-06-18,4.8449
2019-06-17,4.8887
2019-06-14,4.8912
2019-06-13,4.8724
2019-06-12,4.8792
2019-06-11,4.9208
2019-06-10,4.9209
2019-06-07,4.9143
2019-06-06,4.924
2019-06-05,4.9059
2019-06-04,4.9069
2019-06-03,4.9233
2019-05-31,4.9728
2019-05-30,5.0127
2019-05-29,5.0484
2019-05-28,5.102
2019-05-27,5.0974
2019-05-24,5.1205
2019-05-23,5.1314
2019-05-22,5.0989
2019-05-21,5.2033
2019-05-20,5.2215
2019-05-17,5.197
2019-05-16,5.1397
2019-05-15,5.156
2019-05-14,5.1414
2019-05-13,5.1701
2019-05-10,5.1598
2019-05-09,5.1623
2019-05-08,5.121
2019-05-07,5.2047
2019-05-06,5.188
2019-05-03,5.1752
2019-05-02,5.168
2019-04-30,5.1419
2019-04-29,5.087
2019-04-26,5.0887
2019-04-25,5.1253
2019-04-24,5.1313
2019-04-23,5.105
2019-04-22,5.094
2019-04-18,5.1197
2019-04-17,5.1134
2019-04-16,5.0781
2019-04-15,5.076
2019-04-12,5.0627
2019-04-11,5.0176
2019-04-10,5.0232
2019-04-09,5.0321
2019-04-08,5.0437
2019-04-05,5.0243
2019-04-04,5.0602
2019-04-03,5.0674
2019-04-02,5.0402
2019-04-01,5.0847
2019-03-29,5.0782
2019-03-28,5.1944
2019-03-27,5.197
2019-03-26,5.1075
2019-03-25,5.1184
2019-03-22,5.1317
2019-03-21,4.9638
2019-03-20,4.9994
2019-03-19,5.0091
2019-03-18,5.0402
2019-03-15,5.0921
2019-03-14,5.091
2019-03-13,5.0625
2019-03-12,4.9953
2019-03-11,5.0365
2019-03-08,5.0312
2019-03-07,5.0495
2019-03-06,5.0414
2019-03-01,5.0101
2019-02-28,4.9726
2019-02-27,4.9815
2019-02-26,4.9787
2019-02-25,4.8728
2019-02-22,4.888
2019-02-21,4.914
2019-02-20,4.8475
2019-02-19,4.8498
2019-02-18,4.8242
2019-02-15,4.7633
2019-02-14,4.8294
2019-02-13,4.8113
2019-02-12,4.8082
2019-02-11,4.8141
2019-02-08,4.8135
2019-02-07,4.8269
2019-02-06,4.8017
2019-02-05,4.7642
2019-02-04,4.8003
2019-02-01,4.7999
2019-01-31,4.788
2019-01-30,4.8582
2019-01-29,4.9246
2019-01-28,4.9631
2019-01-25,4.941
2019-01-24,4.9356
2019-01-23,4.959
2019-01-22,4.8644
2019-01-21,4.8523
2019-01-18,4.8394
2019-01-17,4.8549
2019-01-16,4.7932
2019-01-15,4.7567
2019-01-14,4.7875
2019-01-11,4.7511
2019-01-10,4.7041
2019-01-09,4.7216
2019-01-08,4.7366
2019-01-07,4.7369
2019-01-04,4.7527
2019-01-03,4.7432
2019-01-02,4.8657
2018-12-31,4.9617
2018-12-28,4.9163
2018-12-27,4.9756
2018-12-24,4.9183
2018-12-21,4.8915
2018-12-20,4.8669
2018-12-19,4.9291
2018-12-18,4.9316
2018-12-17,4.9343
2018-12-14,4.9054
2018-12-13,4.9003
2018-12-12,4.8765
2018-12-11,4.9051
2018-12-10,4.9431
2018-12-07,4.971
2018-12-06,5.0089
2018-12-05,4.9034
2018-12-04,4.8876
2018-12-03,4.8721
2018-11-30,4.9242
2018-11-29,4.9298
2018-11-28,4.9382
2018-11-27,4.9598
2018-11-26,4.9664
2018-11-23,4.8869
2018-11-22,4.9054
2018-11-21,4.8412
2018-11-20,4.8259
2018-11-19,4.8173
2018-11-16,4.831
2018-11-14,4.9294
2018-11-13,4.8937
2018-11-12,4.8362
2018-11-09,4.8889
2018-11-08,4.8997
2018-11-07,4.9422
2018-11-06,4.9006
2018-11-05,4.8266
2018-11-01,4.7976
2018-10-31,4.7516
2018-10-30,4.7136
2018-10-29,4.6584
2018-10-26,4.7143
2018-10-25,4.7485
2018-10-24,4.7807
2018-10-23,4.8141
2018-10-22,4.7885
2018-10-19,4.8366
2018-10-18,4.8277
2018-10-17,4.8617
2018-10-16,4.8989
2018-10-15,4.9163
2018-10-11,4.9417
2018-10-10,4.9532
2018-10-09,4.9132
2018-10-08,4.9094
2018-10-05,5.0703
2018-10-04,5.0812
2018-10-03,5.0085
2018-10-02,5.1305
2018-10-01,5.2488
2018-09-28,5.2267
2018-09-27,5.2541
2018-09-26,5.3479
2018-09-25,5.4341
2018-09-24,5.3292
2018-09-21,5.3223
2018-09-20,5.4268
2018-09-19,5.443
2018-09-18,5.4437
2018-09-17,5.4812
2018-09-14,5.479
2018-09-13,5.4565
2018-09-12,5.376
2018-09-11,5.42
2018-09-10,5.342
2018-09-06,5.3624
2018-09-05,5.3696
2018-09-04,5.3456
2018-09-03,5.3155
2018-08-31,5.3618
2018-08-30,5.4347
2018-08-29,5.3792
2018-08-28,5.308
2018-08-27,5.245
2018-08-24,5.2538
2018-08-23,5.2257
2018-08-22,5.2603
2018-08-21,5.1273
2018-08-20,5.0336
2018-08-17,5.0162
2018-08-16,4.9374
2018-08-15,4.9645
2018-08-14,4.9443
2018-08-13,4.9741
2018-08-10,4.9133
2018-08-09,4.8945
2018-08-08,4.8328
2018-08-07,4.809
2018-08-06,4.8185
2018-08-03,4.8447
2018-08-02,4.9078
2018-08-01,4.9192
2018-07-31,4.9287
2018-07-30,4.8829
2018-07-27,4.8755
2018-07-26,4.8863
2018-07-25,4.8813
2018-07-24,4.9206
2018-07-23,4.9688
2018-07-20,4.9566
2018-07-19,5.0447
2018-07-18,5.0205
2018-07-17,5.0899
2018-07-16,5.1067
2018-07-13,5.1209
2018-07-12,5.1051
2018-07-11,5.0864
2018-07-10,5.1018
2018-07-09,5.1089
2018-07-06,5.2072
2018-07-05,5.1847
2018-07-04,5.1646
2018-07-03,5.1281
2018-07-02,5.1295
2018-06-29,5.0889
2018-06-28,5.0447
2018-06-27,5.0406
2018-06-26,4.9958
2018-06-25,5.0123
2018-06-22,4.9937
2018-06-21,5.0228
2018-06-20,4.9334
2018-06-19,4.9493
2018-06-18,4.9737
2018-06-15,5.0135
2018-06-14,4.9416
2018-06-13,4.9575
2018-06-12,4.9713
2018-06-11,4.9412
2018-06-08,5.0758
2018-06-07,5.2373
2018-06-06,5.1289
2018-06-05,5.0437
2018-06-04,4.983
2018-06-01,4.9976
2018-05-30,4.9691
2018-05-29,4.9445
2018-05-28,4.9366
2018-05-25,4.8741
2018-05-24,4.8766
2018-05-23,4.8708
2018-05-22,4.9081
2018-05-21,4.9747
2018-05-18,5.0535
2018-05-17,4.9809
2018-05-16,4.9603
2018-05-15,4.9661
2018-05-14,4.9077
2018-05-11,4.8427
2018-05-10,4.7975
2018-05-09,4.8767
2018-05-08,4.8389
2018-05-07,4.8109
2018-05-04,4.7789
2018-05-03,4.8152
2018-05-02,4.8219
2018-04-30,4.7872
2018-04-27,4.7804
2018-04-26,4.8712
2018-04-25,4.8856
2018-04-24,4.8451
2018-04-23,4.8028
2018-04-20,4.7854
2018-04-19,4.823
2018-04-18,4.8157
2018-04-17,4.8685
2018-04-16,4.9109
2018-04-13,4.8617
2018-04-12,4.8234
2018-04-11,4.834
2018-04-10,4.842
2018-04-09,4.7932
2018-04-06,4.7435
2018-04-05,4.6445
2018-04-04,4.7208
2018-04-03,4.6623
2018-04-02,4.6458
2018-03-29,4.6603
2018-03-28,4.7103
2018-03-27,4.7094
2018-03-26,4.7037
2018-03-23,4.6763
2018-03-22,4.6573
2018-03-21,4.6307
2018-03-20,4.6216
2018-03-19,4.6181
2018-03-16,4.5804
2018-03-15,4.5835
2018-03-14,4.5445
2018-03-13,4.545
2018-03-12,4.5322
2018-03-09,4.5075
2018-03-08,4.4979
2018-03-07,4.4912
2018-03-06,4.4767
2018-03-05,4.512
2018-03-02,4.4916
2018-03-01,4.4758
2018-02-28,4.4724
2018-02-27,4.4961
2018-02-26,4.5107
2018-02-23,4.5293
2018-02-22,4.5461
2018-02-21,4.5515
2018-02-20,4.5529
2018-02-19,4.5273
2018-02-16,4.546
2018-02-15,4.5394
2018-02-14,4.5453
2018-02-09,4.5345
2018-02-08,4.5906
2018-02-07,4.5249
2018-02-06,4.5267
2018-02-05,4.5271
2018-02-02,4.5333
2018-02-01,4.5082
2018-01-31,4.4837
2018-01-30,4.4753
2018-01-29,4.4586
2018-01-26,4.4716
2018-01-25,4.4886
2018-01-24,4.5455
2018-01-23,4.5132
2018-01-22,4.4478
2018-01-19,4.455
2018-01-18,4.4611
2018-01-17,4.4617
2018-01-16,4.432
2018-01-15,4.4115
2018-01-12,4.402
2018-01-11,4.3748
2018-01-10,4.3876
2018-01-09,4.3775
2018-01-08,4.3863
2018-01-05,4.3914
2018-01-04,4.3791
2018-01-03,4.402
2018-01-02,4.4304
2017-12-29,4.4714
2017-12-28,4.4493
2017-12-27,4.4314
2017-12-26,4.4355
2017-12-22,4.4407
2017-12-21,4.4118
2017-12-20,4.4124
2017-12-19,4.3942
2017-12-18,4.41
2017-12-15,4.4228
2017-12-14,4.4698
2017-12-13,4.4176
2017-12-12,4.4217
2017-12-11,4.3881
2017-12-08,4.4032
2017-12-07,4.4141
2017-12-06,4.3261
2017-12-05,4.3444
2017-12-04,4.3929
2017-12-01,4.3951
2017-11-30,4.4015
2017-11-29,4.3082
2017-11-28,4.2765
2017-11-27,4.305
2017-11-24,4.3127
2017-11-23,4.3073
2017-11-22,4.3251
2017-11-21,4.3206
2017-11-20,4.3219
2017-11-17,4.3257
2017-11-16,4.3303
2017-11-14,4.3036
2017-11-13,4.3031
2017-11-10,4.3152
2017-11-09,4.2614
2017-11-08,4.2571
2017-11-07,4.2972
2017-11-06,4.3058
2017-11-03,4.3013
2017-11-01,4.3454
2017-10-31,4.3403
2017-10-30,4.29
2017-10-27,4.3012
2017-10-26,4.2742
2017-10-25,4.2919
2017-10-24,4.2584
2017-10-23,4.2199
2017-10-20,4.1994
2017-10-19,4.1905
2017-10-18,4.1717
2017-10-17,4.184
2017-10-16,4.1984
2017-10-13,4.2007
2017-10-11,4.1798
2017-10-10,4.1873
2017-10-09,4.172
2017-10-06,4.1342
2017-10-05,4.1165
2017-10-04,4.1552
2017-10-03,4.1743
2017-10-02,4.1989
2017-09-29,4.2458
2017-09-28,4.2822
2017-09-27,4.2795
2017-09-26,4.2513
2017-09-25,4.2274
2017-09-22,4.2338
2017-09-21,4.2557
2017-09-20,4.2436
2017-09-19,4.2339
2017-09-18,4.212
2017-09-15,4.2444
2017-09-14,4.2008
2017-09-13,4.1429
2017-09-12,4.1359
2017-09-11,4.0644
2017-09-08,4.0829
2017-09-06,4.0706
2017-09-05,4.0608
2017-09-04,4.063
2017-09-01,4.0648
2017-08-31,4.0563
2017-08-30,4.0924
2017-08-29,4.1001
2017-08-28,4.0808
2017-08-25,4.0501
2017-08-24,4.0203
2017-08-23,4.0367
2017-08-22,4.048
2017-08-21,4.0574
2017-08-18,4.0666
2017-08-17,4.073
2017-08-16,4.0728
2017-08-15,4.1131
2017-08-14,4.1381
2017-08-11,4.1172
2017-08-10,4.0937
2017-08-09,4.09
2017-08-08,4.0619
2017-08-07,4.0716
2017-08-04,4.0707
2017-08-03,4.1001
2017-08-02,4.1386
2017-08-01,4.1151
2017-07-31,4.131
2017-07-28,4.1281
2017-07-27,4.1175
2017-07-26,4.1306
2017-07-25,4.1177
2017-07-24,4.0991
2017-07-21,4.0539
2017-07-20,4.0757
2017-07-19,4.1113
2017-07-18,4.1257
2017-07-17,4.1552
2017-07-14,4.1724
2017-07-13,4.1484
2017-07-12,4.1585
2017-07-11,4.1791
2017-07-10,4.207
2017-07-07,4.2369
2017-07-06,4.2877
2017-07-05,4.2935
2017-07-04,4.2707
2017-07-03,4.2761
2017-06-30,4.2993
2017-06-29,4.2788
2017-06-28,4.2734
2017-06-27,4.2434
2017-06-26,4.2179
2017-06-23,4.2438
2017-06-22,4.224
2017-06-21,4.2111
2017-06-20,4.1852
2017-06-19,4.2017
2017-06-16,4.2029
2017-06-14,4.2056
2017-06-13,4.231
2017-06-12,4.1757
2017-06-09,4.1707
2017-06-08,4.2492
2017-06-07,4.2381
2017-06-06,4.2344
2017-06-05,4.2394
2017-06-02,4.1755
2017-06-01,4.1663
2017-05-31,4.1863
2017-05-30,4.1996
2017-05-29,4.2018
2017-05-26,4.1726
2017-05-25,4.252
2017-05-24,4.2212
2017-05-23,4.2398
2017-05-22,4.2745
2017-05-19,4.2801
2017-05-18,4.3986
2017-05-17,4.0228
2017-05-16,3.9929
2017-05-15,4.0063
2017-05-12,4.0308
2017-05-11,4.0667
2017-05-10,4.0898
2017-05-09,4.1226
2017-05-08,4.1337
2017-05-05,4.1141
2017-05-04,4.1025
2017-05-03,4.0671
2017-05-02,4.0997
2017-04-28,4.1381
2017-04-27,4.0943
2017-04-26,4.0888
2017-04-25,4.0535
2017-04-24,3.9954
2017-04-20,4.036
2017-04-19,4.0022
2017-04-18,3.953
2017-04-17,3.9065
2017-04-13,3.9155
2017-04-12,3.9332
2017-04-11,3.923
2017-04-10,3.9007
2017-04-07,3.8814
2017-04-06,3.8906
2017-04-05,3.8617
2017-04-04,3.8839
2017-04-03,3.8893
2017-03-31,3.9729
2017-03-30,3.9028
2017-03-29,3.8758
2017-03-28,3.9144
2017-03-27,3.9329
2017-03-24,3.9071
2017-03-23,3.9141
2017-03-22,3.8599
2017-03-21,3.8395
2017-03-20,3.8212
2017-03-17,3.8452
2017-03-16,3.8452
2017-03-15,3.866
2017-03-14,3.8498
2017-03-13,3.859
2017-03-10,3.8479
2017-03-09,3.8571
2017-03-08,3.8304
2017-03-07,3.8033
2017-03-06,3.8136
2017-03-03,3.8465
2017-03-02,3.8259
2017-03-01,3.8159
2017-02-24,3.8713
2017-02-23,3.8454
2017-02-22,3.841
2017-02-21,3.8616
2017-02-20,3.8576
2017-02-17,3.8455
2017-02-16,3.815
2017-02-15,3.8215
2017-02-14,3.8656
2017-02-13,3.8956
2017-02-10,3.8841
2017-02-09,3.9118
2017-02-08,3.915
2017-02-07,3.8776
2017-02-06,3.8821
2017-02-03,3.9001
2017-02-02,3.9182
2017-02-01,3.9818
2017-01-31,3.9216
2017-01-30,3.9201
2017-01-27,3.9707
2017-01-26,4.0009
2017-01-25,3.9853
2017-01-24,3.9514
2017-01-23,3.9394
2017-01-20,3.9272
2017-01-19,3.9499
2017-01-18,3.9658
2017-01-17,3.9772
2017-01-16,3.8929
2017-01-13,3.8876
2017-01-12,3.888
2017-01-11,3.8922
2017-01-10,3.8819
2017-01-09,3.8966
2017-01-06,3.9504
2017-01-05,3.9609
2017-01-04,3.9737
2017-01-03,3.9984
2017-01-02,4.0221
2016-12-30,4.0364
2016-12-29,3.9865
2016-12-28,4.0001
2016-12-27,4.02
2016-12-26,4.0193
2016-12-23,4.0033
2016-12-22,4.1048
2016-12-21,4.1252
2016-12-20,4.1395
2016-12-19,4.1834
2016-12-16,4.187
2016-12-15,4.2227
2016-12-14,4.2047
2016-12-13,4.2418
2016-12-12,4.2664
2016-12-09,4.2604
2016-12-08,4.284
2016-12-07,4.2677
2016-12-06,4.3712
2016-12-05,4.4002
2016-12-02,4.3832
2016-12-01,4.3372
2016-11-30,4.2303
2016-11-29,4.2558
2016-11-28,4.2196
2016-11-25,4.264
2016-11-24,4.2416
2016-11-23,4.2053
2016-11-22,4.1621
2016-11-21,4.1826
2016-11-18,4.1894
2016-11-17,4.2381
2016-11-16,4.2537
2016-11-14,4.2975
2016-11-11,4.3404
2016-11-10,4.1327
2016-11-09,3.9945
2016-11-08,3.9633
2016-11-07,3.9697
2016-11-04,4.0655
2016-11-03,4.0213
2016-11-01,3.9201
2016-10-31,3.8676
2016-10-28,3.8646
2016-10-27,3.8277
2016-10-26,3.8209
2016-10-25,3.7846
2016-10-24,3.8224
2016-10-21,3.8537
2016-10-20,3.8697
2016-10-19,3.9095
2016-10-18,3.9218
2016-10-17,3.8857
2016-10-14,3.8836
2016-10-13,3.9143
2016-10-11,3.927
2016-10-10,3.9832
2016-10-07,3.9946
2016-10-06,4.0862
2016-10-05,4.1245
2016-10-04,4.1046
2016-10-03,4.1525
2016-09-30,4.2249
2016-09-29,4.188
2016-09-28,4.2212
2016-09-27,4.2091
2016-09-26,4.2055
2016-09-23,4.1786
2016-09-22,4.1917
2016-09-21,4.2066
2016-09-20,4.2214
2016-09-19,4.2597
2016-09-16,4.3206
2016-09-15,4.4037
2016-09-14,4.3932
2016-09-13,4.348
2016-09-12,4.3745
2016-09-09,4.3265
2016-09-08,4.2475
2016-09-06,4.3586
2016-09-05,4.3565
2016-09-02,4.3133
2016-09-01,4.3107
2016-08-31,4.2545
2016-08-30,4.2559
2016-08-29,4.2684
2016-08-26,4.2342
2016-08-25,4.2593
2016-08-24,4.2848
2016-08-23,4.225
2016-08-22,4.2246
2016-08-19,4.2147
2016-08-18,4.2353
2016-08-17,4.1964
2016-08-16,4.1337
2016-08-15,4.0778
2016-08-12,4.0877
2016-08-11,4.0651
2016-08-10,4.0693
2016-08-09,4.0995
2016-08-08,4.1442
2016-08-05,4.164
2016-08-04,4.2305
2016-08-03,4.3653
2016-08-02,4.3303
2016-08-01,4.3143
2016-07-29,4.2991
2016-07-28,4.3056
2016-07-27,4.2981
2016-07-26,4.3053
2016-07-25,4.3091
2016-07-22,4.3009
2016-07-21,4.3071
2016-07-20,4.2851
2016-07-19,4.3055
2016-07-18,4.3335
2016-07-15,4.309
2016-07-14,4.3087
2016-07-13,4.3357
2016-07-12,4.3351
2016-07-11,4.2897
2016-07-08,4.2657
2016-07-07,4.3157
2016-07-06,4.2949
2016-07-05,4.2848
2016-07-04,4.3195
2016-07-01,4.2901
2016-06-30,4.2511
2016-06-29,4.3823
2016-06-28,4.4232
2016-06-27,4.4861
2016-06-24,4.6055
2016-06-23,4.9632
2016-06-22,4.975
2016-06-21,4.9727
2016-06-20,4.9697
2016-06-17,4.91
2016-06-16,4.9127
2016-06-15,4.9315
2016-06-14,4.9217
2016-06-13,4.9113
2016-06-10,4.9137
2016-06-09,4.893
2016-06-08,4.9311
2016-06-07,5.061
2016-06-06,5.0724
2016-06-03,5.1414
2016-06-02,5.1859
2016-06-01,5.2007
2016-05-31,5.224
2016-05-30,5.2682
2016-05-27,5.2968
2016-05-25,5.2607
2016-05-24,5.1898
2016-05-23,5.1511
2016-05-20,5.1404
2016-05-19,5.26
2016-05-18,5.1694
2016-05-17,5.0755
2016-05-16,5.0489
2016-05-13,5.0343
2016-05-12,5.0404
2016-05-11,5.0173
2016-05-10,5.0266
2016-05-09,5.0996
2016-05-06,5.1059
2016-05-05,5.1133
2016-05-04,5.1244
2016-05-03,5.1704
2016-05-02,5.1318
2016-04-29,5.0464
2016-04-28,5.1032
2016-04-27,5.1368
2016-04-26,5.1585
2016-04-25,5.141
2016-04-22,5.1554
2016-04-20,5.1036
2016-04-19,5.1168
2016-04-18,5.1257
2016-04-15,5.0152
2016-04-14,4.9707
2016-04-13,5.0398
2016-04-12,5.0436
2016-04-11,5.0241
2016-04-08,5.1325
2016-04-07,5.2003
2016-04-06,5.2044
2016-04-05,5.1795
2016-04-04,5.1224
2016-04-01,5.0852
2016-03-31,5.1181
2016-03-30,5.1971
2016-03-29,5.24
2016-03-28,5.1885
2016-03-24,5.2256
2016-03-23,5.156
2016-03-22,5.1289
2016-03-21,5.2181
2016-03-18,5.2477
2016-03-17,5.2816
2016-03-16,5.3699
2016-03-15,5.2575
2016-03-14,5.1909
2016-03-11,5.2219
2016-03-10,5.251
2016-03-09,5.2685
2016-03-08,5.3747
2016-03-07,5.3584
2016-03-04,5.2874
2016-03-03,5.4506
2016-03-02,5.5021
2016-03-01,5.5595
2016-02-29,5.5436
2016-02-26,5.4875
2016-02-25,5.4967
2016-02-24,5.5601
2016-02-23,5.5982
2016-02-22,5.6004
2016-02-19,5.7778
2016-02-18,5.7587
2016-02-17,5.7465
2016-02-16,5.7501
2016-02-15,5.7746
2016-02-12,5.7674
2016-02-11,5.7243
2016-02-10,5.7092
2016-02-05,5.6522
2016-02-04,5.6453
2016-02-03,5.764
2016-02-02,5.7547
2016-02-01,5.73
2016-01-29,5.7634
2016-01-28,5.8598
2016-01-27,5.7837
2016-01-26,5.8546
2016-01-25,5.8522
2016-01-22,5.9168
2016-01-21,5.8655
2016-01-20,5.8047
2016-01-19,5.7077
2016-01-18,5.7644
2016-01-15,5.8017
2016-01-14,5.7985
2016-01-13,5.7514
2016-01-12,5.8031
2016-01-11,5.8527
2016-01-08,5.8652
2016-01-07,5.9061
2016-01-06,5.9024
2016-01-05,5.8835
2016-01-04,5.9462
2015-12-31,5.7881
2015-12-30,5.7904
2015-12-29,5.7011
2015-12-28,5.8387
2015-12-24,5.8942
2015-12-23,5.8968
2015-12-22,5.9035
2015-12-21,5.9416
2015-12-18,5.823
2015-12-17,5.8063
2015-12-16,5.9138
2015-12-15,5.86
2015-12-14,5.9081
2015-12-11,5.8682
2015-12-10,5.7232
2015-12-09,5.6922
2015-12-08,5.6813
2015-12-07,5.6491
2015-12-04,5.6877
2015-12-03,5.7088
2015-12-02,5.7698
2015-12-01,5.8396
2015-11-30,5.794
2015-11-27,5.6323
2015-11-26,5.6872
2015-11-25,5.6871
2015-11-24,5.5918
2015-11-23,5.6513
2015-11-20,5.644
2015-11-19,5.7253
2015-11-18,5.7712
2015-11-17,5.7934
2015-11-16,5.8259
2015-11-13,5.7879
2015-11-12,5.7879
2015-11-11,5.6696
2015-11-10,5.7401
2015-11-09,5.7226
2015-11-06,5.7347
2015-11-05,5.7779
2015-11-04,5.7978
2015-11-03,5.8596
2015-10-30,5.9408
2015-10-29,6.0148
2015-10-28,5.946
2015-10-27,5.9864
2015-10-26,5.9266
2015-10-23,5.9858
2015-10-22,6.0662
2015-10-21,6.0899
2015-10-20,5.9766
2015-10-19,6.0407
2015-10-16,5.936
2015-10-15,5.9341
2015-10-14,5.9482
2015-10-13,5.8301
2015-10-09,5.7264
2015-10-08,5.8996
2015-10-07,5.8297
2015-10-06,5.873
2015-10-05,5.9361
2015-10-02,6.0883
2015-10-01,6.034
2015-09-30,6.0054
2015-09-29,6.2429
2015-09-28,6.0987
2015-09-25,5.9901
2015-09-24,6.3989
2015-09-23,6.2563
2015-09-22,6.2077
2015-09-21,6.1746
2015-09-18,6.0775
2015-09-17,6.0366
2015-09-16,5.9474
2015-09-15,5.9257
2015-09-14,5.9615
2015-09-11,5.9699
2015-09-10,5.9823
2015-09-09,5.8187
2015-09-08,5.8498
2015-09-04,5.7716
2015-09-03,5.7599
2015-09-02,5.7128
2015-09-01,5.6343
2015-08-31,5.6028
2015-08-28,5.4981
2015-08-27,5.479
2015-08-26,5.6276
2015-08-25,5.5488
2015-08-24,5.5843
2015-08-21,5.4773
2015-08-20,5.4521
2015-08-19,5.4518
2015-08-18,5.4514
2015-08-17,5.42
2015-08-14,5.4311
2015-08-13,5.4705
2015-08-12,5.4471
2015-08-11,5.4385
2015-08-10,5.4273
2015-08-07,5.4421
2015-08-06,5.4862
2015-08-05,5.4385
2015-08-04,5.4142
2015-08-03,5.372
2015-07-31,5.3065
2015-07-30,5.244
2015-07-29,5.2217
2015-07-28,5.2812
2015-07-27,5.2335
