DATA,JPY_BRL
2025-07-25,6.5002
2025-07-24,6.4971
2025-07-23,6.5221
2025-07-22,6.544
2025-07-21,6.5091
2025-07-18,6.4578
2025-07-17,6.4631
2025-07-16,6.4775
2025-07-15,6.456
2025-07-14,6.4878
2025-07-11,6.516
2025-07-10,6.4778
2025-07-09,6.3933
2025-07-08,6.3874
2025-07-07,6.3993
2025-07-04,6.3695
2025-07-03,6.3725
2025-07-02,6.4257
2025-07-01,6.418
2025-06-30,6.4218
2025-06-27,6.4187
2025-06-26,6.4601
2025-06-25,6.4394
2025-06-24,6.376
2025-06-23,6.3692
2025-06-20,6.3298
2025-06-18,6.3208
2025-06-17,6.3163
2025-06-16,6.382
2025-06-13,6.431
2025-06-12,6.411
2025-06-11,6.3631
2025-06-10,6.345
2025-06-09,6.3693
2025-06-06,6.3745
2025-06-05,6.4005
2025-06-04,6.4336
2025-06-03,6.4466
2025-06-02,6.5072
2025-05-30,6.4758
2025-05-29,6.4295
2025-05-28,6.4246
2025-05-27,6.4029
2025-05-26,6.4426
2025-05-23,6.46
2025-05-22,6.3607
2025-05-21,6.4156
2025-05-20,6.3702
2025-05-19,6.3573
2025-05-16,6.3408
2025-05-15,6.3013
2025-05-14,6.2853
2025-05-13,6.286
2025-05-12,6.3088
2025-05-09,6.3675
2025-05-08,6.3944
2025-05-07,6.509
2025-05-06,6.4892
2025-05-05,6.3934
2025-05-02,6.3882
2025-04-30,6.4232
2025-04-29,6.4337
2025-04-28,6.453
2025-04-25,6.4684
2025-04-24,6.4459
2025-04-23,6.4541
2025-04-22,6.5907
2025-04-17,6.6534
2025-04-16,6.6928
2025-04-15,6.6262
2025-04-14,6.6346
2025-04-11,6.6495
2025-04-10,6.6119
2025-04-09,6.6883
2025-04-08,6.477
2025-04-07,6.424
2025-04-04,6.3623
2025-04-03,6.1949
2025-04-02,6.1853
2025-04-01,6.1597
2025-03-31,6.1981
2025-03-28,6.2405
2025-03-27,6.206
2025-03-26,6.1761
2025-03-25,6.1562
2025-03-24,6.1954
2025-03-21,6.1842
2025-03-20,6.1418
2025-03-19,6.1625
2025-03-18,6.211
2025-03-17,6.2333
2025-03-14,6.2408
2025-03-13,6.3112
2025-03-12,6.364
2025-03-11,6.3743
2025-03-10,6.2772
2025-03-07,6.2695
2025-03-06,6.2174
2025-03-05,6.2378
2025-02-28,6.0815
2025-02-27,6.0632
2025-02-26,6.0673
2025-02-25,6.0644
2025-02-24,5.9931
2025-02-21,5.961
2025-02-20,5.9704
2025-02-19,5.9501
2025-02-18,5.9628
2025-02-17,5.9834
2025-02-14,6.0187
2025-02-13,6.0284
2025-02-12,5.9863
2025-02-11,5.9741
2025-02-10,5.9623
2025-02-07,5.9583
2025-02-06,5.9979
2025-02-05,6.0432
2025-02-04,6.0116
2025-02-03,6.0512
2025-01-31,6.0603
2025-01-30,6.1543
2025-01-29,6.1045
2025-01-28,6.1416
2025-01-27,6.2217
2025-01-24,6.1953
2025-01-23,6.1745
2025-01-22,6.2168
2025-01-21,6.2851
2025-01-20,6.2912
2025-01-17,6.2409
2025-01-16,6.2132
2025-01-15,6.2218
2025-01-14,6.2442
2025-01-13,6.2276
2025-01-10,6.2489
2025-01-09,6.2711
2025-01-08,6.3161
2025-01-07,6.2994
2025-01-06,6.3521
2025-01-03,6.333
2025-01-02,6.3781
2024-12-31,6.4344
2024-12-30,6.427
2024-12-27,6.4601
2024-12-26,6.4165
2024-12-24,6.3994
2024-12-23,6.4009
2024-12-20,6.3181
2024-12-19,6.4179
2024-12-18,6.4539
2024-12-17,6.4757
2024-12-16,6.3566
2024-12-13,6.3341
2024-12-12,6.2206
2024-12-11,6.3263
2024-12-10,6.3567
2024-12-09,6.4143
2024-12-06,6.3681
2024-12-05,6.3266
2024-12-04,6.3779
2024-12-03,6.3833
2024-12-02,6.3471
2024-11-29,6.3931
2024-11-28,6.317
2024-11-27,6.1607
2024-11-26,6.0761
2024-11-25,6.0832
2024-11-22,6.0501
2024-11-21,6.1134
2024-11-19,6.112
2024-11-18,6.0897
2024-11-14,6.1201
2024-11-13,6.1094
2024-11-12,6.1201
2024-11-11,6.1719
2024-11-08,6.1954
2024-11-07,6.1204
2024-11-06,6.1896
2024-11-05,6.3057
2024-11-04,6.3091
2024-11-01,6.2991
2024-10-31,6.2713
2024-10-30,6.2783
2024-10-29,6.1688
2024-10-28,6.1637
2024-10-25,6.1583
2024-10-24,6.1659
2024-10-23,6.1589
2024-10-22,6.1531
2024-10-21,6.1741
2024-10-18,6.15
2024-10-17,6.1496
2024-10-16,6.1691
2024-10-15,6.1434
2024-10-14,6.1122
2024-10-11,6.1551
2024-10-10,6.097
2024-10-09,6.102
2024-10-08,6.0533
2024-10-07,5.9951
2024-10-04,5.9929
2024-10-03,6.0411
2024-10-02,5.9995
2024-10-01,6.0326
2024-09-30,6.0707
2024-09-27,6.0727
2024-09-26,6.0837
2024-09-25,6.098
2024-09-24,6.0986
2024-09-23,6.1699
2024-09-20,6.1111
2024-09-19,6.0392
2024-09-18,6.0867
2024-09-17,6.1142
2024-09-16,6.1395
2024-09-13,6.175
2024-09-12,6.2429
2024-09-11,6.2087
2024-09-10,6.2008
2024-09-09,6.193
2024-09-06,6.1739
2024-09-05,6.218
2024-09-04,6.2439
2024-09-03,6.2076
2024-09-02,6.2229
2024-08-30,6.2545
2024-08-29,6.2466
2024-08-28,6.1537
2024-08-27,6.1339
2024-08-26,6.1302
2024-08-23,6.175
2024-08-22,6.1692
2024-08-21,6.0948
2024-08-20,6.0568
2024-08-19,6.0028
2024-08-16,6.0061
2024-08-15,6.0028
2024-08-14,6.0071
2024-08-13,6.0098
2024-08-12,5.9995
2024-08-09,6.019
2024-08-08,6.1294
2024-08-07,6.1269
2024-08-06,6.175
2024-08-05,6.315
2024-08-02,6.2597
2024-08-01,6.1135
2024-07-31,6.1274
2024-07-30,6.1093
2024-07-29,6.1087
2024-07-26,6.1292
2024-07-25,6.1235
2024-07-24,6.1135
2024-07-23,6.0555
2024-07-22,6.0473
2024-07-19,6.0458
2024-07-18,6.0463
2024-07-17,5.9759
2024-07-16,5.906
2024-07-15,5.9522
2024-07-12,5.9436
2024-07-11,5.8789
2024-07-10,5.8391
2024-07-09,5.8791
2024-07-08,5.9272
2024-07-05,5.9504
2024-07-04,5.9269
2024-07-03,6.0309
2024-07-02,6.0831
2024-07-01,5.9939
2024-06-28,5.9535
2024-06-27,5.9116
2024-06-26,5.8837
2024-06-25,5.8099
2024-06-24,5.7919
2024-06-21,5.817
2024-06-20,5.8078
2024-06-19,5.8723
2024-06-18,5.8058
2024-06-17,5.8021
2024-06-14,5.7362
2024-06-13,5.8043
2024-06-12,5.8411
2024-06-11,5.7431
2024-06-10,5.7674
2024-06-07,5.7046
2024-06-06,5.731
2024-06-05,5.7395
2024-06-04,5.7296
2024-06-03,5.7012
2024-05-31,5.6844
2024-05-29,5.6175
2024-05-28,5.6051
2024-05-27,5.6134
2024-05-24,5.5875
2024-05-23,5.5675
2024-05-22,5.5791
2024-05-21,5.5379
2024-05-20,5.5472
2024-05-17,5.5586
2024-05-16,5.575
2024-05-15,5.5829
2024-05-14,5.5535
2024-05-13,5.5482
2024-05-10,5.542
2024-05-09,5.5542
2024-05-08,5.4712
2024-05-07,5.4475
2024-05-06,5.4662
2024-05-03,5.4558
2024-05-02,5.4776
2024-04-30,5.5244
2024-04-29,5.4801
2024-04-26,5.4684
2024-04-25,5.5383
2024-04-24,5.5114
2024-04-23,5.5197
2024-04-22,5.5399
2024-04-19,5.5681
2024-04-18,5.5966
2024-04-17,5.5836
2024-04-16,5.5923
2024-04-15,5.5067
2024-04-12,5.4671
2024-04-11,5.4414
2024-04-10,5.4371
2024-04-09,5.435
2024-04-08,5.47
2024-04-05,5.4747
2024-04-04,5.4566
2024-04-03,5.4902
2024-04-02,5.434
2024-04-01,5.4225
2024-03-28,5.3952
2024-03-27,5.3928
2024-03-26,5.3983
2024-03-25,5.4032
2024-03-22,5.3952
2024-03-21,5.4079
2024-03-20,5.4394
2024-03-19,5.4661
2024-03-18,5.4543
2024-03-15,5.435
2024-03-14,5.4176
2024-03-13,5.4493
2024-03-12,5.4369
2024-03-11,5.4375
2024-03-08,5.4521
2024-03-07,5.3938
2024-03-06,5.3862
2024-03-05,5.3787
2024-03-04,5.3728
2024-03-01,5.3721
2024-02-29,5.3913
2024-02-28,5.3674
2024-02-27,5.3767
2024-02-26,5.4052
2024-02-23,5.3952
2024-02-22,5.3406
2024-02-21,5.3256
2024-02-20,5.3463
2024-02-19,5.3372
2024-02-16,5.3581
2024-02-15,5.3486
2024-02-14,5.3331
2024-02-09,5.3608
2024-02-08,5.3578
2024-02-07,5.3352
2024-02-06,5.3362
2024-02-05,5.3675
2024-02-02,5.3427
2024-02-01,5.3415
2024-01-31,5.3793
2024-01-30,5.3776
2024-01-29,5.3137
2024-01-26,5.3363
2024-01-25,5.3317
2024-01-24,5.3608
2024-01-23,5.3835
2024-01-22,5.3863
2024-01-19,5.3558
2024-01-18,5.3596
2024-01-17,5.3519
2024-01-16,5.3347
2024-01-15,5.3381
2024-01-12,5.3216
2024-01-11,5.3398
2024-01-10,5.3618
2024-01-09,5.3423
2024-01-08,5.3577
2024-01-05,5.3665
2024-01-04,5.3874
2024-01-03,5.3649
2024-01-02,5.3517
2023-12-29,5.349
2023-12-28,5.3756
2023-12-27,5.3642
2023-12-26,5.3309
2023-12-22,5.3523
2023-12-21,5.357
2023-12-20,5.3504
2023-12-19,5.344
2023-12-18,5.3908
2023-12-15,5.3905
2023-12-14,5.3753
2023-12-13,5.3499
2023-12-12,5.3344
2023-12-11,5.3102
2023-12-08,5.2932
2023-12-07,5.277
2023-12-06,5.2893
2023-12-05,5.3497
2023-12-04,5.3076
2023-12-01,5.3297
2023-11-30,5.383
2023-11-29,5.3688
2023-11-28,5.3644
2023-11-27,5.3502
2023-11-24,5.351
2023-11-23,5.3367
2023-11-22,5.3192
2023-11-21,5.3358
2023-11-20,5.3287
2023-11-17,5.3166
2023-11-16,5.2829
2023-11-14,5.2745
2023-11-13,5.2628
2023-11-10,5.2505
2023-11-09,5.2505
2023-11-08,5.2288
2023-11-07,5.1988
2023-11-06,5.2628
2023-11-03,5.2474
2023-11-01,5.2873
2023-10-31,5.3431
2023-10-30,5.3157
2023-10-27,5.2388
2023-10-26,5.2702
2023-10-25,5.2879
2023-10-24,5.3027
2023-10-23,5.3383
2023-10-20,5.3498
2023-10-19,5.3399
2023-10-18,5.3237
2023-10-17,5.335
2023-10-16,5.336
2023-10-13,5.3145
2023-10-11,5.3575
2023-10-10,5.3989
2023-10-09,5.4439
2023-10-06,5.499
2023-10-05,5.4416
2023-10-04,5.4173
2023-10-03,5.3403
2023-10-02,5.3191
2023-09-29,5.2984
2023-09-28,5.3376
2023-09-27,5.2832
2023-09-26,5.2549
2023-09-25,5.2512
2023-09-22,5.2362
2023-09-21,5.2477
2023-09-20,5.1933
2023-09-19,5.1877
2023-09-18,5.1887
2023-09-15,5.1954
2023-09-14,5.1948
2023-09-13,5.2779
2023-09-12,5.3088
2023-09-11,5.3027
2023-09-08,5.3357
2023-09-06,5.3294
2023-09-05,5.3302
2023-09-04,5.3089
2023-09-01,5.3173
2023-08-31,5.3337
2023-08-30,5.3137
2023-08-29,5.2825
2023-08-28,5.2892
2023-08-25,5.2594
2023-08-24,5.2758
2023-08-23,5.3187
2023-08-22,5.3596
2023-08-21,5.4257
2023-08-18,5.4053
2023-08-17,5.4153
2023-08-16,5.4244
2023-08-15,5.4413
2023-08-14,5.4027
2023-08-11,5.3583
2023-08-10,5.3431
2023-08-09,5.3773
2023-08-08,5.3876
2023-08-07,5.389
2023-08-04,5.3624
2023-08-03,5.3402
2023-08-02,5.2577
2023-08-01,5.2373
2023-07-31,5.2226
2023-07-28,5.2142
2023-07-27,5.1897
2023-07-26,5.2463
2023-07-25,5.2472
2023-07-24,5.258
2023-07-21,5.3057
2023-07-20,5.3317
2023-07-19,5.3715
2023-07-18,5.3904
2023-07-17,5.4256
2023-07-14,5.3868
2023-07-13,5.3753
2023-07-12,5.3439
2023-07-11,5.3788
2023-07-10,5.3543
2023-07-07,5.3482
2023-07-06,5.3236
2023-07-05,5.2772
2023-07-04,5.2379
2023-07-03,5.2255
2023-06-30,5.2614
2023-06-29,5.2843
2023-06-28,5.2947
2023-06-27,5.2486
2023-06-26,5.2022
2023-06-23,5.2027
2023-06-22,5.228
2023-06-21,5.2324
2023-06-20,5.2228
2023-06-19,5.2194
2023-06-16,5.2736
2023-06-15,5.2705
2023-06-14,5.2604
2023-06-13,5.2356
2023-06-12,5.2459
2023-06-09,5.2565
2023-06-07,5.2546
2023-06-06,5.2706
2023-06-05,5.2775
2023-06-02,5.3135
2023-06-01,5.4115
2023-05-31,5.4275
2023-05-30,5.4229
2023-05-29,5.3499
2023-05-26,5.3671
2023-05-25,5.3593
2023-05-24,5.3208
2023-05-23,5.3487
2023-05-22,5.3663
2023-05-19,5.3925
2023-05-18,5.3483
2023-05-17,5.3601
2023-05-16,5.336
2023-05-15,5.3373
2023-05-12,5.3427
2023-05-11,5.4232
2023-05-10,5.4312
2023-05-09,5.4756
2023-05-08,5.4748
2023-05-05,5.4773
2023-05-04,5.515
2023-05-03,5.5474
2023-05-02,5.5337
2023-04-28,5.5196
2023-04-27,5.5224
2023-04-26,5.5885
2023-04-25,5.5496
2023-04-24,5.5774
2023-04-20,5.5373
2023-04-19,5.526
2023-04-18,5.4421
2023-04-17,5.3927
2023-04-14,5.4285
2023-04-13,5.426
2023-04-12,5.436
2023-04-11,5.4648
2023-04-10,5.5092
2023-04-06,5.537
2023-04-05,5.5066
2023-04-04,5.5568
2023-04-03,5.5132
2023-03-31,5.5217
2023-03-30,5.584
2023-03-29,5.5735
2023-03-28,5.6082
2023-03-27,5.6416
2023-03-24,5.6942
2023-03-23,5.7289
2023-03-22,5.6795
2023-03-21,5.6455
2023-03-20,5.6243
2023-03-17,5.6065
2023-03-16,5.6154
2023-03-15,5.5793
2023-03-14,5.612
2023-03-13,5.6219
2023-03-10,5.5365
2023-03-09,5.4258
2023-03-08,5.4217
2023-03-07,5.492
2023-03-06,5.5482
2023-03-03,5.5132
2023-03-02,5.5235
2023-03-01,5.5552
2023-02-28,5.5217
2023-02-27,5.5066
2023-02-24,5.4581
2023-02-23,5.4378
2023-02-22,5.4952
2023-02-17,5.5438
2023-02-16,5.5944
2023-02-15,5.5758
2023-02-14,5.5178
2023-02-13,5.5554
2023-02-10,5.607
2023-02-09,5.629
2023-02-08,5.5787
2023-02-07,5.5261
2023-02-06,5.553
2023-02-03,5.5392
2023-02-02,5.457
2023-02-01,5.5366
2023-01-31,5.5367
2023-01-30,5.5381
2023-01-27,5.5005
2023-01-26,5.5291
2023-01-25,5.5629
2023-01-24,5.6208
2023-01-23,5.6391
2023-01-20,5.6294
2023-01-19,5.6252
2023-01-18,5.5138
2023-01-17,5.5288
2023-01-16,5.5325
2023-01-13,5.5364
2023-01-12,5.5536
2023-01-11,5.5931
2023-01-10,5.6198
2023-01-09,5.6885
2023-01-06,5.6031
2023-01-05,5.6813
2023-01-04,5.7737
2023-01-03,5.6726
2023-01-02,5.6951
2022-12-30,5.5666
2022-12-29,5.564
2022-12-28,5.5994
2022-12-27,5.6244
2022-12-26,5.5118
2022-12-23,5.4582
2022-12-22,5.4977
2022-12-21,5.5219
2022-12-20,5.5765
2022-12-19,5.6226
2022-12-16,5.6054
2022-12-15,5.6623
2022-12-14,5.6844
2022-12-13,5.6012
2022-12-12,5.5835
2022-12-09,5.5209
2022-12-08,5.4913
2022-12-07,5.4823
2022-12-06,5.5004
2022-12-05,5.5201
2022-12-02,5.4421
2022-12-01,5.4472
2022-11-30,5.4507
2022-11-29,5.4954
2022-11-28,5.5927
2022-11-25,5.5669
2022-11-24,5.5311
2022-11-23,5.5946
2022-11-22,5.4842
2022-11-21,5.452
2022-11-18,5.5401
2022-11-17,5.6447
2022-11-16,5.5337
2022-11-14,5.4746
2022-11-11,5.4774
2022-11-10,5.4008
2022-11-09,5.1757
2022-11-08,5.2074
2022-11-07,5.0875
2022-11-04,4.9815
2022-11-03,5.0095
2022-11-01,5.0825
2022-10-31,5.1949
2022-10-28,5.3086
2022-10-27,5.2907
2022-10-26,5.3604
2022-10-25,5.2851
2022-10-24,5.2058
2022-10-21,5.116
2022-10-20,5.1236
2022-10-19,5.1625
2022-10-18,5.1858
2022-10-17,5.1874
2022-10-14,5.1424
2022-10-13,5.1834
2022-10-11,5.0775
2022-10-10,5.0382
2022-10-07,5.1077
2022-10-06,5.0978
2022-10-05,5.1429
2022-10-04,5.1276
2022-10-03,5.0987
2022-09-30,5.2887
2022-09-29,5.2675
2022-09-28,5.1862
2022-09-27,5.1437
2022-09-26,5.1507
2022-09-23,5.0772
2022-09-22,5.0834
2022-09-21,5.1055
2022-09-20,5.1663
2022-09-19,5.2366
2022-09-16,5.2929
2022-09-15,5.2148
2022-09-14,5.1732
2022-09-13,5.1762
2022-09-12,5.1817
2022-09-09,5.1844
2022-09-08,5.1899
2022-09-06,5.1757
2022-09-05,5.1313
2022-09-02,5.2017
2022-09-01,5.1725
2022-08-31,5.21
2022-08-30,5.0692
2022-08-29,5.0413
2022-08-26,5.0877
2022-08-25,5.0942
2022-08-24,5.0876
2022-08-23,5.0881
2022-08-22,5.1362
2022-08-19,5.2147
2022-08-18,5.2342
2022-08-17,5.2613
2022-08-16,5.2222
2022-08-15,5.1856
2022-08-12,5.2318
2022-08-11,5.2839
2022-08-10,5.2167
2022-08-09,5.2365
2022-08-08,5.2297
2022-08-05,5.303
2022-08-04,5.3556
2022-08-03,5.3596
2022-08-02,5.3338
2022-08-01,5.2978
2022-07-29,5.291
2022-07-28,5.2988
2022-07-27,5.3615
2022-07-26,5.4218
2022-07-25,5.5264
2022-07-22,5.5737
2022-07-21,5.5828
2022-07-20,5.5438
2022-07-19,5.5175
2022-07-18,5.4517
2022-07-15,5.4494
2022-07-14,5.4698
2022-07-13,5.4408
2022-07-12,5.4477
2022-07-11,5.392
2022-07-08,5.402
2022-07-07,5.4471
2022-07-06,5.5233
2022-07-05,5.5262
2022-07-04,5.5286
2022-07-01,5.5304
2022-06-30,5.483
2022-06-29,5.4744
2022-06-28,5.4959
2022-06-27,5.533
2022-06-24,5.5138
2022-06-23,5.4424
2022-06-22,5.449
2022-06-21,5.4271
2022-06-20,5.4403
2022-06-17,5.3724
2022-06-15,5.3076
2022-06-14,5.3322
2022-06-13,5.3236
2022-06-10,5.2421
2022-06-09,5.2156
2022-06-08,5.2309
2022-06-07,5.2312
2022-06-06,5.1157
2022-06-03,5.135
2022-06-02,5.1368
2022-06-01,5.0825
2022-05-31,5.073
2022-05-30,5.0888
2022-05-27,5.0781
2022-05-26,5.1433
2022-05-25,5.152
2022-05-24,5.1664
2022-05-23,5.1166
2022-05-20,5.1492
2022-05-19,5.207
2022-05-18,5.2011
2022-05-17,5.2307
2022-05-16,5.2783
2022-05-13,5.3163
2022-05-12,5.3406
2022-05-11,5.3979
2022-05-10,5.4107
2022-05-09,5.4183
2022-05-06,5.3631
2022-05-05,5.2572
2022-05-04,5.2782
2022-05-03,5.282
2022-05-02,5.2879
2022-04-29,5.1841
2022-04-28,5.2609
2022-04-27,5.289
2022-04-26,5.2928
2022-04-25,5.2234
2022-04-22,5.1044
2022-04-20,5.0353
2022-04-19,5.0335
2022-04-18,5.0395
2022-04-14,5.0896
2022-04-13,5.0882
2022-04-12,5.0432
2022-04-11,5.1128
2022-04-08,5.165
2022-04-07,5.1664
2022-04-06,5.1239
2022-04-05,5.0658
2022-04-04,5.0754
2022-04-01,5.1878
2022-03-31,5.255
2022-03-30,5.3
2022-03-29,5.2731
2022-03-28,5.2574
2022-03-25,5.2468
2022-03-24,5.2886
2022-03-23,5.3563
2022-03-22,5.4221
2022-03-21,5.484
2022-03-18,5.5677
2022-03-17,5.6382
2022-03-16,5.6358
2022-03-15,5.629
2022-03-14,5.5589
2022-03-11,5.5088
2022-03-10,5.5649
2022-03-09,5.5312
2022-03-08,5.5345
2022-03-07,5.4998
2022-03-04,5.5406
2022-03-03,5.5828
2022-03-02,5.706
2022-02-25,5.7776
2022-02-24,5.6853
2022-02-23,5.677
2022-02-22,5.7351
2022-02-21,5.7793
2022-02-18,5.8217
2022-02-17,5.8612
2022-02-16,5.866
2022-02-15,5.8904
2022-02-14,5.8899
2022-02-11,5.9258
2022-02-10,5.9732
2022-02-09,6.0259
2022-02-08,6.016
2022-02-07,6.0541
2022-02-04,6.0955
2022-02-03,6.0521
2022-02-02,5.9812
2022-02-01,5.9378
2022-01-31,6.006
2022-01-28,6.0217
2022-01-27,5.9983
2022-01-26,6.1271
2022-01-25,6.1957
2022-01-24,6.208
2022-01-21,6.1717
2022-01-20,6.145
2022-01-19,6.2355
2022-01-18,6.261
2022-01-17,6.277
2022-01-14,6.3274
2022-01-13,6.3305
2022-01-12,6.3495
2022-01-11,6.3884
2022-01-10,6.4196
2022-01-07,6.4385
2022-01-06,6.4416
2022-01-05,6.4181
2022-01-04,6.4207
2022-01-03,6.3566
2021-12-31,6.3187
2021-12-30,6.3209
2021-12-29,6.425
2021-12-28,6.374
2021-12-27,6.411
2021-12-24,6.3999
2021-12-23,6.4336
2021-12-22,6.475
2021-12-21,6.4612
2021-12-20,6.4391
2021-12-17,6.4209
2021-12-16,6.439
2021-12-15,6.4255
2021-12-14,6.363
2021-12-13,6.3536
2021-12-10,6.319
2021-12-09,6.2681
2021-12-08,6.3191
2021-12-07,6.3427
2021-12-06,6.4094
2021-12-03,6.3643
2021-12-02,6.3753
2021-12-01,6.3654
2021-11-30,6.3256
2021-11-29,6.3216
2021-11-26,6.321
2021-11-25,6.2478
2021-11-24,6.271
2021-11-23,6.3574
2021-11-22,6.2781
2021-11-19,6.2892
2021-11-18,6.2935
2021-11-17,6.2174
2021-11-16,6.2159
2021-11-12,6.2008
2021-11-11,6.2122
2021-11-10,6.2859
2021-11-09,6.3655
2021-11-08,6.4448
2021-11-05,6.4049
2021-11-04,6.4573
2021-11-03,6.5642
2021-11-01,6.5696
2021-10-29,6.5164
2021-10-28,6.5563
2021-10-27,6.4556
2021-10-26,6.4654
2021-10-25,6.4983
2021-10-22,6.642
2021-10-21,6.5669
2021-10-20,6.4683
2021-10-19,6.4569
2021-10-18,6.4061
2021-10-15,6.3181
2021-10-14,6.3713
2021-10-13,6.415
2021-10-11,6.3814
2021-10-08,6.3725
2021-10-07,6.3724
2021-10-06,6.3592
2021-10-05,6.338
2021-10-04,6.2973
2021-10-01,6.2508
2021-09-30,6.2954
2021-09-29,6.2893
2021-09-28,6.3295
2021-09-27,6.2562
2021-09-24,6.2581
2021-09-23,6.2055
2021-09-22,6.1939
2021-09-21,6.2176
2021-09-20,6.2541
2021-09-17,6.2293
2021-09-16,6.1849
2021-09-15,6.209
2021-09-14,6.1775
2021-09-13,6.1619
2021-09-10,6.1644
2021-09-09,6.2469
2021-09-08,6.2061
2021-09-06,6.1422
2021-09-03,6.141
2021-09-02,6.1325
2021-09-01,6.1105
2021-08-31,6.0674
2021-08-30,6.1255
2021-08-27,6.1552
2021-08-26,6.1655
2021-08-25,6.1666
2021-08-24,6.2256
2021-08-23,6.2967
2021-08-20,6.3428
2021-08-19,6.3335
2021-08-18,6.2027
2021-08-17,6.1581
2021-08-16,6.1806
2021-08-13,6.1881
2021-08-12,6.1416
2021-08-11,6.103
2021-08-10,6.1186
2021-08-09,6.1992
2021-08-06,6.1622
2021-08-05,6.0907
2021-08-04,6.1679
2021-08-03,6.2205
2021-08-02,6.099
2021-07-30,6.0756
2021-07-29,6.0228
2021-07-28,6.0841
2021-07-27,6.1117
2021-07-26,6.1233
2021-07-23,6.0788
2021-07-22,6.1145
2021-07-21,6.1951
2021-07-20,6.1765
2021-07-19,6.1343
2021-07-16,6.0149
2021-07-15,6.0193
2021-07-14,6.0159
2021-07-13,6.1133
2021-07-12,6.1927
2021-07-09,6.2106
2021-07-08,6.2251
2021-07-07,6.1745
2021-07-06,6.1011
2021-07-05,6.0201
2021-07-02,5.957
2021-07-01,5.9333
2021-06-30,5.9249
2021-06-29,5.8858
2021-06-28,5.8981
2021-06-25,5.873
2021-06-24,5.8756
2021-06-23,5.9158
2021-06-22,5.9745
2021-06-21,5.9972
2021-06-18,5.9716
2021-06-17,5.9965
2021-06-16,6.0824
2021-06-15,6.1637
2021-06-14,6.1465
2021-06-11,6.1922
2021-06-10,6.1626
2021-06-09,6.1552
2021-06-08,6.1483
2021-06-07,6.158
2021-06-04,6.1665
2021-06-02,6.2452
2021-06-01,6.3185
2021-05-31,6.3972
2021-05-28,6.3732
2021-05-27,6.4425
2021-05-26,6.4858
2021-05-25,6.4992
2021-05-24,6.4937
2021-05-21,6.4558
2021-05-20,6.4658
2021-05-19,6.4509
2021-05-18,6.4161
2021-05-17,6.4106
2021-05-14,6.3961
2021-05-13,6.3735
2021-05-12,6.3188
2021-05-11,6.3751
2021-05-10,6.3543
2021-05-07,6.3509
2021-05-06,6.3723
2021-05-05,6.4639
2021-05-04,6.5464
2021-05-03,6.5205
2021-04-30,6.4993
2021-04-29,6.4972
2021-04-28,6.5312
2021-04-27,6.5721
2021-04-26,6.5919
2021-04-23,6.6104
2021-04-22,6.6023
2021-04-20,6.6544
2021-04-19,6.7043
2021-04-16,6.7462
2021-04-15,6.7254
2021-04-14,6.8157
2021-04-13,6.8104
2021-04-12,6.7359
2021-04-09,6.7129
2021-04-08,6.6426
2021-04-07,6.6404
2021-04-06,6.6665
2021-04-05,6.6807
2021-04-01,6.6904
2021-03-31,6.6885
2021-03-30,6.7555
2021-03-29,6.8211
2021-03-26,6.728
2021-03-25,6.6616
2021-03-24,6.5443
2021-03-23,6.5225
2021-03-22,6.5929
2021-03-19,6.5579
2021-03-18,6.614
2021-03-17,6.7339
2021-03-16,6.6422
2021-03-15,6.7058
2021-03-12,6.6399
2021-03-11,6.682
2021-03-10,6.8323
2021-03-09,6.9392
2021-03-08,6.7973
2021-03-05,6.7719
2021-03-04,6.7415
2021-03-03,6.9216
2021-03-02,6.8558
2021-03-01,6.7259
2021-02-26,6.7113
2021-02-25,6.6719
2021-02-24,6.5661
2021-02-23,6.6247
2021-02-22,6.6811
2021-02-19,6.5386
2021-02-18,6.5458
2021-02-17,6.5159
2021-02-12,6.5206
2021-02-11,6.503
2021-02-10,6.5518
2021-02-09,6.5578
2021-02-08,6.4644
2021-02-05,6.4778
2021-02-04,6.4561
2021-02-03,6.4154
2021-02-02,6.4777
2021-02-01,6.5976
2021-01-29,6.6519
2021-01-28,6.5788
2021-01-27,6.5061
2021-01-26,6.553
2021-01-25,6.6799
2021-01-22,6.6088
2021-01-21,6.4584
2021-01-20,6.4184
2021-01-19,6.4204
2021-01-18,6.3724
2021-01-15,6.3735
2021-01-14,6.3838
2021-01-13,6.451
2021-01-12,6.6399
2021-01-11,6.6771
2021-01-08,6.5776
2021-01-07,6.5491
2021-01-06,6.5311
2021-01-05,6.538
2021-01-04,6.3338
2020-12-31,6.3756
2020-12-30,6.3922
2020-12-29,6.3585
2020-12-28,6.3987
2020-12-24,6.3116
2020-12-23,6.3033
2020-12-22,6.2651
2020-12-21,6.2962
2020-12-18,6.2369
2020-12-17,6.1957
2020-12-16,6.2211
2020-12-15,6.1929
2020-12-14,6.1308
2020-12-11,6.1354
2020-12-09,6.1727
2020-12-08,6.1677
2020-12-07,6.1883
2020-12-04,6.2759
2020-12-03,6.2774
2020-12-02,6.3121
2020-12-01,6.3498
2020-11-30,6.3771
2020-11-27,6.3875
2020-11-26,6.3302
2020-11-25,6.3667
2020-11-24,6.4151
2020-11-23,6.3591
2020-11-20,6.3412
2020-11-19,6.3125
2020-11-18,6.285
2020-11-17,6.4074
2020-11-16,6.4136
2020-11-13,6.483
2020-11-12,6.3873
2020-11-11,6.351
2020-11-10,6.3451
2020-11-09,6.2454
2020-11-06,6.5655
2020-11-05,6.5768
2020-11-04,6.6649
2020-11-03,6.6719
2020-10-30,6.7211
2020-10-29,6.7374
2020-10-28,6.735
2020-10-27,6.6832
2020-10-26,6.6533
2020-10-23,6.6445
2020-10-22,6.5989
2020-10-21,6.6461
2020-10-20,6.599
2020-10-19,6.6022
2020-10-16,6.5867
2020-10-15,6.5703
2020-10-14,6.5422
2020-10-13,6.5545
2020-10-09,6.5451
2020-10-08,6.6039
2020-10-07,6.5893
2020-10-06,6.5002
2020-10-05,6.633
2020-10-02,6.6084
2020-10-01,6.6311
2020-09-30,6.6102
2020-09-29,6.622
2020-09-28,6.5112
2020-09-25,6.4661
2020-09-24,6.4978
2020-09-23,6.4574
2020-09-22,6.3558
2020-09-21,6.3884
2020-09-18,6.2698
2020-09-17,6.2158
2020-09-16,6.2154
2020-09-15,6.2449
2020-09-14,6.289
2020-09-11,6.2514
2020-09-10,6.287
2020-09-09,6.2604
2020-09-08,6.3287
2020-09-04,6.2449
2020-09-03,6.278
2020-09-02,6.3611
2020-09-01,6.4186
2020-08-31,6.5364
2020-08-28,6.5055
2020-08-27,6.6144
2020-08-26,6.5757
2020-08-25,6.6153
2020-08-24,6.6024
2020-08-21,6.5991
2020-08-20,6.7014
2020-08-19,6.5315
2020-08-18,6.519
2020-08-17,6.467
2020-08-14,6.3705
2020-08-13,6.3564
2020-08-12,6.433
2020-08-11,6.3832
2020-08-10,6.3386
2020-08-07,6.3845
2020-08-06,6.3325
2020-08-05,6.2751
2020-08-04,6.2724
2020-08-03,6.2356
2020-07-31,6.1491
2020-07-30,6.1109
2020-07-29,6.048
2020-07-28,6.0727
2020-07-27,6.0952
2020-07-24,6.0649
2020-07-23,6.0007
2020-07-22,5.92
2020-07-21,6.0082
2020-07-20,6.1357
2020-07-17,6.1182
2020-07-16,6.1223
2020-07-15,6.0994
2020-07-14,6.1903
2020-07-13,6.0775
2020-07-10,6.0471
2020-07-09,5.9832
2020-07-08,6.0567
2020-07-07,6.0221
2020-07-06,6.0001
2020-07-03,5.9991
2020-07-02,5.9565
2020-07-01,6.0389
2020-06-30,6.1522
2020-06-29,6.1124
2020-06-26,6.1249
2020-06-25,5.9771
2020-06-24,5.9082
2020-06-23,5.8528
2020-06-22,5.88
2020-06-19,5.9806
2020-06-18,5.9947
2020-06-17,5.8875
2020-06-16,5.7725
2020-06-15,5.845
2020-06-12,5.6668
2020-06-10,5.5507
2020-06-09,5.5653
2020-06-08,5.5678
2020-06-05,5.6214
2020-06-04,5.7772
2020-06-03,5.6798
2020-06-02,5.8722
2020-06-01,5.9645
2020-05-29,6.0258
2020-05-28,5.9102
2020-05-27,5.811
2020-05-26,5.8905
2020-05-25,5.9668
2020-05-22,6.0785
2020-05-21,6.1334
2020-05-20,6.2533
2020-05-19,6.2565
2020-05-18,6.2544
2020-05-15,6.2962
2020-05-14,6.4097
2020-05-13,6.395
2020-05-12,6.2704
2020-05-11,6.2671
2020-05-08,6.2559
2020-05-07,6.3098
2020-05-06,6.1226
2020-05-05,6.0014
2020-05-04,6.0884
2020-04-30,5.9316
2020-04-29,5.891
2020-04-28,6.032
2020-04-27,6.1012
2020-04-24,6.1002
2020-04-23,5.8883
2020-04-22,5.8294
2020-04-20,5.7433
2020-04-17,5.7198
2020-04-16,5.676
2020-04-15,5.7341
2020-04-14,5.6876
2020-04-13,5.6508
2020-04-09,5.549
2020-04-08,5.6609
2020-04-07,5.6826
2020-04-06,5.6683
2020-04-03,5.7214
2020-04-02,5.7178
2020-04-01,5.7277
2020-03-31,5.7247
2020-03-30,5.6824
2020-03-27,5.651
2020-03-26,5.5114
2020-03-25,5.4918
2020-03-24,5.4718
2020-03-23,5.4648
2020-03-20,5.3693
2020-03-19,5.5032
2020-03-18,5.5347
2020-03-17,5.5391
2020-03-16,5.5078
2020-03-13,5.2413
2020-03-12,5.4098
2020-03-11,5.2704
2020-03-10,5.2948
2020-03-09,5.4109
2020-03-06,5.2534
2020-03-05,5.1676
2020-03-04,5.0393
2020-03-03,5.0159
2020-03-02,5.0014
2020-02-28,4.9403
2020-02-27,4.9158
2020-02-26,4.8247
2020-02-21,4.766
2020-02-20,4.7381
2020-02-19,4.7176
2020-02-18,4.7033
2020-02-17,4.6724
2020-02-14,4.6804
2020-02-13,4.7053
2020-02-12,4.7236
2020-02-11,4.7085
2020-02-10,4.7171
2020-02-07,4.7213
2020-02-06,4.6608
2020-02-05,4.6687
2020-02-04,4.6765
2020-02-03,4.6945
2020-01-31,4.7291
2020-01-30,4.6913
2020-01-29,4.6195
2020-01-28,4.6255
2020-01-27,4.6455
2020-01-24,4.604
2020-01-23,4.6005
2020-01-22,4.6381
2020-01-21,4.6608
2020-01-20,4.6344
2020-01-17,4.6399
2020-01-16,4.6472
2020-01-15,4.6406
2020-01-14,4.6078
2020-01-13,4.5978
2020-01-10,4.5265
2020-01-09,4.5219
2020-01-08,4.5212
2020-01-07,4.5494
2020-01-06,4.5365
2020-01-03,4.5224
2020-01-02,4.5028
2019-12-31,4.529
2019-12-30,4.5133
2019-12-27,4.5246
2019-12-26,4.5048
2019-12-24,4.5182
2019-12-23,4.5172
2019-12-20,4.5191
2019-12-19,4.5149
2019-12-18,4.5099
2019-12-17,4.538
2019-12-16,4.5425
2019-12-13,4.5582
2019-12-12,4.5671
2019-12-11,4.5603
2019-12-10,4.5928
2019-12-09,4.5925
2019-12-06,4.6155
2019-12-05,4.6726
2019-12-04,4.6481
2019-12-03,4.6538
2019-12-02,4.6772
2019-11-29,4.6567
2019-11-28,4.6738
2019-11-27,4.6843
2019-11-26,4.6851
2019-11-25,4.6329
2019-11-22,4.6142
2019-11-21,4.6517
2019-11-20,4.6503
2019-11-19,4.6614
2019-11-18,4.6333
2019-11-14,4.6008
2019-11-13,4.5979
2019-11-12,4.5967
2019-11-11,4.5845
2019-11-08,4.5578
2019-11-07,4.5193
2019-11-06,4.467
2019-11-05,4.4329
2019-11-04,4.4522
2019-11-01,4.4422
2019-10-31,4.4647
2019-10-30,4.4684
2019-10-29,4.4393
2019-10-28,4.4131
2019-10-25,4.4457
2019-10-24,4.4476
2019-10-23,4.5263
2019-10-22,4.5489
2019-10-21,4.6039
2019-10-18,4.614
2019-10-17,4.6119
2019-10-16,4.6183
2019-10-15,4.5775
2019-10-14,4.5486
2019-10-11,4.5315
2019-10-10,4.5319
2019-10-09,4.4945
2019-10-08,4.4732
2019-10-07,4.4681
2019-10-04,4.4547
2019-10-03,4.5057
2019-10-02,4.5478
2019-10-01,4.5619
2019-09-30,4.5402
2019-09-27,4.5498
2019-09-26,4.5344
2019-09-25,4.5786
2019-09-24,4.5874
2019-09-23,4.5859
2019-09-20,4.5853
2019-09-19,4.5708
2019-09-18,4.5304
2019-09-17,4.5345
2019-09-16,4.4969
2019-09-13,4.4959
2019-09-12,4.4824
2019-09-11,4.4683
2019-09-10,4.5385
2019-09-09,4.5056
2019-09-06,4.4875
2019-09-05,4.5085
2019-09-04,4.5458
2019-09-03,4.5679
2019-09-02,4.5591
2019-08-30,4.5463
2019-08-29,4.6075
2019-08-28,4.6053
2019-08-27,4.6093
2019-08-26,4.5952
2019-08-23,4.5526
2019-08-22,4.4834
2019-08-21,4.4659
2019-08-20,4.4825
2019-08-19,4.4673
2019-08-16,4.4279
2019-08-15,4.4614
2019-08-14,4.4644
2019-08-13,4.443
2019-08-12,4.4795
2019-08-09,4.4157
2019-08-08,4.4151
2019-08-07,4.4757
2019-08-06,4.4374
2019-08-05,4.4106
2019-08-02,4.3032
2019-08-01,4.2349
2019-07-31,4.1893
2019-07-30,4.2237
2019-07-29,4.2224
2019-07-26,4.1958
2019-07-25,4.2214
2019-07-24,4.1872
2019-07-23,4.1956
2019-07-22,4.1926
2019-07-19,4.1958
2019-07-18,4.2075
2019-07-17,4.2242
2019-07-16,4.2166
2019-07-15,4.2169
2019-07-12,4.2134
2019-07-11,4.2255
2019-07-10,4.2433
2019-07-09,4.2418
2019-07-08,4.2657
2019-07-05,4.2835
2019-07-04,4.2797
2019-07-03,4.3366
2019-07-02,4.3571
2019-07-01,4.317
2019-06-28,4.3577
2019-06-27,4.3925
2019-06-26,4.377
2019-06-25,4.3593
2019-06-24,4.3542
2019-06-21,4.3321
2019-06-19,4.341
2019-06-18,4.3215
2019-06-17,4.3688
2019-06-14,4.3522
2019-06-13,4.331
2019-06-12,4.3462
2019-06-11,4.3738
2019-06-10,4.3861
2019-06-07,4.3667
2019-06-06,4.3719
2019-06-05,4.34
2019-06-04,4.348
2019-06-03,4.3684
2019-05-31,4.3924
2019-05-30,4.4229
2019-05-29,4.449
2019-05-28,4.5001
2019-05-27,4.4996
2019-05-24,4.5134
2019-05-23,4.5246
2019-05-22,4.4864
2019-05-21,4.5521
2019-05-20,4.5849
2019-05-17,4.5592
2019-05-16,4.4852
2019-05-15,4.4852
2019-05-14,4.4576
2019-05-13,4.4794
2019-05-10,4.4475
2019-05-09,4.453
2019-05-08,4.4078
2019-05-07,4.4571
2019-05-06,4.4356
2019-05-03,4.4049
2019-05-02,4.433
2019-04-30,4.4177
2019-04-29,4.3939
2019-04-26,4.3876
2019-04-25,4.4239
2019-04-24,4.4339
2019-04-23,4.4213
2019-04-22,4.4151
2019-04-18,4.4241
2019-04-17,4.429
2019-04-16,4.393
2019-04-15,4.377
2019-04-12,4.3711
2019-04-11,4.3231
2019-04-10,4.3185
2019-04-09,4.3473
2019-04-08,4.3518
2019-04-05,4.3308
2019-04-04,4.3406
2019-04-03,4.3199
2019-04-02,4.3239
2019-04-01,4.3344
2019-03-29,4.3738
2019-03-28,4.4576
2019-03-27,4.4302
2019-03-26,4.3582
2019-03-25,4.3885
2019-03-22,4.378
2019-03-21,4.312
2019-03-20,4.3014
2019-03-19,4.283
2019-03-18,4.3192
2019-03-15,4.3418
2019-03-14,4.3307
2019-03-13,4.3259
2019-03-12,4.298
2019-03-11,4.3162
2019-03-08,4.3452
2019-03-07,4.3214
2019-03-06,4.3306
2019-03-01,4.3069
2019-02-28,4.2556
2019-02-27,4.2499
2019-02-26,4.269
2019-02-25,4.2297
2019-02-22,4.2431
2019-02-21,4.2652
2019-02-20,4.2091
2019-02-19,4.2155
2019-02-18,4.2179
2019-02-15,4.1856
2019-02-14,4.2642
2019-02-13,4.2101
2019-02-12,4.2115
2019-02-11,4.2208
2019-02-08,4.2145
2019-02-07,4.2189
2019-02-06,4.2124
2019-02-05,4.1937
2019-02-04,4.1987
2019-02-01,4.2099
2019-01-31,4.1902
2019-01-30,4.242
2019-01-29,4.2681
2019-01-28,4.3038
2019-01-25,4.28
2019-01-24,4.3012
2019-01-23,4.3166
2019-01-22,4.2701
2019-01-21,4.2841
2019-01-18,4.2626
2019-01-17,4.2794
2019-01-16,4.2394
2019-01-15,4.2425
2019-01-14,4.2705
2019-01-11,4.2586
2019-01-10,4.2477
2019-01-09,4.2556
2019-01-08,4.2559
2019-01-07,4.2496
2019-01-04,4.2711
2019-01-03,4.285
2019-01-02,4.3829
2018-12-31,4.4375
2018-12-28,4.4371
2018-12-27,4.4955
2018-12-24,4.4288
2018-12-21,4.4082
2018-12-20,4.3999
2018-12-19,4.446
2018-12-18,4.4305
2018-12-17,4.436
2018-12-14,4.4098
2018-12-13,4.3993
2018-12-12,4.3883
2018-12-11,4.4222
2018-12-10,4.4598
2018-12-07,4.4354
2018-12-06,4.4625
2018-12-05,4.3652
2018-12-04,4.3624
2018-12-03,4.3408
2018-11-30,4.3788
2018-11-29,4.3891
2018-11-28,4.3546
2018-11-27,4.3967
2018-11-26,4.387
2018-11-23,4.3208
2018-11-22,4.3446
2018-11-21,4.3141
2018-11-20,4.2823
2018-11-19,4.292
2018-11-16,4.2779
2018-11-14,4.2972
2018-11-13,4.2558
2018-11-12,4.2205
2018-11-09,4.2533
2018-11-08,4.2742
2018-11-07,4.3134
2018-11-06,4.279
2018-11-05,4.2209
2018-11-01,4.2125
2018-10-31,4.2122
2018-10-30,4.2058
2018-10-29,4.1405
2018-10-26,4.1835
2018-10-25,4.2093
2018-10-24,4.2186
2018-10-23,4.2554
2018-10-22,4.2306
2018-10-19,4.2675
2018-10-18,4.2471
2018-10-17,4.2697
2018-10-16,4.2975
2018-10-15,4.3276
2018-10-11,4.3308
2018-10-10,4.3276
2018-10-09,4.2918
2018-10-08,4.3133
2018-10-05,4.4493
2018-10-04,4.4921
2018-10-03,4.4401
2018-10-02,4.5649
2018-10-01,4.6569
2018-09-28,4.6518
2018-09-27,4.6772
2018-09-26,4.7683
2018-09-25,4.8587
2018-09-24,4.7776
2018-09-21,4.7795
2018-09-20,4.8132
2018-09-19,4.8307
2018-09-18,4.8353
2018-09-17,4.8709
2018-09-14,4.8803
2018-09-13,4.8583
2018-09-12,4.7957
2018-09-11,4.8251
2018-09-10,4.7569
2018-09-06,4.8178
2018-09-05,4.8334
2018-09-04,4.8159
2018-09-03,4.7951
2018-08-31,4.7942
2018-08-30,4.8687
2018-08-29,4.8359
2018-08-28,4.8254
2018-08-27,4.7491
2018-08-24,4.7482
2018-08-23,4.7098
2018-08-22,4.7227
2018-08-21,4.5975
2018-08-20,4.5085
2018-08-17,4.4928
2018-08-16,4.4178
2018-08-15,4.4324
2018-08-14,4.4041
2018-08-13,4.442
2018-08-10,4.3832
2018-08-09,4.3971
2018-08-08,4.3504
2018-08-07,4.3031
2018-08-06,4.302
2018-08-03,4.3131
2018-08-02,4.3703
2018-08-01,4.3723
2018-07-31,4.3944
2018-07-30,4.352
2018-07-27,4.3319
2018-07-26,4.3396
2018-07-25,4.3334
2018-07-24,4.3756
2018-07-23,4.4354
2018-07-20,4.4237
2018-07-19,4.5067
2018-07-18,4.4792
2018-07-17,4.5095
2018-07-16,4.5165
2018-07-13,4.5189
2018-07-12,4.507
2018-07-11,4.5018
2018-07-10,4.5082
2018-07-09,4.5418
2018-07-06,4.6073
2018-07-05,4.5832
2018-07-04,4.546
2018-07-03,4.5335
2018-07-02,4.5309
2018-06-29,4.5009
2018-06-28,4.4604
2018-06-27,4.4431
2018-06-26,4.4025
2018-06-25,4.4142
2018-06-22,4.3788
2018-06-21,4.3943
2018-06-20,4.3264
2018-06-19,4.3479
2018-06-18,4.3562
2018-06-15,4.3822
2018-06-14,4.3094
2018-06-13,4.365
2018-06-12,4.3668
2018-06-11,4.355
2018-06-08,4.4553
2018-06-07,4.606
2018-06-06,4.4969
2018-06-05,4.4053
2018-06-04,4.376
2018-06-01,4.368
2018-05-30,4.3585
2018-05-29,4.3066
2018-05-28,4.312
2018-05-25,4.2668
2018-05-24,4.2718
2018-05-23,4.2677
2018-05-22,4.3
2018-05-21,4.3619
2018-05-18,4.4145
2018-05-17,4.3478
2018-05-16,4.3365
2018-05-15,4.3589
2018-05-14,4.3215
2018-05-11,4.267
2018-05-10,4.2296
2018-05-09,4.2585
2018-05-08,4.2441
2018-05-07,4.228
2018-05-04,4.2165
2018-05-03,4.2464
2018-05-02,4.2371
2018-04-30,4.202
2018-04-27,4.1972
2018-04-26,4.236
2018-04-25,4.2657
2018-04-24,4.238
2018-04-23,4.2034
2018-04-20,4.187
2018-04-19,4.19
2018-04-18,4.1885
2018-04-17,4.2013
2018-04-16,4.2383
2018-04-13,4.2013
2018-04-12,4.1699
2018-04-11,4.2152
2018-04-10,4.2172
2018-04-09,4.1758
2018-04-06,4.1311
2018-04-05,4.0585
2018-04-04,4.1211
2018-04-03,4.0618
2018-04-02,4.0664
2018-03-29,4.0829
2018-03-28,4.1217
2018-03-27,4.1257
2018-03-26,4.108
2018-03-23,4.0821
2018-03-22,4.065
2018-03-21,4.0374
2018-03-20,4.046
2018-03-19,4.0562
2018-03-16,4.0397
2018-03-15,4.0475
2018-03-14,4.0266
2018-03-13,4.027
2018-03-12,4.0153
2018-03-09,4.0021
2018-03-08,4.0071
2018-03-07,4.007
2018-03-06,3.9961
2018-03-05,4.0156
2018-03-02,4.0134
2018-03-01,3.9714
2018-02-28,3.9564
2018-02-27,3.962
2018-02-26,3.9739
2018-02-23,3.9859
2018-02-22,4.0157
2018-02-21,4.0094
2018-02-20,4.0106
2018-02-19,4.008
2018-02-16,4.0281
2018-02-15,4.0243
2018-02-14,4.0345
2018-02-09,4.0225
2018-02-08,4.0129
2018-02-07,4.006
2018-02-06,4.0224
2018-02-05,4.0113
2018-02-02,3.9834
2018-02-01,3.9471
2018-01-31,3.9383
2018-01-30,3.9379
2018-01-29,3.9088
2018-01-26,3.9116
2018-01-25,3.9187
2018-01-24,3.9607
2018-01-23,3.9588
2018-01-22,3.9077
2018-01-19,3.9309
2018-01-18,3.9376
2018-01-17,3.9499
2018-01-16,3.9326
2018-01-15,3.9186
2018-01-12,3.9075
2018-01-11,3.8899
2018-01-10,3.8905
2018-01-09,3.86
2018-01-08,3.8708
2018-01-05,3.8984
2018-01-04,3.9039
2018-01-03,3.9077
2018-01-02,3.935
2017-12-29,3.9672
2017-12-28,3.951
2017-12-27,3.9315
2017-12-26,3.9425
2017-12-22,3.9342
2017-12-21,3.9201
2017-12-20,3.9016
2017-12-19,3.8824
2017-12-18,3.8816
2017-12-15,3.9071
2017-12-14,3.9325
2017-12-13,3.881
2017-12-12,3.8913
2017-12-11,3.8734
2017-12-08,3.8552
2017-12-07,3.8789
2017-12-06,3.8132
2017-12-05,3.8236
2017-12-04,3.8483
2017-12-01,3.8702
2017-11-30,3.8819
2017-11-29,3.8023
2017-11-28,3.8265
2017-11-27,3.8445
2017-11-24,3.8491
2017-11-23,3.8333
2017-11-22,3.8334
2017-11-21,3.8245
2017-11-20,3.8334
2017-11-17,3.8657
2017-11-16,3.8631
2017-11-14,3.8579
2017-11-13,3.8323
2017-11-10,3.8082
2017-11-09,3.7808
2017-11-08,3.7694
2017-11-07,3.7888
2017-11-06,3.8044
2017-11-03,3.82
2017-11-01,3.8068
2017-10-31,3.8126
2017-10-30,3.7796
2017-10-27,3.7967
2017-10-26,3.7965
2017-10-25,3.8235
2017-10-24,3.8181
2017-10-23,3.758
2017-10-20,3.7508
2017-10-19,3.76
2017-10-18,3.7291
2017-10-17,3.7322
2017-10-16,3.7277
2017-10-13,3.7363
2017-10-11,3.7472
2017-10-10,3.7391
2017-10-09,3.7297
2017-10-06,3.7116
2017-10-05,3.6685
2017-10-04,3.6816
2017-10-03,3.7033
2017-10-02,3.715
2017-09-29,3.741
2017-09-28,3.7515
2017-09-27,3.7497
2017-09-26,3.7273
2017-09-25,3.721
2017-09-22,3.7435
2017-09-21,3.7434
2017-09-20,3.7521
2017-09-19,3.7518
2017-09-18,3.7289
2017-09-15,3.7361
2017-09-14,3.7254
2017-09-13,3.7282
2017-09-12,3.7263
2017-09-11,3.6898
2017-09-08,3.7206
2017-09-06,3.7172
2017-09-05,3.7153
2017-09-04,3.7393
2017-09-01,3.7201
2017-08-31,3.7415
2017-08-30,3.7718
2017-08-29,3.81
2017-08-28,3.778
2017-08-25,3.7345
2017-08-24,3.7047
2017-08-23,3.7244
2017-08-22,3.7086
2017-08-21,3.7133
2017-08-18,3.7171
2017-08-17,3.7076
2017-08-16,3.705
2017-08-15,3.7517
2017-08-14,3.757
2017-08-11,3.7422
2017-08-10,3.7053
2017-08-09,3.6954
2017-08-08,3.6706
2017-08-07,3.6847
2017-08-04,3.6691
2017-08-03,3.7045
2017-08-02,3.7074
2017-08-01,3.6755
2017-07-31,3.701
2017-07-28,3.6958
2017-07-27,3.6721
2017-07-26,3.6807
2017-07-25,3.6768
2017-07-24,3.6611
2017-07-21,3.6416
2017-07-20,3.652
2017-07-19,3.6306
2017-07-18,3.6655
2017-07-17,3.6482
2017-07-14,3.6517
2017-07-13,3.6542
2017-07-12,3.6806
2017-07-11,3.7163
2017-07-10,3.7195
2017-07-07,3.7477
2017-07-06,3.7709
2017-07-05,3.7621
2017-07-04,3.7495
2017-07-03,3.7518
2017-06-30,3.7736
2017-06-29,3.7618
2017-06-28,3.7525
2017-06-27,3.756
2017-06-26,3.7077
2017-06-23,3.7316
2017-06-22,3.7179
2017-06-21,3.7034
2017-06-20,3.6861
2017-06-19,3.679
2017-06-16,3.6803
2017-06-14,3.7019
2017-06-13,3.716
2017-06-12,3.6947
2017-06-09,3.6626
2017-06-08,3.6821
2017-06-07,3.6788
2017-06-06,3.6962
2017-06-05,3.6912
2017-06-02,3.6506
2017-06-01,3.6216
2017-05-31,3.6436
2017-05-30,3.6513
2017-05-29,3.6555
2017-05-26,3.6417
2017-05-25,3.6809
2017-05-24,3.6453
2017-05-23,3.6556
2017-05-22,3.6912
2017-05-19,3.6777
2017-05-18,3.7567
2017-05-17,3.459
2017-05-16,3.4223
2017-05-15,3.4037
2017-05-12,3.4178
2017-05-11,3.4289
2017-05-10,3.4356
2017-05-09,3.4635
2017-05-08,3.4889
2017-05-05,3.4918
2017-05-04,3.484
2017-05-03,3.4373
2017-05-02,3.4601
2017-04-28,3.4834
2017-04-27,3.4491
2017-04-26,3.4611
2017-04-25,3.4539
2017-04-24,3.3888
2017-04-20,3.3828
2017-04-19,3.3497
2017-04-18,3.3134
2017-04-17,3.3072
2017-04-13,3.3226
2017-04-12,3.3373
2017-04-11,3.3344
2017-04-10,3.3297
2017-04-07,3.3214
2017-04-06,3.3176
2017-04-05,3.2958
2017-04-04,3.3292
2017-04-03,3.3196
2017-03-31,3.3883
2017-03-30,3.3503
2017-03-29,3.3577
2017-03-28,3.396
2017-03-27,3.4003
2017-03-24,3.3787
2017-03-23,3.3701
2017-03-22,3.3405
2017-03-21,3.3244
2017-03-20,3.3218
2017-03-17,3.3371
2017-03-16,3.3361
2017-03-15,3.3612
2017-03-14,3.367
2017-03-13,3.3642
2017-03-10,3.3694
2017-03-09,3.3569
2017-03-08,3.3221
2017-03-07,3.2987
2017-03-06,3.2965
2017-03-03,3.3114
2017-03-02,3.2763
2017-03-01,3.2714
2017-02-24,3.2741
2017-02-23,3.2442
2017-02-22,3.251
2017-02-21,3.2621
2017-02-20,3.2829
2017-02-17,3.294
2017-02-16,3.2508
2017-02-15,3.2493
2017-02-14,3.2886
2017-02-13,3.3039
2017-02-10,3.309
2017-02-09,3.3243
2017-02-08,3.3432
2017-02-07,3.3401
2017-02-06,3.3439
2017-02-03,3.3621
2017-02-02,3.3738
2017-02-01,3.383
2017-01-31,3.3743
2017-01-30,3.3373
2017-01-27,3.3808
2017-01-26,3.3979
2017-01-25,3.3979
2017-01-24,3.4045
2017-01-23,3.3894
2017-01-20,3.4009
2017-01-19,3.4005
2017-01-18,3.4408
2017-01-17,3.4386
2017-01-16,3.4181
2017-01-13,3.3959
2017-01-12,3.3732
2017-01-11,3.3688
2017-01-10,3.3808
2017-01-09,3.3785
2017-01-06,3.383
2017-01-05,3.3877
2017-01-04,3.3821
2017-01-03,3.3889
2017-01-02,3.4264
2016-12-30,3.4374
2016-12-29,3.4068
2016-12-28,3.403
2016-12-27,3.4248
2016-12-26,3.4212
2016-12-23,3.4102
2016-12-22,3.4828
2016-12-21,3.4756
2016-12-20,3.4826
2016-12-19,3.5217
2016-12-16,3.5139
2016-12-15,3.5251
2016-12-14,3.5212
2016-12-13,3.5464
2016-12-12,3.5756
2016-12-09,3.5727
2016-12-08,3.6141
2016-12-07,3.6404
2016-12-06,3.6862
2016-12-05,3.7114
2016-12-02,3.6892
2016-12-01,3.638
2016-11-30,3.5988
2016-11-29,3.6094
2016-11-28,3.5975
2016-11-25,3.6353
2016-11-24,3.5928
2016-11-23,3.5793
2016-11-22,3.5542
2016-11-21,3.5592
2016-11-18,3.5939
2016-11-17,3.6388
2016-11-16,3.6576
2016-11-14,3.6899
2016-11-11,3.7378
2016-11-10,3.5981
2016-11-09,3.5316
2016-11-08,3.5373
2016-11-07,3.5377
2016-11-04,3.6057
2016-11-03,3.5803
2016-11-01,3.5367
2016-10-31,3.4798
2016-10-28,3.4751
2016-10-27,3.4308
2016-10-26,3.4075
2016-10-25,3.3863
2016-10-24,3.4072
2016-10-21,3.4332
2016-10-20,3.4516
2016-10-19,3.4862
2016-10-18,3.4962
2016-10-17,3.5121
2016-10-14,3.4986
2016-10-13,3.5405
2016-10-11,3.5539
2016-10-10,3.5835
2016-10-07,3.5839
2016-10-06,3.6042
2016-10-05,3.6216
2016-10-04,3.609
2016-10-03,3.6241
2016-09-30,3.6474
2016-09-29,3.6232
2016-09-28,3.6366
2016-09-27,3.6257
2016-09-26,3.6502
2016-09-23,3.6169
2016-09-22,3.594
2016-09-21,3.6174
2016-09-20,3.634
2016-09-19,3.6467
2016-09-16,3.6822
2016-09-15,3.7468
2016-09-14,3.748
2016-09-13,3.7057
2016-09-12,3.6878
2016-09-09,3.6587
2016-09-08,3.5935
2016-09-06,3.6456
2016-09-05,3.6474
2016-09-02,3.617
2016-09-01,3.6336
2016-08-31,3.6103
2016-08-30,3.6252
2016-08-29,3.6455
2016-08-26,3.6117
2016-08-25,3.6423
2016-08-24,3.6428
2016-08-23,3.6229
2016-08-22,3.6376
2016-08-19,3.6536
2016-08-18,3.6502
2016-08-17,3.6304
2016-08-16,3.579
2016-08-15,3.5456
2016-08-12,3.5293
2016-08-11,3.5014
2016-08-10,3.4951
2016-08-09,3.4984
2016-08-08,3.5177
2016-08-05,3.529
2016-08-04,3.5819
2016-08-03,3.655
2016-08-02,3.6457
2016-08-01,3.6487
2016-07-29,3.6163
2016-07-28,3.6312
2016-07-27,3.6049
2016-07-26,3.6
2016-07-25,3.6022
2016-07-22,3.6021
2016-07-21,3.5883
2016-07-20,3.577
2016-07-19,3.6117
2016-07-18,3.6132
2016-07-15,3.6101
2016-07-14,3.5878
2016-07-13,3.6538
2016-07-12,3.6251
2016-07-11,3.6473
2016-07-08,3.6374
2016-07-07,3.6931
2016-07-06,3.6809
2016-07-05,3.6441
2016-07-04,3.6183
2016-07-01,3.598
2016-06-30,3.5401
2016-06-29,3.6042
2016-06-28,3.6757
2016-06-27,3.7389
2016-06-24,3.7558
2016-06-23,3.8124
2016-06-22,3.823
2016-06-21,3.8161
2016-06-20,3.8278
2016-06-17,3.8675
2016-06-16,3.8929
2016-06-15,3.9059
2016-06-14,3.9027
2016-06-13,3.894
2016-06-10,3.8636
2016-06-09,3.8294
2016-06-08,3.863
2016-06-07,3.9418
2016-06-06,3.984
2016-06-03,4.0097
2016-06-02,4.0108
2016-06-01,4.0321
2016-05-31,4.0018
2016-05-30,4.0083
2016-05-27,4.0281
2016-05-25,3.9922
2016-05-24,3.9541
2016-05-23,3.9897
2016-05-20,3.968
2016-05-19,4.0363
2016-05-18,3.9867
2016-05-17,3.9711
2016-05-16,3.9674
2016-05-13,3.9565
2016-05-12,3.9676
2016-05-11,3.9634
2016-05-10,3.9578
2016-05-09,4.0337
2016-05-06,4.0369
2016-05-05,4.0238
2016-05-04,4.0647
2016-05-03,4.0893
2016-05-02,4.0285
2016-04-29,3.947
2016-04-28,3.9615
2016-04-27,3.9954
2016-04-26,3.9946
2016-04-25,3.9977
2016-04-22,4.0254
2016-04-20,4.0211
2016-04-19,4.0411
2016-04-18,4.064
2016-04-15,3.983
2016-04-14,3.9556
2016-04-13,3.9954
2016-04-12,4.0335
2016-04-11,4.0249
2016-04-08,4.1487
2016-04-07,4.2024
2016-04-06,4.1986
2016-04-05,4.163
2016-04-04,4.0832
2016-04-01,4.0743
2016-03-31,4.0529
2016-03-30,4.0905
2016-03-29,4.1086
2016-03-28,4.0795
2016-03-24,4.1231
2016-03-23,4.0809
2016-03-22,4.0485
2016-03-21,4.078
2016-03-18,4.0806
2016-03-17,4.1227
2016-03-16,4.2158
2016-03-15,4.1233
2016-03-14,4.0239
2016-03-11,4.0457
2016-03-10,4.0899
2016-03-09,4.0753
2016-03-08,4.1803
2016-03-07,4.1415
2016-03-04,4.0926
2016-03-03,4.2078
2016-03-02,4.234
2016-03-01,4.3339
2016-02-29,4.3224
2016-02-26,4.3235
2016-02-25,4.3463
2016-02-24,4.3987
2016-02-23,4.3733
2016-02-22,4.3672
2016-02-19,4.4939
2016-02-18,4.4477
2016-02-17,4.4827
2016-02-16,4.4807
2016-02-15,4.4453
2016-02-12,4.4905
2016-02-11,4.4856
2016-02-10,4.4284
2016-02-05,4.3404
2016-02-04,4.3322
2016-02-03,4.3523
2016-02-02,4.3625
2016-02-01,4.3569
2016-01-29,4.3805
2016-01-28,4.4593
2016-01-27,4.4024
2016-01-26,4.4381
2016-01-25,4.4426
2016-01-22,4.4611
2016-01-21,4.5022
2016-01-20,4.4556
2016-01-19,4.3883
2016-01-18,4.3962
2016-01-15,4.4266
2016-01-14,4.3877
2016-01-13,4.3229
2016-01-12,4.3702
2016-01-11,4.374
2016-01-08,4.3717
2016-01-07,4.3876
2016-01-06,4.3347
2016-01-05,4.3064
2016-01-04,4.3752
2015-12-31,4.2482
2015-12-30,4.2634
2015-12-29,4.2065
2015-12-28,4.302
2015-12-24,4.3241
2015-12-23,4.3216
2015-12-22,4.3609
2015-12-21,4.3397
2015-12-18,4.2309
2015-12-17,4.22
2015-12-16,4.2987
2015-12-15,4.2396
2015-12-14,4.2899
2015-12-11,4.2414
2015-12-10,4.1289
2015-12-09,4.1229
2015-12-08,4.1229
2015-12-07,4.0543
2015-12-04,4.1085
2015-12-03,4.1035
2015-12-02,4.0747
2015-12-01,4.1106
2015-11-30,4.0713
2015-11-27,3.9553
2015-11-26,3.9927
2015-11-25,3.9864
2015-11-24,3.9433
2015-11-23,3.9629
2015-11-20,3.9542
2015-11-19,4.007
2015-11-18,4.0425
2015-11-17,4.0586
2015-11-16,4.1025
2015-11-13,4.0799
2015-11-12,4.0953
2015-11-11,4.01
2015-11-10,4.0572
2015-11-09,4.0687
2015-11-06,4.0842
2015-11-05,4.1172
2015-11-04,4.1037
2015-11-03,4.1703
2015-10-30,4.2641
2015-10-29,4.3112
2015-10-28,4.2953
2015-10-27,4.3187
2015-10-26,4.2575
2015-10-23,4.3001
2015-10-22,4.3919
2015-10-21,4.4712
2015-10-20,4.3833
2015-10-19,4.4115
2015-10-16,4.3651
2015-10-15,4.3762
2015-10-14,4.4026
2015-10-13,4.3521
2015-10-09,4.2467
2015-10-08,4.3444
2015-10-07,4.2794
2015-10-06,4.3435
2015-10-05,4.3819
2015-10-02,4.5099
2015-10-01,4.4559
2015-09-30,4.433
2015-09-29,4.6315
2015-09-28,4.504
2015-09-25,4.4169
2015-09-24,4.7189
2015-09-23,4.5782
2015-09-22,4.499
2015-09-21,4.4605
2015-09-18,4.4309
2015-09-17,4.4013
2015-09-16,4.3359
2015-09-15,4.3452
2015-09-14,4.369
2015-09-11,4.3857
2015-09-10,4.3562
2015-09-09,4.2268
2015-09-08,4.2504
2015-09-04,4.2219
2015-09-03,4.1913
2015-09-02,4.1929
2015-09-01,4.1357
2015-08-31,4.0804
2015-08-28,3.9971
2015-08-27,3.9943
2015-08-26,4.1358
2015-08-25,4.0308
2015-08-24,4.1088
2015-08-21,3.9618
2015-08-20,3.8907
2015-08-19,3.8533
2015-08-18,3.8376
2015-08-17,3.8477
2015-08-14,3.8609
2015-08-13,3.908
2015-08-12,3.8981
2015-08-11,3.8551
2015-08-10,3.8369
2015-08-07,3.8538
2015-08-06,3.8596
2015-08-05,3.7865
2015-08-04,3.7966
2015-08-03,3.7723
2015-07-31,3.7419
2015-07-30,3.6721
2015-07-29,3.6831
2015-07-28,3.7368
2015-07-27,3.7275
