DATA,USD_BRL
2025-07-25,5.5426
2025-07-24,5.5239
2025-07-23,5.5537
2025-07-22,5.5709
2025-07-21,5.5625
2025-07-18,5.5466
2025-07-17,5.5737
2025-07-16,5.5722
2025-07-15,5.5576
2025-07-14,5.5595
2025-07-11,5.5722
2025-07-10,5.5433
2025-07-09,5.4626
2025-07-08,5.4571
2025-07-07,5.4552
2025-07-04,5.409
2025-07-03,5.4208
2025-07-02,5.4512
2025-07-01,5.4511
2025-06-30,5.4571
2025-06-27,5.4759
2025-06-26,5.5145
2025-06-25,5.5427
2025-06-24,5.4938
2025-06-23,5.5213
2025-06-20,5.4957
2025-06-18,5.4879
2025-06-17,5.4773
2025-06-16,5.5123
2025-06-13,5.5652
2025-06-12,5.5388
2025-06-11,5.539
2025-06-10,5.5557
2025-06-09,5.576
2025-06-06,5.5947
2025-06-05,5.5969
2025-06-04,5.6332
2025-06-03,5.6694
2025-06-02,5.6937
2025-05-30,5.7087
2025-05-29,5.6559
2025-05-28,5.6936
2025-05-27,5.6539
2025-05-26,5.6619
2025-05-23,5.6932
2025-05-22,5.639
2025-05-21,5.6571
2025-05-20,5.662
2025-05-19,5.6591
2025-05-16,5.6925
2025-05-15,5.6328
2025-05-14,5.61
2025-05-13,5.6262
2025-05-12,5.6822
2025-05-09,5.6511
2025-05-08,5.686
2025-05-07,5.7375
2025-05-06,5.721
2025-05-05,5.652
2025-05-02,5.6394
2025-04-30,5.6608
2025-04-29,5.6467
2025-04-28,5.6681
2025-04-25,5.6846
2025-04-24,5.6738
2025-04-23,5.688
2025-04-22,5.7496
2025-04-17,5.8559
2025-04-16,5.8808
2025-04-15,5.8707
2025-04-14,5.8425
2025-04-11,5.8737
2025-04-10,5.9115
2025-04-09,6.0605
2025-04-08,5.9368
2025-04-07,5.8877
2025-04-04,5.7777
2025-04-03,5.6067
2025-04-02,5.6923
2025-04-01,5.7051
2025-03-31,5.7422
2025-03-28,5.766
2025-03-27,5.7474
2025-03-26,5.7298
2025-03-25,5.6992
2025-03-24,5.7403
2025-03-21,5.7241
2025-03-20,5.6628
2025-03-19,5.6657
2025-03-18,5.6852
2025-03-17,5.7082
2025-03-14,5.7419
2025-03-13,5.8131
2025-03-12,5.8268
2025-03-11,5.8346
2025-03-10,5.793
2025-03-07,5.7688
2025-03-06,5.7489
2025-03-05,5.7914
2025-02-28,5.8488
2025-02-27,5.8228
2025-02-26,5.7757
2025-02-25,5.7779
2025-02-24,5.7258
2025-02-21,5.7027
2025-02-20,5.7019
2025-02-19,5.7087
2025-02-18,5.6979
2025-02-17,5.7105
2025-02-14,5.7283
2025-02-13,5.7788
2025-02-12,5.7711
2025-02-11,5.7788
2025-02-10,5.7808
2025-02-07,5.7557
2025-02-06,5.7856
2025-02-05,5.7997
2025-02-04,5.7927
2025-02-03,5.8687
2025-01-31,5.8301
2025-01-30,5.9006
2025-01-29,5.8596
2025-01-28,5.893
2025-01-27,5.9272
2025-01-24,5.8925
2025-01-23,5.9399
2025-01-22,5.9674
2025-01-21,6.044
2025-01-20,6.0498
2025-01-17,6.0609
2025-01-16,6.0322
2025-01-15,6.0377
2025-01-14,6.0671
2025-01-13,6.1079
2025-01-10,6.0965
2025-01-09,6.0896
2025-01-08,6.1321
2025-01-07,6.0741
2025-01-06,6.1119
2025-01-03,6.1563
2025-01-02,6.2086
2024-12-31,6.1923
2024-12-30,6.1923
2024-12-27,6.1991
2024-12-26,6.1656
2024-12-24,6.1541
2024-12-23,6.1612
2024-12-20,6.078
2024-12-19,6.1841
2024-12-18,6.1624
2024-12-17,6.1685
2024-12-16,6.0509
2024-12-13,6.04
2024-12-12,5.9408
2024-12-11,6.032
2024-12-10,6.0529
2024-12-09,6.057
2024-12-06,6.0293
2024-12-05,5.9849
2024-12-04,6.0581
2024-12-03,6.0707
2024-12-02,6.0634
2024-11-29,6.0535
2024-11-28,5.9871
2024-11-27,5.8291
2024-11-26,5.799
2024-11-25,5.8002
2024-11-22,5.8124
2024-11-21,5.8173
2024-11-19,5.7743
2024-11-18,5.7603
2024-11-14,5.7885
2024-11-13,5.7713
2024-11-12,5.7694
2024-11-11,5.798
2024-11-08,5.7648
2024-11-07,5.6624
2024-11-06,5.7648
2024-11-05,5.7846
2024-11-04,5.7898
2024-11-01,5.8073
2024-10-31,5.7779
2024-10-30,5.7801
2024-10-29,5.714
2024-10-28,5.6988
2024-10-25,5.6969
2024-10-24,5.7087
2024-10-23,5.7149
2024-10-22,5.6958
2024-10-21,5.7068
2024-10-18,5.6672
2024-10-17,5.6758
2024-10-16,5.6749
2024-10-15,5.6378
2024-10-14,5.6045
2024-10-11,5.6263
2024-10-10,5.5819
2024-10-09,5.5737
2024-10-08,5.5197
2024-10-07,5.4626
2024-10-04,5.4686
2024-10-03,5.485
2024-10-02,5.4305
2024-10-01,5.4521
2024-09-30,5.4481
2024-09-27,5.4431
2024-09-26,5.4412
2024-09-25,5.4736
2024-09-24,5.4702
2024-09-23,5.5446
2024-09-20,5.4775
2024-09-19,5.4189
2024-09-18,5.4767
2024-09-17,5.501
2024-09-16,5.5207
2024-09-13,5.5717
2024-09-12,5.6554
2024-09-11,5.6387
2024-09-10,5.6254
2024-09-09,5.6097
2024-09-06,5.5702
2024-09-05,5.6049
2024-09-04,5.6359
2024-09-03,5.6224
2024-09-02,5.623
2024-08-30,5.6562
2024-08-29,5.6358
2024-08-28,5.5315
2024-08-27,5.4969
2024-08-26,5.4921
2024-08-23,5.5263
2024-08-22,5.5524
2024-08-21,5.4707
2024-08-20,5.4547
2024-08-19,5.4237
2024-08-16,5.4632
2024-08-15,5.4651
2024-08-14,5.4502
2024-08-13,5.4875
2024-08-12,5.4911
2024-08-09,5.5115
2024-08-08,5.6172
2024-08-07,5.6093
2024-08-06,5.6528
2024-08-05,5.7646
2024-08-02,5.7366
2024-08-01,5.6681
2024-07-31,5.6621
2024-07-30,5.6532
2024-07-29,5.6479
2024-07-26,5.6465
2024-07-25,5.6402
2024-07-24,5.6346
2024-07-23,5.5807
2024-07-22,5.5598
2024-07-19,5.5543
2024-07-18,5.5426
2024-07-17,5.467
2024-07-16,5.4274
2024-07-15,5.4563
2024-07-12,5.4529
2024-07-11,5.41
2024-07-10,5.3967
2024-07-09,5.4387
2024-07-08,5.472
2024-07-05,5.497
2024-07-04,5.4839
2024-07-03,5.5863
2024-07-02,5.6677
2024-07-01,5.5893
2024-06-28,5.5589
2024-06-27,5.5229
2024-06-26,5.5097
2024-06-25,5.429
2024-06-24,5.4
2024-06-21,5.4416
2024-06-20,5.4254
2024-06-19,5.4647
2024-06-18,5.4074
2024-06-17,5.413
2024-06-14,5.363
2024-06-13,5.3974
2024-06-12,5.3891
2024-06-11,5.3524
2024-06-10,5.3666
2024-06-07,5.2802
2024-06-06,5.2681
2024-06-05,5.2841
2024-06-04,5.2687
2024-06-03,5.2373
2024-05-31,5.2416
2024-05-29,5.1972
2024-05-28,5.1538
2024-05-27,5.1704
2024-05-24,5.1508
2024-05-23,5.1443
2024-05-22,5.1502
2024-05-21,5.1037
2024-05-20,5.1085
2024-05-17,5.1157
2024-05-16,5.127
2024-05-15,5.1423
2024-05-14,5.1356
2024-05-13,5.1412
2024-05-10,5.1464
2024-05-09,5.1577
2024-05-08,5.0887
2024-05-07,5.061
2024-05-06,5.0727
2024-05-03,5.0668
2024-05-02,5.1184
2024-04-30,5.1718
2024-04-29,5.1155
2024-04-26,5.1184
2024-04-25,5.1679
2024-04-24,5.1592
2024-04-23,5.1626
2024-04-22,5.2043
2024-04-19,5.2269
2024-04-18,5.2512
2024-04-17,5.2469
2024-04-16,5.2635
2024-04-15,5.1746
2024-04-12,5.1364
2024-04-11,5.0765
2024-04-10,5.0654
2024-04-09,5.008
2024-04-08,5.0421
2024-04-05,5.052
2024-04-04,5.0237
2024-04-03,5.0724
2024-04-02,5.0476
2024-04-01,5.0532
2024-03-28,4.9962
2024-03-27,4.9856
2024-03-26,4.987
2024-03-25,4.9869
2024-03-22,4.9897
2024-03-21,4.9807
2024-03-20,5.012
2024-03-19,5.0352
2024-03-18,5.0124
2024-03-15,4.9937
2024-03-14,4.9768
2024-03-13,4.9803
2024-03-12,4.9813
2024-03-11,4.9777
2024-03-08,4.9751
2024-03-07,4.9364
2024-03-06,4.9398
2024-03-05,4.9488
2024-03-04,4.9475
2024-03-01,4.9596
2024-02-29,4.9833
2024-02-28,4.9557
2024-02-27,4.9575
2024-02-26,4.9819
2024-02-23,4.9851
2024-02-22,4.9419
2024-02-21,4.9303
2024-02-20,4.9408
2024-02-19,4.9585
2024-02-16,4.9761
2024-02-15,4.971
2024-02-14,4.9723
2024-02-09,4.9717
2024-02-08,4.9804
2024-02-07,4.9608
2024-02-06,4.9687
2024-02-05,5.0053
2024-02-02,4.9471
2024-02-01,4.935
2024-01-31,4.9535
2024-01-30,4.9638
2024-01-29,4.9225
2024-01-26,4.9125
2024-01-25,4.9232
2024-01-24,4.9192
2024-01-23,4.9715
2024-01-22,4.949
2024-01-19,4.9223
2024-01-18,4.9403
2024-01-17,4.9346
2024-01-16,4.9038
2024-01-15,4.8765
2024-01-12,4.8543
2024-01-11,4.8794
2024-01-10,4.8901
2024-01-09,4.8937
2024-01-08,4.885
2024-01-05,4.8899
2024-01-04,4.9188
2024-01-03,4.9212
2024-01-02,4.8916
2023-12-29,4.8413
2023-12-28,4.8413
2023-12-27,4.8306
2023-12-26,4.8368
2023-12-22,4.8619
2023-12-21,4.8755
2023-12-20,4.8766
2023-12-19,4.8663
2023-12-18,4.9399
2023-12-15,4.9397
2023-12-14,4.8912
2023-12-13,4.958
2023-12-12,4.9476
2023-12-11,4.944
2023-12-08,4.9158
2023-12-07,4.8949
2023-12-06,4.9031
2023-12-05,4.9522
2023-12-04,4.9091
2023-12-01,4.9191
2023-11-30,4.9355
2023-11-29,4.8933
2023-11-28,4.8867
2023-11-27,4.8951
2023-11-24,4.8927
2023-11-23,4.8931
2023-11-22,4.8968
2023-11-21,4.8806
2023-11-20,4.8723
2023-11-17,4.8849
2023-11-16,4.8575
2023-11-14,4.8682
2023-11-13,4.9247
2023-11-10,4.9219
2023-11-09,4.9007
2023-11-08,4.8855
2023-11-07,4.867
2023-11-06,4.8999
2023-11-03,4.891
2023-11-01,5.0194
2023-10-31,5.0575
2023-10-30,5.0074
2023-10-27,4.948
2023-10-26,5.0055
2023-10-25,4.9981
2023-10-24,5.0065
2023-10-23,5.0164
2023-10-20,5.0528
2023-10-19,5.054
2023-10-18,5.0568
2023-10-17,5.0384
2023-10-16,5.0618
2023-10-13,5.0625
2023-10-11,5.0496
2023-10-10,5.0862
2023-10-09,5.1666
2023-10-06,5.1918
2023-10-05,5.1713
2023-10-04,5.1526
2023-10-03,5.11
2023-10-02,5.0679
2023-09-29,5.0076
2023-09-28,5.0475
2023-09-27,5.0289
2023-09-26,4.9717
2023-09-25,4.9606
2023-09-22,4.9131
2023-09-21,4.9229
2023-09-20,4.8487
2023-09-19,4.8575
2023-09-18,4.8535
2023-09-15,4.8689
2023-09-14,4.8751
2023-09-13,4.9171
2023-09-12,4.9505
2023-09-11,4.9366
2023-09-08,4.9835
2023-09-06,4.9762
2023-09-05,4.9705
2023-09-04,4.9176
2023-09-01,4.9318
2023-08-31,4.9219
2023-08-30,4.8653
2023-08-29,4.8706
2023-08-28,4.8938
2023-08-25,4.8772
2023-08-24,4.8748
2023-08-23,4.8977
2023-08-22,4.9431
2023-08-21,4.9847
2023-08-18,4.9724
2023-08-17,4.9816
2023-08-16,4.9772
2023-08-15,4.9812
2023-08-14,4.9481
2023-08-11,4.8918
2023-08-10,4.8518
2023-08-09,4.9015
2023-08-08,4.9217
2023-08-07,4.901
2023-08-04,4.8609
2023-08-03,4.8797
2023-08-02,4.8083
2023-08-01,4.7752
2023-07-31,4.7415
2023-07-28,4.7253
2023-07-27,4.7202
2023-07-26,4.7368
2023-07-25,4.7496
2023-07-24,4.7457
2023-07-21,4.7732
2023-07-20,4.7888
2023-07-19,4.8
2023-07-18,4.804
2023-07-17,4.8302
2023-07-14,4.7957
2023-07-13,4.8038
2023-07-12,4.8058
2023-07-11,4.8949
2023-07-10,4.8735
2023-07-07,4.8799
2023-07-06,4.8977
2023-07-05,4.8577
2023-07-04,4.8056
2023-07-03,4.7876
2023-06-30,4.8192
2023-06-29,4.8584
2023-06-28,4.8563
2023-06-27,4.7903
2023-06-26,4.7698
2023-06-23,4.7799
2023-06-22,4.775
2023-06-21,4.7795
2023-06-20,4.793
2023-06-19,4.7803
2023-06-16,4.8286
2023-06-15,4.8222
2023-06-14,4.8462
2023-06-13,4.8533
2023-06-12,4.8832
2023-06-09,4.8922
2023-06-07,4.9119
2023-06-06,4.9292
2023-06-05,4.9236
2023-06-02,4.9558
2023-06-01,5.035
2023-05-31,5.0959
2023-05-30,5.0593
2023-05-29,4.9954
2023-05-26,5.0114
2023-05-25,4.999
2023-05-24,4.9474
2023-05-23,4.9674
2023-05-22,4.968
2023-05-19,4.9858
2023-05-18,4.9647
2023-05-17,4.9513
2023-05-16,4.9122
2023-05-15,4.9103
2023-05-12,4.9234
2023-05-11,4.9696
2023-05-10,4.9547
2023-05-09,5.0007
2023-05-08,4.9696
2023-05-05,4.9696
2023-05-04,5.0106
2023-05-03,5.0227
2023-05-02,5.0334
2023-04-28,5.0007
2023-04-27,5.015
2023-04-26,5.0585
2023-04-25,5.0613
2023-04-24,5.0595
2023-04-20,5.0497
2023-04-19,5.0467
2023-04-18,4.9678
2023-04-17,4.9421
2023-04-14,4.9455
2023-04-13,4.9097
2023-04-12,4.9496
2023-04-11,5.0128
2023-04-10,5.0834
2023-04-06,5.0683
2023-04-05,5.0447
2023-04-04,5.0762
2023-04-03,5.0637
2023-03-31,5.0804
2023-03-30,5.1254
2023-03-29,5.1493
2023-03-28,5.1733
2023-03-27,5.2306
2023-03-24,5.2921
2023-03-23,5.2632
2023-03-22,5.2648
2023-03-21,5.2444
2023-03-20,5.2467
2023-03-17,5.2679
2023-03-16,5.2892
2023-03-15,5.2981
2023-03-14,5.2362
2023-03-13,5.24
2023-03-10,5.1822
2023-03-09,5.1353
2023-03-08,5.1387
2023-03-07,5.1901
2023-03-06,5.197
2023-03-03,5.2037
2023-03-02,5.208
2023-03-01,5.207
2023-02-28,5.2078
2023-02-27,5.196
2023-02-24,5.1791
2023-02-23,5.133
2023-02-22,5.173
2023-02-17,5.2012
2023-02-16,5.2432
2023-02-15,5.2243
2023-02-14,5.1507
2023-02-13,5.1834
2023-02-10,5.2526
2023-02-09,5.2315
2023-02-08,5.2036
2023-02-07,5.1695
2023-02-06,5.1763
2023-02-03,5.103
2023-02-02,4.9901
2023-02-01,5.0721
2023-01-31,5.0993
2023-01-30,5.0959
2023-01-27,5.0767
2023-01-26,5.0951
2023-01-25,5.1042
2023-01-24,5.1696
2023-01-23,5.1922
2023-01-20,5.1986
2023-01-19,5.2144
2023-01-18,5.0909
2023-01-17,5.1203
2023-01-16,5.1115
2023-01-13,5.1146
2023-01-12,5.14
2023-01-11,5.202
2023-01-10,5.2395
2023-01-09,5.2967
2023-01-06,5.2855
2023-01-05,5.4026
2023-01-04,5.4459
2023-01-03,5.3759
2023-01-02,5.3436
2022-12-30,5.2177
2022-12-29,5.2177
2022-12-28,5.2736
2022-12-27,5.2832
2022-12-26,5.1872
2022-12-23,5.1445
2022-12-22,5.1871
2022-12-21,5.2031
2022-12-20,5.2427
2022-12-19,5.316
2022-12-16,5.2806
2022-12-15,5.3183
2022-12-14,5.3406
2022-12-13,5.2669
2022-12-12,5.3066
2022-12-09,5.2396
2022-12-08,5.2091
2022-12-07,5.2208
2022-12-06,5.2396
2022-12-05,5.2464
2022-12-02,5.1974
2022-12-01,5.1948
2022-11-30,5.2941
2022-11-29,5.3076
2022-11-28,5.3796
2022-11-25,5.3508
2022-11-24,5.3149
2022-11-23,5.393
2022-11-22,5.3339
2022-11-21,5.3259
2022-11-18,5.3477
2022-11-17,5.4655
2022-11-16,5.3204
2022-11-14,5.3013
2022-11-11,5.3051
2022-11-10,5.3064
2022-11-09,5.1629
2022-11-08,5.1744
2022-11-07,5.0886
2022-11-04,5.036
2022-11-03,5.1349
2022-11-01,5.15
2022-10-31,5.257
2022-10-28,5.3454
2022-10-27,5.3003
2022-10-26,5.3248
2022-10-25,5.3091
2022-10-24,5.2744
2022-10-21,5.1919
2022-10-20,5.2176
2022-10-19,5.2808
2022-10-18,5.2697
2022-10-17,5.2713
2022-10-14,5.2824
2022-10-13,5.3017
2022-10-11,5.2068
2022-10-10,5.1941
2022-10-07,5.2221
2022-10-06,5.2009
2022-10-05,5.2144
2022-10-04,5.1411
2022-10-03,5.2002
2022-09-30,5.4066
2022-09-29,5.3916
2022-09-28,5.3594
2022-09-27,5.3508
2022-09-26,5.3548
2022-09-23,5.2257
2022-09-22,5.1677
2022-09-21,5.1692
2022-09-20,5.1705
2022-09-19,5.2367
2022-09-16,5.2882
2022-09-15,5.2211
2022-09-14,5.1774
2022-09-13,5.1794
2022-09-12,5.1183
2022-09-09,5.1633
2022-09-08,5.2155
2022-09-06,5.2228
2022-09-05,5.1686
2022-09-02,5.1878
2022-09-01,5.2007
2022-08-31,5.179
2022-08-30,5.0617
2022-08-29,5.0428
2022-08-26,5.0903
2022-08-25,5.1173
2022-08-24,5.105
2022-08-23,5.103
2022-08-22,5.1709
2022-08-19,5.1961
2022-08-18,5.1773
2022-08-17,5.1784
2022-08-16,5.134
2022-08-15,5.0925
2022-08-12,5.1023
2022-08-11,5.1127
2022-08-10,5.0497
2022-08-09,5.1224
2022-08-08,5.1247
2022-08-05,5.2165
2022-08-04,5.2409
2022-08-03,5.2846
2022-08-02,5.2329
2022-08-01,5.1606
2022-07-29,5.1884
2022-07-28,5.2149
2022-07-27,5.3074
2022-07-26,5.3608
2022-07-25,5.4144
2022-07-22,5.4522
2022-07-21,5.475
2022-07-20,5.4288
2022-07-19,5.3904
2022-07-18,5.3675
2022-07-15,5.4014
2022-07-14,5.4568
2022-07-13,5.3992
2022-07-12,5.412
2022-07-11,5.3477
2022-07-08,5.3086
2022-07-07,5.364
2022-07-06,5.4321
2022-07-05,5.3899
2022-07-04,5.3038
2022-07-01,5.3142
2022-06-30,5.238
2022-06-29,5.2268
2022-06-28,5.2179
2022-06-27,5.2214
2022-06-24,5.2334
2022-06-23,5.1833
2022-06-22,5.1509
2022-06-21,5.1462
2022-06-20,5.1641
2022-06-17,5.1313
2022-06-15,5.1119
2022-06-14,5.1203
2022-06-13,5.1033
2022-06-10,4.9836
2022-06-09,4.8951
2022-06-08,4.8711
2022-06-07,4.8909
2022-06-06,4.7839
2022-06-03,4.7956
2022-06-02,4.7879
2022-06-01,4.7765
2022-05-31,4.7289
2022-05-30,4.7216
2022-05-27,4.7434
2022-05-26,4.7967
2022-05-25,4.8359
2022-05-24,4.8106
2022-05-23,4.7973
2022-05-20,4.8777
2022-05-19,4.9198
2022-05-18,4.9592
2022-05-17,4.9676
2022-05-16,5.0666
2022-05-13,5.1075
2022-05-12,5.1482
2022-05-11,5.1244
2022-05-10,5.139
2022-05-09,5.134
2022-05-06,5.075
2022-05-05,5.0051
2022-05-04,5.0093
2022-05-03,5.0167
2022-05-02,5.0266
2022-04-29,4.9191
2022-04-28,5.011
2022-04-27,5.0167
2022-04-26,4.9666
2022-04-25,4.8818
2022-04-22,4.7326
2022-04-20,4.6397
2022-04-19,4.6664
2022-04-18,4.6746
2022-04-14,4.7158
2022-04-13,4.6811
2022-04-12,4.6483
2022-04-11,4.7025
2022-04-08,4.7513
2022-04-07,4.7422
2022-04-06,4.6967
2022-04-05,4.64
2022-04-04,4.6175
2022-04-01,4.6984
2022-03-31,4.7378
2022-03-30,4.7497
2022-03-29,4.7486
2022-03-28,4.7905
2022-03-25,4.7782
2022-03-24,4.8067
2022-03-23,4.8704
2022-03-22,4.9208
2022-03-21,4.9666
2022-03-18,5.0411
2022-03-17,5.0764
2022-03-16,5.1287
2022-03-15,5.1314
2022-03-14,5.0647
2022-03-11,5.0255
2022-03-10,5.0513
2022-03-09,5.0094
2022-03-08,5.0903
2022-03-07,5.0579
2022-03-04,5.0758
2022-03-03,5.0479
2022-03-02,5.1347
2022-02-25,5.1394
2022-02-24,5.1174
2022-02-23,5.0143
2022-02-22,5.0611
2022-02-21,5.0997
2022-02-18,5.1339
2022-02-17,5.1565
2022-02-16,5.163
2022-02-15,5.1881
2022-02-14,5.2106
2022-02-11,5.1987
2022-02-10,5.2101
2022-02-09,5.2735
2022-02-08,5.2699
2022-02-07,5.2913
2022-02-04,5.3284
2022-02-03,5.3025
2022-02-02,5.2956
2022-02-01,5.281
2022-01-31,5.3574
2022-01-28,5.3954
2022-01-27,5.3812
2022-01-26,5.4324
2022-01-25,5.4971
2022-01-24,5.491
2022-01-21,5.4401
2022-01-20,5.4166
2022-01-19,5.4978
2022-01-18,5.5213
2022-01-17,5.5058
2022-01-14,5.5349
2022-01-13,5.5246
2022-01-12,5.5611
2022-01-11,5.6351
2022-01-10,5.6736
2022-01-07,5.6753
2022-01-06,5.7042
2022-01-05,5.6628
2022-01-04,5.6776
2022-01-03,5.6309
2021-12-31,5.5805
2021-12-30,5.5805
2021-12-29,5.6619
2021-12-28,5.6438
2021-12-27,5.665
2021-12-24,5.6591
2021-12-23,5.691
2021-12-22,5.7201
2021-12-21,5.7372
2021-12-20,5.7055
2021-12-17,5.6959
2021-12-16,5.6963
2021-12-15,5.7127
2021-12-14,5.6461
2021-12-13,5.6357
2021-12-10,5.5931
2021-12-09,5.5564
2021-12-08,5.5779
2021-12-07,5.6411
2021-12-06,5.6877
2021-12-03,5.6432
2021-12-02,5.6345
2021-12-01,5.6168
2021-11-30,5.6199
2021-11-29,5.6118
2021-11-26,5.5865
2021-11-25,5.574
2021-11-24,5.6027
2021-11-23,5.6456
2021-11-22,5.5841
2021-11-19,5.5584
2021-11-18,5.547
2021-11-17,5.4993
2021-11-16,5.4772
2021-11-12,5.4199
2021-11-11,5.4171
2021-11-10,5.459
2021-11-09,5.4957
2021-11-08,5.5627
2021-11-05,5.5455
2021-11-04,5.5942
2021-11-03,5.6672
2021-11-01,5.6694
2021-10-29,5.643
2021-10-28,5.6124
2021-10-27,5.5667
2021-10-26,5.58
2021-10-25,5.5973
2021-10-22,5.7117
2021-10-21,5.6423
2021-10-20,5.5571
2021-10-19,5.5521
2021-10-18,5.5193
2021-10-15,5.451
2021-10-14,5.4988
2021-10-13,5.5471
2021-10-11,5.5161
2021-10-08,5.5084
2021-10-07,5.514
2021-10-06,5.5097
2021-10-05,5.4611
2021-10-04,5.4204
2021-10-01,5.3911
2021-09-30,5.4394
2021-09-29,5.4173
2021-09-28,5.4206
2021-09-27,5.3478
2021-09-24,5.3435
2021-09-23,5.2891
2021-09-22,5.2783
2021-09-21,5.3044
2021-09-20,5.3332
2021-09-17,5.3103
2021-09-16,5.2594
2021-09-15,5.2576
2021-09-14,5.226
2021-09-13,5.219
2021-09-10,5.2158
2021-09-09,5.2825
2021-09-08,5.2524
2021-09-06,5.1773
2021-09-03,5.1685
2021-09-02,5.1735
2021-09-01,5.1576
2021-08-31,5.1433
2021-08-30,5.1952
2021-08-27,5.22
2021-08-26,5.2429
2021-08-25,5.2465
2021-08-24,5.3017
2021-08-23,5.3686
2021-08-20,5.4274
2021-08-19,5.418
2021-08-18,5.3025
2021-08-17,5.2585
2021-08-16,5.2495
2021-08-13,5.2474
2021-08-12,5.2351
2021-08-11,5.2013
2021-08-10,5.2217
2021-08-09,5.2774
2021-08-06,5.241
2021-08-05,5.1464
2021-08-04,5.2091
2021-08-03,5.2464
2021-08-02,5.1379
2021-07-30,5.1216
2021-07-29,5.0682
2021-07-28,5.1527
2021-07-27,5.1669
2021-07-26,5.1863
2021-07-23,5.1701
2021-07-22,5.1978
2021-07-21,5.2516
2021-07-20,5.2465
2021-07-19,5.1978
2021-07-16,5.0941
2021-07-15,5.1
2021-07-14,5.088
2021-07-13,5.177
2021-07-12,5.2239
2021-07-09,5.2393
2021-07-08,5.2587
2021-07-07,5.2328
2021-07-06,5.1645
2021-07-05,5.0749
2021-07-02,5.0293
2021-07-01,5.0055
2021-06-30,5.0022
2021-06-29,4.945
2021-06-28,4.942
2021-06-25,4.9206
2021-06-24,4.9277
2021-06-23,4.9519
2021-06-22,5.0178
2021-06-21,5.0373
2021-06-18,5.0314
2021-06-17,5.0359
2021-06-16,5.0207
2021-06-15,5.0874
2021-06-14,5.0707
2021-06-11,5.119
2021-06-10,5.0635
2021-06-09,5.0533
2021-06-08,5.0489
2021-06-07,5.0498
2021-06-04,5.0666
2021-06-02,5.1147
2021-06-01,5.1636
2021-05-31,5.2322
2021-05-28,5.2281
2021-05-27,5.284
2021-05-26,5.3164
2021-05-25,5.3143
2021-05-24,5.3198
2021-05-21,5.3027
2021-05-20,5.2905
2021-05-19,5.2822
2021-05-18,5.2588
2021-05-17,5.2755
2021-05-14,5.2701
2021-05-13,5.2815
2021-05-12,5.2353
2021-05-11,5.2403
2021-05-10,5.2227
2021-05-07,5.2217
2021-05-06,5.2897
2021-05-05,5.3872
2021-05-04,5.4505
2021-05-03,5.4087
2021-04-30,5.4036
2021-04-29,5.3662
2021-04-28,5.4005
2021-04-27,5.4424
2021-04-26,5.4566
2021-04-23,5.4787
2021-04-22,5.497
2021-04-20,5.5266
2021-04-19,5.575
2021-04-16,5.6328
2021-04-15,5.6234
2021-04-14,5.6936
2021-04-13,5.7064
2021-04-12,5.6582
2021-04-09,5.6445
2021-04-08,5.5817
2021-04-07,5.5864
2021-04-06,5.6263
2021-04-05,5.6579
2021-04-01,5.6849
2021-03-31,5.6973
2021-03-30,5.7642
2021-03-29,5.7925
2021-03-26,5.7042
2021-03-25,5.6585
2021-03-24,5.533
2021-03-23,5.4951
2021-03-22,5.5269
2021-03-19,5.5082
2021-03-18,5.5474
2021-03-17,5.6579
2021-03-16,5.5851
2021-03-15,5.6296
2021-03-12,5.564
2021-03-11,5.589
2021-03-10,5.7449
2021-03-09,5.8397
2021-03-08,5.7343
2021-03-05,5.687
2021-03-04,5.6008
2021-03-03,5.7342
2021-03-02,5.6844
2021-03-01,5.5832
2021-02-26,5.5302
2021-02-25,5.46
2021-02-24,5.4182
2021-02-23,5.449
2021-02-22,5.5044
2021-02-19,5.3924
2021-02-18,5.4238
2021-02-17,5.4138
2021-02-12,5.3815
2021-02-11,5.3626
2021-02-10,5.4024
2021-02-09,5.4216
2021-02-08,5.367
2021-02-05,5.3884
2021-02-04,5.391
2021-02-03,5.3423
2021-02-02,5.3875
2021-02-01,5.4608
2021-01-29,5.4759
2021-01-28,5.4282
2021-01-27,5.3824
2021-01-26,5.3865
2021-01-25,5.5089
2021-01-22,5.4301
2021-01-21,5.3166
2021-01-20,5.3033
2021-01-19,5.2945
2021-01-18,5.2788
2021-01-15,5.2714
2021-01-14,5.2617
2021-01-13,5.307
2021-01-12,5.4637
2021-01-11,5.4966
2021-01-08,5.3683
2021-01-07,5.3433
2021-01-06,5.3182
2021-01-05,5.3269
2021-01-04,5.1626
2020-12-31,5.1967
2020-12-30,5.1967
2020-12-29,5.1942
2020-12-28,5.239
2020-12-24,5.18
2020-12-23,5.174
2020-12-22,5.1473
2020-12-21,5.1572
2020-12-18,5.0986
2020-12-17,5.0612
2020-12-16,5.1057
2020-12-15,5.0968
2020-12-14,5.0578
2020-12-11,5.0691
2020-12-10,5.0852
2020-12-09,5.1109
2020-12-08,5.092
2020-12-07,5.1018
2020-12-04,5.1706
2020-12-03,5.1625
2020-12-02,5.2267
2020-12-01,5.2789
2020-11-30,5.3317
2020-11-27,5.3494
2020-11-26,5.3201
2020-11-25,5.3508
2020-11-24,5.4037
2020-11-23,5.3828
2020-11-20,5.3505
2020-11-19,5.333
2020-11-18,5.2932
2020-11-17,5.3968
2020-11-16,5.4198
2020-11-13,5.4854
2020-11-12,5.4094
2020-11-11,5.402
2020-11-10,5.3696
2020-11-09,5.2821
2020-11-06,5.5313
2020-11-05,5.5624
2020-11-04,5.6932
2020-11-03,5.6895
2020-10-30,5.7718
2020-10-29,5.7803
2020-10-28,5.7325
2020-10-27,5.6491
2020-10-26,5.6328
2020-10-23,5.612
2020-10-22,5.582
2020-10-21,5.6006
2020-10-20,5.583
2020-10-19,5.6023
2020-10-16,5.6226
2020-10-15,5.6172
2020-10-14,5.5675
2020-10-13,5.5859
2020-10-09,5.5393
2020-10-08,5.62
2020-10-07,5.6018
2020-10-06,5.5205
2020-10-05,5.6299
2020-10-02,5.6464
2020-10-01,5.6441
2020-09-30,5.6407
2020-09-29,5.6528
2020-09-28,5.5858
2020-09-25,5.5667
2020-09-24,5.5714
2020-09-23,5.5311
2020-09-22,5.4329
2020-09-21,5.444
2020-09-18,5.2889
2020-09-17,5.2593
2020-09-16,5.2532
2020-09-15,5.2728
2020-09-14,5.2984
2020-09-11,5.2854
2020-09-10,5.2936
2020-09-09,5.3024
2020-09-08,5.3698
2020-09-04,5.2848
2020-09-03,5.3079
2020-09-02,5.3741
2020-09-01,5.3732
2020-08-31,5.4713
2020-08-28,5.4679
2020-08-27,5.5956
2020-08-26,5.568
2020-08-25,5.5997
2020-08-24,5.5954
2020-08-21,5.6064
2020-08-20,5.651
2020-08-19,5.4906
2020-08-18,5.4659
2020-08-17,5.4497
2020-08-14,5.3852
2020-08-13,5.3801
2020-08-12,5.4551
2020-08-11,5.4285
2020-08-10,5.3933
2020-08-07,5.4227
2020-08-06,5.3431
2020-08-05,5.276
2020-08-04,5.3329
2020-08-03,5.3075
2020-07-31,5.2033
2020-07-30,5.1837
2020-07-29,5.1395
2020-07-28,5.1777
2020-07-27,5.1889
2020-07-24,5.2146
2020-07-23,5.1647
2020-07-22,5.1111
2020-07-21,5.2283
2020-07-20,5.3635
2020-07-17,5.351
2020-07-16,5.356
2020-07-15,5.3491
2020-07-14,5.4288
2020-07-13,5.3486
2020-07-10,5.344
2020-07-09,5.2978
2020-07-08,5.3482
2020-07-07,5.3318
2020-07-06,5.3085
2020-07-03,5.3374
2020-07-02,5.3028
2020-07-01,5.3651
2020-06-30,5.476
2020-06-29,5.4416
2020-06-26,5.4629
2020-06-25,5.3287
2020-06-24,5.2435
2020-06-23,5.1705
2020-06-22,5.2226
2020-06-19,5.3466
2020-06-18,5.3468
2020-06-17,5.2499
2020-06-16,5.1285
2020-06-15,5.1883
2020-06-12,5.0373
2020-06-10,4.8894
2020-06-09,4.9057
2020-06-08,4.9331
2020-06-05,4.9775
2020-06-04,5.1041
2020-06-03,5.0516
2020-06-02,5.2601
2020-06-01,5.3639
2020-05-29,5.4263
2020-05-28,5.3405
2020-05-27,5.2992
2020-05-26,5.3707
2020-05-25,5.4772
2020-05-22,5.5808
2020-05-21,5.6019
2020-05-20,5.6968
2020-05-19,5.7216
2020-05-18,5.7375
2020-05-15,5.8229
2020-05-14,5.9372
2020-05-13,5.9022
2020-05-12,5.7723
2020-05-11,5.7954
2020-05-08,5.7653
2020-05-07,5.8365
2020-05-06,5.6676
2020-05-05,5.5354
2020-05-04,5.5816
2020-04-30,5.427
2020-04-29,5.4291
2020-04-28,5.5683
2020-04-27,5.6358
2020-04-24,5.651
2020-04-23,5.4467
2020-04-22,5.3847
2020-04-20,5.2837
2020-04-17,5.2573
2020-04-16,5.2377
2020-04-15,5.2579
2020-04-14,5.1858
2020-04-13,5.1824
2020-04-09,5.0779
2020-04-08,5.2123
2020-04-07,5.2217
2020-04-06,5.2471
2020-04-03,5.2997
2020-04-02,5.2651
2020-04-01,5.2404
2020-03-31,5.1987
2020-03-30,5.1594
2020-03-27,5.1109
2020-03-26,5.001
2020-03-25,5.0706
2020-03-24,5.0713
2020-03-23,5.0805
2020-03-20,5.0248
2020-03-19,5.1444
2020-03-18,5.1107
2020-03-17,5.0496
2020-03-16,4.9471
2020-03-13,4.7362
2020-03-12,4.8833
2020-03-11,4.6738
2020-03-10,4.6693
2020-03-09,4.7379
2020-03-06,4.6459
2020-03-05,4.6207
2020-03-04,4.5258
2020-03-03,4.4883
2020-03-02,4.4946
2020-02-28,4.4987
2020-02-27,4.4764
2020-02-26,4.4359
2020-02-21,4.3924
2020-02-20,4.3873
2020-02-19,4.3728
2020-02-18,4.3471
2020-02-17,4.3157
2020-02-14,4.3163
2020-02-13,4.3389
2020-02-12,4.3366
2020-02-11,4.3148
2020-02-10,4.3195
2020-02-07,4.3076
2020-02-06,4.2477
2020-02-05,4.2449
2020-02-04,4.2381
2020-02-03,4.2475
2020-01-31,4.2695
2020-01-30,4.2523
2020-01-29,4.2013
2020-01-28,4.2064
2020-01-27,4.2196
2020-01-24,4.1769
2020-01-23,4.1662
2020-01-22,4.1889
2020-01-21,4.2014
2020-01-20,4.1829
2020-01-17,4.1837
2020-01-16,4.1726
2020-01-15,4.1622
2020-01-14,4.1443
2020-01-13,4.1309
2020-01-10,4.0745
2020-01-09,4.0744
2020-01-08,4.0672
2020-01-07,4.0841
2020-01-06,4.0554
2020-01-03,4.0522
2020-01-02,4.0213
2019-12-31,4.0307
2019-12-30,4.0307
2019-12-27,4.0545
2019-12-26,4.0601
2019-12-24,4.0813
2019-12-23,4.0757
2019-12-20,4.0777
2019-12-19,4.0633
2019-12-18,4.0548
2019-12-17,4.0687
2019-12-16,4.0801
2019-12-13,4.0949
2019-12-12,4.1092
2019-12-11,4.1153
2019-12-10,4.1427
2019-12-09,4.1503
2019-12-06,4.1783
2019-12-05,4.2136
2019-12-04,4.1926
2019-12-03,4.2008
2019-12-02,4.2261
2019-11-29,4.224
2019-11-28,4.248
2019-11-27,4.2602
2019-11-26,4.2559
2019-11-25,4.2089
2019-11-22,4.1832
2019-11-21,4.2012
2019-11-20,4.2037
2019-11-19,4.2084
2019-11-18,4.1827
2019-11-14,4.1831
2019-11-13,4.1767
2019-11-12,4.1756
2019-11-11,4.1559
2019-11-08,4.1365
2019-11-07,4.0927
2019-11-06,4.0351
2019-11-05,4.0043
2019-11-04,3.9922
2019-11-01,3.9786
2019-10-31,4.0041
2019-10-30,4.0186
2019-10-29,3.9946
2019-10-28,3.9793
2019-10-25,4.0133
2019-10-24,4.0089
2019-10-23,4.0721
2019-10-22,4.0858
2019-10-21,4.1319
2019-10-18,4.1376
2019-10-17,4.1457
2019-10-16,4.1714
2019-10-15,4.1488
2019-10-14,4.1263
2019-10-11,4.106
2019-10-10,4.1145
2019-10-09,4.0954
2019-10-08,4.0868
2019-10-07,4.0688
2019-10-04,4.061
2019-10-03,4.1012
2019-10-02,4.1546
2019-10-01,4.174
2019-09-30,4.1644
2019-09-27,4.1587
2019-09-26,4.1469
2019-09-25,4.1827
2019-09-24,4.1721
2019-09-23,4.1734
2019-09-20,4.1687
2019-09-19,4.1393
2019-09-18,4.0972
2019-09-17,4.0998
2019-09-16,4.0872
2019-09-13,4.0616
2019-09-12,4.0494
2019-09-11,4.0631
2019-09-10,4.1108
2019-09-09,4.0766
2019-09-06,4.065
2019-09-05,4.0859
2019-09-04,4.1249
2019-09-03,4.1657
2019-09-02,4.1581
2019-08-30,4.1385
2019-08-29,4.168
2019-08-28,4.1559
2019-08-27,4.1557
2019-08-26,4.1367
2019-08-23,4.0851
2019-08-22,4.0444
2019-08-21,4.0254
2019-08-20,4.0425
2019-08-19,4.0274
2019-08-16,3.9933
2019-08-15,4.0188
2019-08-14,4.0074
2019-08-13,3.9736
2019-08-12,3.9966
2019-08-09,3.9362
2019-08-08,3.9409
2019-08-07,3.985
2019-08-06,3.9643
2019-08-05,3.9404
2019-08-02,3.8739
2019-08-01,3.8296
2019-07-31,3.7649
2019-07-30,3.79
2019-07-29,3.7909
2019-07-26,3.7741
2019-07-25,3.7849
2019-07-24,3.7596
2019-07-23,3.7621
2019-07-22,3.74
2019-07-19,3.7408
2019-07-18,3.7489
2019-07-17,3.7618
2019-07-16,3.7624
2019-07-15,3.7463
2019-07-12,3.7452
2019-07-11,3.7533
2019-07-10,3.7697
2019-07-09,3.7858
2019-07-08,3.8065
2019-07-05,3.8204
2019-07-04,3.794
2019-07-03,3.8475
2019-07-02,3.8564
2019-07-01,3.8193
2019-06-28,3.8322
2019-06-27,3.8642
2019-06-26,3.8441
2019-06-25,3.8303
2019-06-24,3.8234
2019-06-21,3.8255
2019-06-19,3.8723
2019-06-18,3.8608
2019-06-17,3.8895
2019-06-14,3.8813
2019-06-13,3.8429
2019-06-12,3.8437
2019-06-11,3.8664
2019-06-10,3.879
2019-06-07,3.8571
2019-06-06,3.8726
2019-06-05,3.8611
2019-06-04,3.871
2019-06-03,3.9003
2019-05-31,3.9407
2019-05-30,3.972
2019-05-29,3.9965
2019-05-28,4.0275
2019-05-27,4.021
2019-05-24,4.0322
2019-05-23,4.0513
2019-05-22,4.0228
2019-05-21,4.081
2019-05-20,4.1056
2019-05-17,4.0844
2019-05-16,4.0138
2019-05-15,4.0031
2019-05-14,3.9788
2019-05-13,3.989
2019-05-10,3.9578
2019-05-09,3.9673
2019-05-08,3.9344
2019-05-07,3.988
2019-05-06,3.9624
2019-05-03,3.9388
2019-05-02,3.965
2019-04-30,3.9453
2019-04-29,3.9364
2019-04-26,3.9353
2019-04-25,3.9725
2019-04-24,3.963
2019-04-23,3.9436
2019-04-22,3.923
2019-04-18,3.937
2019-04-17,3.9225
2019-04-16,3.8913
2019-04-15,3.873
2019-04-12,3.8685
2019-04-11,3.8399
2019-04-10,3.8345
2019-04-09,3.8563
2019-04-08,3.8658
2019-04-05,3.8622
2019-04-04,3.8713
2019-04-03,3.8436
2019-04-02,3.8661
2019-04-01,3.8682
2019-03-29,3.8967
2019-03-28,3.9682
2019-03-27,3.9389
2019-03-26,3.8646
2019-03-25,3.877
2019-03-22,3.8815
2019-03-21,3.7967
2019-03-20,3.7897
2019-03-19,3.7762
2019-03-18,3.8111
2019-03-15,3.8344
2019-03-14,3.8327
2019-03-13,3.8265
2019-03-12,3.8129
2019-03-11,3.8461
2019-03-08,3.8678
2019-03-07,3.8487
2019-03-06,3.8303
2019-03-01,3.7832
2019-02-28,3.7385
2019-02-27,3.7351
2019-02-26,3.7595
2019-02-25,3.7285
2019-02-22,3.743
2019-02-21,3.7595
2019-02-20,3.71
2019-02-19,3.7206
2019-02-18,3.7316
2019-02-15,3.7155
2019-02-14,3.7756
2019-02-13,3.7277
2019-02-12,3.7296
2019-02-11,3.7391
2019-02-08,3.7184
2019-02-07,3.7193
2019-02-06,3.7019
2019-02-05,3.6741
2019-02-04,3.6756
2019-02-01,3.6694
2019-01-31,3.6519
2019-01-30,3.7151
2019-01-29,3.737
2019-01-28,3.7676
2019-01-25,3.7626
2019-01-24,3.7815
2019-01-23,3.7994
2019-01-22,3.7615
2019-01-21,3.7705
2019-01-18,3.7486
2019-01-17,3.7591
2019-01-16,3.7197
2019-01-15,3.7049
2019-01-14,3.726
2019-01-11,3.7141
2019-01-10,3.6869
2019-01-09,3.6931
2019-01-08,3.7208
2019-01-07,3.7062
2019-01-04,3.7627
2019-01-03,3.7683
2019-01-02,3.8595
2018-12-31,3.8748
2018-12-28,3.8748
2018-12-27,3.933
2018-12-26,3.9258
2018-12-24,3.8855
2018-12-21,3.8671
2018-12-20,3.8443
2018-12-19,3.8907
2018-12-18,3.8997
2018-12-17,3.9121
2018-12-14,3.909
2018-12-13,3.879
2018-12-12,3.8629
2018-12-11,3.9013
2018-12-10,3.911
2018-12-07,3.8964
2018-12-06,3.9178
2018-12-05,3.8561
2018-12-04,3.8313
2018-12-03,3.8285
2018-11-30,3.8633
2018-11-29,3.8568
2018-11-28,3.8631
2018-11-27,3.8925
2018-11-26,3.8655
2018-11-23,3.8081
2018-11-22,3.8103
2018-11-21,3.7872
2018-11-20,3.7591
2018-11-19,3.7553
2018-11-16,3.7525
2018-11-14,3.7924
2018-11-13,3.7792
2018-11-12,3.7478
2018-11-09,3.7506
2018-11-08,3.7391
2018-11-07,3.7592
2018-11-06,3.7492
2018-11-05,3.7048
2018-11-01,3.6973
2018-10-31,3.7177
2018-10-30,3.7019
2018-10-29,3.6368
2018-10-26,3.6753
2018-10-25,3.7014
2018-10-24,3.706
2018-10-23,3.708
2018-10-22,3.6903
2018-10-19,3.7079
2018-10-18,3.6963
2018-10-17,3.7008
2018-10-16,3.7079
2018-10-15,3.7332
2018-10-11,3.746
2018-10-10,3.751
2018-10-09,3.7391
2018-10-08,3.7588
2018-10-05,3.8699
2018-10-04,3.9047
2018-10-03,3.8542
2018-10-02,3.9505
2018-10-01,4.0273
2018-09-28,4.0039
2018-09-27,4.0092
2018-09-26,4.057
2018-09-25,4.1286
2018-09-24,4.0594
2018-09-21,4.0728
2018-09-20,4.0997
2018-09-19,4.1351
2018-09-18,4.1369
2018-09-17,4.1695
2018-09-14,4.1879
2018-09-13,4.1637
2018-09-12,4.1259
2018-09-11,4.1641
2018-09-10,4.1007
2018-09-06,4.146
2018-09-05,4.1609
2018-09-04,4.1652
2018-09-03,4.1279
2018-08-31,4.1353
2018-08-30,4.1812
2018-08-29,4.1353
2018-08-28,4.1192
2018-08-27,4.0687
2018-08-24,4.0854
2018-08-23,4.0727
2018-08-22,4.074
2018-08-21,3.9873
2018-08-20,3.943
2018-08-17,3.9389
2018-08-16,3.881
2018-08-15,3.9134
2018-08-14,3.8812
2018-08-13,3.8988
2018-08-10,3.8472
2018-08-09,3.803
2018-08-08,3.7519
2018-08-07,3.7118
2018-08-06,3.7214
2018-08-03,3.7201
2018-08-02,3.7645
2018-08-01,3.7491
2018-07-31,3.7549
2018-07-30,3.7155
2018-07-27,3.7164
2018-07-26,3.7243
2018-07-25,3.712
2018-07-24,3.7459
2018-07-23,3.7915
2018-07-20,3.7793
2018-07-19,3.8847
2018-07-18,3.8474
2018-07-17,3.8671
2018-07-16,3.8579
2018-07-13,3.8745
2018-07-12,3.8564
2018-07-11,3.8417
2018-07-10,3.8452
2018-07-09,3.8692
2018-07-06,3.9264
2018-07-05,3.9192
2018-07-04,3.9058
2018-07-03,3.892
2018-07-02,3.9055
2018-06-29,3.8558
2018-06-28,3.8521
2018-06-27,3.8358
2018-06-26,3.7721
2018-06-25,3.776
2018-06-22,3.7663
2018-06-21,3.7894
2018-06-20,3.7335
2018-06-19,3.7566
2018-06-18,3.7543
2018-06-15,3.7738
2018-06-14,3.7057
2018-06-13,3.7054
2018-06-12,3.7044
2018-06-11,3.6913
2018-06-08,3.7859
2018-06-07,3.9
2018-06-06,3.8193
2018-06-05,3.7752
2018-06-04,3.7424
2018-06-01,3.7413
2018-05-30,3.737
2018-05-29,3.7289
2018-05-28,3.7092
2018-05-25,3.6587
2018-05-24,3.6436
2018-05-23,3.6507
2018-05-22,3.6502
2018-05-21,3.7072
2018-05-18,3.7503
2018-05-17,3.6874
2018-05-16,3.6803
2018-05-15,3.6753
2018-05-14,3.6097
2018-05-11,3.5716
2018-05-10,3.5566
2018-05-09,3.5943
2018-05-08,3.5788
2018-05-07,3.5458
2018-05-04,3.5308
2018-05-03,3.5484
2018-05-02,3.5424
2018-04-30,3.4811
2018-04-27,3.4676
2018-04-26,3.4977
2018-04-25,3.504
2018-04-24,3.4667
2018-04-23,3.4421
2018-04-20,3.4101
2018-04-19,3.3977
2018-04-18,3.3844
2018-04-17,3.4041
2018-04-16,3.4263
2018-04-13,3.4105
2018-04-12,3.3858
2018-04-11,3.4052
2018-04-10,3.4195
2018-04-09,3.3903
2018-04-06,3.3666
2018-04-05,3.3196
2018-04-04,3.3538
2018-04-03,3.3139
2018-04-02,3.3104
2018-03-29,3.3238
2018-03-28,3.338
2018-03-27,3.3256
2018-03-26,3.3034
2018-03-23,3.3041
2018-03-22,3.3033
2018-03-21,3.2921
2018-03-20,3.2981
2018-03-19,3.2911
2018-03-16,3.2905
2018-03-15,3.2859
2018-03-14,3.2584
2018-03-13,3.2492
2018-03-12,3.2606
2018-03-09,3.2496
2018-03-08,3.2518
2018-03-07,3.2318
2018-03-06,3.2246
2018-03-05,3.2582
2018-03-02,3.2614
2018-03-01,3.262
2018-02-28,3.2449
2018-02-27,3.2383
2018-02-26,3.2351
2018-02-23,3.2417
2018-02-22,3.2598
2018-02-21,3.2555
2018-02-20,3.2507
2018-02-19,3.2347
2018-02-16,3.2381
2018-02-15,3.2208
2018-02-14,3.2536
2018-02-09,3.2821
2018-02-08,3.2692
2018-02-07,3.2467
2018-02-06,3.2613
2018-02-05,3.2355
2018-02-02,3.206
2018-02-01,3.173
2018-01-31,3.1624
2018-01-30,3.1661
2018-01-29,3.1655
2018-01-26,3.145
2018-01-25,3.1391
2018-01-24,3.197
2018-01-23,3.2249
2018-01-22,3.1934
2018-01-19,3.2087
2018-01-18,3.2129
2018-01-17,3.2324
2018-01-16,3.2219
2018-01-15,3.1963
2018-01-12,3.2197
2018-01-11,3.2301
2018-01-10,3.2467
2018-01-09,3.2397
2018-01-08,3.2357
2018-01-05,3.2409
2018-01-04,3.2318
2018-01-03,3.2535
2018-01-02,3.2697
2017-12-29,3.308
2017-12-28,3.308
2017-12-27,3.3031
2017-12-26,3.32
2017-12-22,3.3209
2017-12-21,3.3045
2017-12-20,3.2909
2017-12-19,3.2883
2017-12-18,3.2881
2017-12-15,3.3182
2017-12-14,3.3332
2017-12-13,3.3036
2017-12-12,3.3149
2017-12-11,3.2845
2017-12-08,3.2811
2017-12-07,3.2892
2017-12-06,3.2354
2017-12-05,3.2322
2017-12-04,3.2506
2017-12-01,3.2636
2017-11-30,3.2616
2017-11-29,3.2136
2017-11-28,3.2232
2017-11-27,3.2218
2017-11-24,3.23
2017-11-23,3.2371
2017-11-22,3.2561
2017-11-21,3.2591
2017-11-20,3.2623
2017-11-17,3.2788
2017-11-16,3.2808
2017-11-14,3.2834
2017-11-13,3.2873
2017-11-10,3.2661
2017-11-09,3.2515
2017-11-08,3.2509
2017-11-07,3.2733
2017-11-06,3.2851
2017-11-03,3.292
2017-11-01,3.2736
2017-10-31,3.2769
2017-10-30,3.2547
2017-10-27,3.2801
2017-10-26,3.2444
2017-10-25,3.2387
2017-10-24,3.247
2017-10-23,3.2003
2017-10-20,3.1833
2017-10-19,3.1732
2017-10-18,3.1673
2017-10-17,3.1769
2017-10-16,3.1607
2017-10-13,3.1572
2017-10-11,3.1639
2017-10-10,3.1688
2017-10-09,3.177
2017-10-06,3.1648
2017-10-05,3.1347
2017-10-04,3.1315
2017-10-03,3.1502
2017-10-02,3.1642
2017-09-29,3.168
2017-09-28,3.1871
2017-09-27,3.1932
2017-09-26,3.1674
2017-09-25,3.1412
2017-09-22,3.1285
2017-09-21,3.1347
2017-09-20,3.1281
2017-09-19,3.1323
2017-09-18,3.1239
2017-09-15,3.1255
2017-09-14,3.1354
2017-09-13,3.1343
2017-09-12,3.1144
2017-09-11,3.0852
2017-09-08,3.0908
2017-09-06,3.1133
2017-09-05,3.1203
2017-09-04,3.1389
2017-09-01,3.1333
2017-08-31,3.1471
2017-08-30,3.1638
2017-08-29,3.1695
2017-08-28,3.1563
2017-08-25,3.1462
2017-08-24,3.1404
2017-08-23,3.1569
2017-08-22,3.1539
2017-08-21,3.1443
2017-08-18,3.1654
2017-08-17,3.1603
2017-08-16,3.167
2017-08-15,3.1976
2017-08-14,3.1888
2017-08-11,3.1695
2017-08-10,3.1543
2017-08-09,3.1464
2017-08-08,3.132
2017-08-07,3.1267
2017-08-04,3.1224
2017-08-03,3.1194
2017-08-02,3.1268
2017-08-01,3.1161
2017-07-31,3.1307
2017-07-28,3.1457
2017-07-27,3.1513
2017-07-26,3.1657
2017-07-25,3.1556
2017-07-24,3.1459
2017-07-21,3.1256
2017-07-20,3.1402
2017-07-19,3.1533
2017-07-18,3.1668
2017-07-17,3.1821
2017-07-14,3.1899
2017-07-13,3.2108
2017-07-12,3.2264
2017-07-11,3.2522
2017-07-10,3.265
2017-07-07,3.2895
2017-07-06,3.3064
2017-07-05,3.3193
2017-07-04,3.305
2017-07-03,3.3015
2017-06-30,3.3082
2017-06-29,3.2952
2017-06-28,3.303
2017-06-27,3.3172
2017-06-26,3.3128
2017-06-23,3.3342
2017-06-22,3.3362
2017-06-21,3.3247
2017-06-20,3.3145
2017-06-19,3.2975
2017-06-16,3.2892
2017-06-14,3.2836
2017-06-13,3.3208
2017-06-12,3.2986
2017-06-09,3.274
2017-06-08,3.2838
2017-06-07,3.2747
2017-06-06,3.2817
2017-06-05,3.282
2017-06-02,3.2401
2017-06-01,3.2307
2017-05-31,3.2437
2017-05-30,3.2659
2017-05-29,3.2709
2017-05-26,3.2614
2017-05-25,3.2824
2017-05-24,3.2629
2017-05-23,3.2654
2017-05-22,3.2863
2017-05-19,3.2878
2017-05-18,3.3807
2017-05-17,3.1076
2017-05-16,3.0924
2017-05-15,3.1011
2017-05-12,3.129
2017-05-11,3.1559
2017-05-10,3.1606
2017-05-09,3.1857
2017-05-08,3.1938
2017-05-05,3.1764
2017-05-04,3.178
2017-05-03,3.1489
2017-05-02,3.1724
2017-04-28,3.1984
2017-04-27,3.1763
2017-04-26,3.1847
2017-04-25,3.1577
2017-04-24,3.1251
2017-04-20,3.1453
2017-04-19,3.1294
2017-04-18,3.0958
2017-04-17,3.1036
2017-04-13,3.1269
2017-04-12,3.1463
2017-04-11,3.1424
2017-04-10,3.1409
2017-04-07,3.1302
2017-04-06,3.116
2017-04-05,3.0923
2017-04-04,3.1231
2017-04-03,3.1167
2017-03-31,3.1684
2017-03-30,3.1247
2017-03-29,3.1229
2017-03-28,3.1303
2017-03-27,3.1256
2017-03-24,3.1282
2017-03-23,3.1248
2017-03-22,3.0939
2017-03-21,3.0765
2017-03-20,3.0898
2017-03-17,3.1075
2017-03-16,3.108
2017-03-15,3.1629
2017-03-14,3.1639
2017-03-13,3.1541
2017-03-10,3.1623
2017-03-09,3.1735
2017-03-08,3.1477
2017-03-07,3.1185
2017-03-06,3.1111
2017-03-03,3.1364
2017-03-02,3.1138
2017-03-01,3.0976
2017-02-24,3.0993
2017-02-23,3.0638
2017-02-22,3.0824
2017-02-21,3.097
2017-02-20,3.0918
2017-02-17,3.095
2017-02-16,3.051
2017-02-15,3.0779
2017-02-14,3.1004
2017-02-13,3.1175
2017-02-10,3.1155
2017-02-09,3.1185
2017-02-08,3.1255
2017-02-07,3.1304
2017-02-06,3.1179
2017-02-03,3.1241
2017-02-02,3.1196
2017-02-01,3.1479
2017-01-31,3.127
2017-01-30,3.1316
2017-01-27,3.1596
2017-01-26,3.1804
2017-01-25,3.169
2017-01-24,3.1649
2017-01-23,3.1609
2017-01-20,3.1918
2017-01-19,3.2113
2017-01-18,3.2211
2017-01-17,3.21
2017-01-16,3.2234
2017-01-13,3.2034
2017-01-12,3.1661
2017-01-11,3.2154
2017-01-10,3.1918
2017-01-09,3.2097
2017-01-06,3.2057
2017-01-05,3.2129
2017-01-04,3.2333
2017-01-03,3.2632
2017-01-02,3.2729
2016-12-30,3.2591
2016-12-29,3.2591
2016-12-28,3.2774
2016-12-27,3.2776
2016-12-26,3.2701
2016-12-23,3.2696
2016-12-22,3.3302
2016-12-21,3.3297
2016-12-20,3.3586
2016-12-19,3.3778
2016-12-16,3.3712
2016-12-15,3.383
2016-12-14,3.3103
2016-12-13,3.334
2016-12-12,3.3697
2016-12-09,3.3858
2016-12-08,3.4008
2016-12-07,3.3895
2016-12-06,3.4354
2016-12-05,3.4598
2016-12-02,3.465
2016-12-01,3.4362
2016-11-30,3.3967
2016-11-29,3.406
2016-11-28,3.3996
2016-11-25,3.4279
2016-11-24,3.3987
2016-11-23,3.3927
2016-11-22,3.3476
2016-11-21,3.3517
2016-11-18,3.3917
2016-11-17,3.4052
2016-11-16,3.4183
2016-11-14,3.4446
2016-11-11,3.4377
2016-11-10,3.3104
2016-11-09,3.2258
2016-11-08,3.2024
2016-11-07,3.2024
2016-11-04,3.2449
2016-11-03,3.231
2016-11-01,3.2053
2016-10-31,3.1811
2016-10-28,3.1815
2016-10-27,3.1429
2016-10-26,3.1219
2016-10-25,3.1193
2016-10-24,3.1311
2016-10-21,3.1593
2016-10-20,3.1605
2016-10-19,3.18
2016-10-18,3.1874
2016-10-17,3.1963
2016-10-14,3.1864
2016-10-13,3.2087
2016-10-11,3.2136
2016-10-10,3.2125
2016-10-07,3.2134
2016-10-06,3.231
2016-10-05,3.2359
2016-10-04,3.2203
2016-10-03,3.2338
2016-09-30,3.2462
2016-09-29,3.2235
2016-09-28,3.2476
2016-09-27,3.2358
2016-09-26,3.24
2016-09-23,3.2242
2016-09-22,3.2015
2016-09-21,3.2408
2016-09-20,3.254
2016-09-19,3.2636
2016-09-16,3.3004
2016-09-15,3.3326
2016-09-14,3.3262
2016-09-13,3.2972
2016-09-12,3.2854
2016-09-09,3.2638
2016-09-08,3.1934
2016-09-06,3.2452
2016-09-05,3.2721
2016-09-02,3.2431
2016-09-01,3.2472
2016-08-31,3.2403
2016-08-30,3.2525
2016-08-29,3.2613
2016-08-26,3.2153
2016-08-25,3.2319
2016-08-24,3.2372
2016-08-23,3.2054
2016-08-22,3.2163
2016-08-19,3.2267
2016-08-18,3.2215
2016-08-17,3.2248
2016-08-16,3.1749
2016-08-15,3.1672
2016-08-12,3.1602
2016-08-11,3.1364
2016-08-10,3.1302
2016-08-09,3.1503
2016-08-08,3.1771
2016-08-05,3.1859
2016-08-04,3.2183
2016-08-03,3.2733
2016-08-02,3.249
2016-08-01,3.2662
2016-07-29,3.239
2016-07-28,3.274
2016-07-27,3.282
2016-07-26,3.279
2016-07-25,3.2819
2016-07-22,3.2854
2016-07-21,3.2585
2016-07-20,3.2512
2016-07-19,3.2801
2016-07-18,3.2634
2016-07-15,3.2656
2016-07-14,3.2311
2016-07-13,3.2896
2016-07-12,3.275
2016-07-11,3.3031
2016-07-08,3.2968
2016-07-07,3.3388
2016-07-06,3.3242
2016-07-05,3.2904
2016-07-04,3.248
2016-07-01,3.2298
2016-06-30,3.2098
2016-06-29,3.2435
2016-06-28,3.3267
2016-06-27,3.3934
2016-06-24,3.3772
2016-06-23,3.3533
2016-06-22,3.3883
2016-06-21,3.3897
2016-06-20,3.3835
2016-06-17,3.4372
2016-06-16,3.4904
2016-06-15,3.4768
2016-06-14,3.4839
2016-06-13,3.4533
2016-06-10,3.4261
2016-06-09,3.3817
2016-06-08,3.3898
2016-06-07,3.4745
2016-06-06,3.5098
2016-06-03,3.5409
2016-06-02,3.5961
2016-06-01,3.6126
2016-05-31,3.5951
2016-05-30,3.5997
2016-05-27,3.6168
2016-05-25,3.5804
2016-05-24,3.5491
2016-05-23,3.566
2016-05-20,3.5419
2016-05-19,3.6003
2016-05-18,3.5368
2016-05-17,3.5037
2016-05-16,3.5035
2016-05-13,3.5041
2016-05-12,3.4877
2016-05-11,3.4645
2016-05-10,3.4772
2016-05-09,3.5387
2016-05-06,3.5362
2016-05-05,3.5296
2016-05-04,3.5397
2016-05-03,3.555
2016-05-02,3.4991
2016-04-29,3.4508
2016-04-28,3.4992
2016-04-27,3.5295
2016-04-26,3.5301
2016-04-25,3.5472
2016-04-22,3.5829
2016-04-20,3.5503
2016-04-19,3.5538
2016-04-18,3.5904
2016-04-15,3.5276
2016-04-14,3.5126
2016-04-13,3.5429
2016-04-12,3.5406
2016-04-11,3.5284
2016-04-08,3.6385
2016-04-07,3.6921
2016-04-06,3.6749
2016-04-05,3.6581
2016-04-04,3.5871
2016-04-01,3.5799
2016-03-31,3.5589
2016-03-30,3.6116
2016-03-29,3.6687
2016-03-28,3.6408
2016-03-24,3.6948
2016-03-23,3.6531
2016-03-22,3.6073
2016-03-21,3.6229
2016-03-18,3.6146
2016-03-17,3.6445
2016-03-16,3.8079
2016-03-15,3.7116
2016-03-14,3.6239
2016-03-11,3.6271
2016-03-10,3.67
2016-03-09,3.7037
2016-03-08,3.7813
2016-03-07,3.7714
2016-03-04,3.7188
2016-03-03,3.8504
2016-03-02,3.9116
2016-03-01,3.9913
2016-02-29,3.9796
2016-02-26,3.9578
2016-02-25,3.94
2016-02-24,3.99
2016-02-23,3.9684
2016-02-22,3.9618
2016-02-19,4.0492
2016-02-18,4.0091
2016-02-17,4.0318
2016-02-16,4.0213
2016-02-15,3.9885
2016-02-12,3.9891
2016-02-11,3.9642
2016-02-10,3.9412
2016-02-05,3.8975
2016-02-04,3.8653
2016-02-03,3.9558
2016-02-02,3.9919
2016-02-01,3.9986
2016-01-29,4.0428
2016-01-28,4.0838
2016-01-27,4.0448
2016-01-26,4.0967
2016-01-25,4.1002
2016-01-22,4.1232
2016-01-21,4.1558
2016-01-20,4.0861
2016-01-19,4.0303
2016-01-18,4.0364
2016-01-15,4.0402
2016-01-14,4.0223
2016-01-13,3.9863
2016-01-12,4.0299
2016-01-11,4.0153
2016-01-08,4.025
2016-01-07,4.0475
2016-01-06,4.0303
2016-01-05,4.0114
2016-01-04,4.0387
2015-12-31,3.9048
2015-12-30,3.9048
2015-12-29,3.8492
2015-12-28,3.9186
2015-12-24,3.9524
2015-12-23,3.9632
2015-12-22,3.977
2015-12-21,3.9831
2015-12-18,3.9062
2015-12-17,3.8929
2015-12-16,3.9357
2015-12-15,3.8703
2015-12-14,3.9023
2015-12-11,3.8548
2015-12-10,3.7685
2015-12-09,3.758
2015-12-08,3.7921
2015-12-07,3.7476
2015-12-04,3.7575
2015-12-03,3.797
2015-12-02,3.8545
2015-12-01,3.8745
2015-11-30,3.8506
2015-11-27,3.7399
2015-11-26,3.7606
2015-11-25,3.7688
2015-11-24,3.7081
2015-11-23,3.7231
2015-11-20,3.701
2015-11-19,3.7442
2015-11-18,3.7921
2015-11-17,3.8052
2015-11-16,3.8336
2015-11-13,3.8023
2015-11-12,3.7996
2015-11-11,3.7327
2015-11-10,3.7981
2015-11-09,3.7928
2015-11-06,3.8059
2015-11-05,3.7893
2015-11-04,3.7687
2015-11-03,3.8126
2015-10-30,3.8589
2015-10-29,3.9328
2015-10-28,3.8797
2015-10-27,3.9114
2015-10-26,3.8582
2015-10-23,3.8988
2015-10-22,3.936
2015-10-21,3.9386
2015-10-20,3.8656
2015-10-19,3.9015
2015-10-16,3.8438
2015-10-15,3.8344
2015-10-14,3.8507
2015-10-13,3.825
2015-10-09,3.7386
2015-10-08,3.8517
2015-10-07,3.806
2015-10-06,3.8567
2015-10-05,3.9141
2015-10-02,4.001
2015-10-01,3.9794
2015-09-30,3.9729
2015-09-29,4.1172
2015-09-28,4.0099
2015-09-25,3.9479
2015-09-24,4.1949
2015-09-23,4.1041
2015-09-22,4.0425
2015-09-21,3.9821
2015-09-18,3.9021
2015-09-17,3.8921
2015-09-16,3.8368
2015-09-15,3.8599
2015-09-14,3.8653
2015-09-11,3.8698
2015-09-10,3.8698
2015-09-09,3.787
2015-09-08,3.8028
2015-09-04,3.7986
2015-09-03,3.776
2015-09-02,3.7314
2015-09-01,3.6725
2015-08-31,3.6467
2015-08-28,3.579
2015-08-27,3.5555
2015-08-26,3.6326
2015-08-25,3.5345
2015-08-24,3.5494
2015-08-21,3.4896
2015-08-20,3.4751
2015-08-19,3.4849
2015-08-18,3.4811
2015-08-17,3.4746
2015-08-14,3.4761
2015-08-13,3.5074
2015-08-12,3.4826
2015-08-11,3.4925
2015-08-10,3.4909
2015-08-07,3.5181
2015-08-06,3.5347
2015-08-05,3.4851
2015-08-04,3.4675
2015-08-03,3.4425
2015-07-31,3.394
2015-07-30,3.3652
2015-07-29,3.3419
2015-07-28,3.3815
2015-07-27,3.3557
